0 0 0.002 0.004 0.006 0.008 0.01 0.012 0.014 0.016 0.018 0.02 0.022 0.024 0.026 0.028 0.03 0.032 0.034 0.036 0.038 0.04 0.042 0.044 0.046 0.048 0.05 0.052 0.054 0.056 0.058 0.06 0.062 0.064 0.066 0.068 0.07 0.072 0.074 0.076 0.078 0.08 0.082 0.084 0.086 0.088 0.09 0.092 0.094 0.096 0.098 0.1 0.098 0.096 0.094 0.092 0.09 0.088 0.086 0.084 0.082 0.08 0.078 0.076 0.074 0.072 0.07 0.068 0.066 0.064 0.062 0.06 0.058 0.056 0.054 0.052 0.05 0.048 0.046 0.044 0.042 0.04 0.038 0.036 0.034 0.032 0.03 0.028 0.026 0.024 0.022 0.02 0.018 0.016 0.014 0.012 0.01 0.008 0.006 0.004 0.002 -0
0.0002 0 0.002 0.004 0.006 0.008 0.01 0.012 0.014 0.016 0.018 0.02 0.022 0.024 0.026 0.028 0.03 0.032 0.034 0.036 0.038 0.04 0.042 0.044 0.046 0.048 0.05 0.052 0.054 0.056 0.058 0.06 0.062 0.064 0.066 0.068 0.07 0.072 0.074 0.076 0.078 0.08 0.082 0.084 0.086 0.088 0.09 0.092 0.094 0.096 0.098 0.082 0.098 0.096 0.094 0.092 0.09 0.088 0.086 0.084 0.082 0.08 0.078 0.076 0.074 0.072 0.07 0.068 0.066 0.064 0.062 0.06 0.058 0.056 0.054 0.052 0.05 0.048 0.046 0.044 0.042 0.04 0.038 0.036 0.034 0.032 0.03 0.028 0.026 0.024 0.022 0.02 0.018 0.016 0.014 0.012 0.01 0.008 0.006 0.004 0.002 0
0.0004 0 0.006 0.012 0.018 0.024 0.03 0.036 0.042 0.048 0.054 0.06 0.066 0.072 0.078 0.084 0.09 0.096 0.102 0.108 0.114 0.12 0.126 0.132 0.138 0.144 0.15 0.156 0.162 0.168 0.174 0.18 0.186 0.192 0.198 0.204 0.21 0.216 0.222 0.228 0.234 0.24 0.246 0.252 0.258 0.264 0.27 0.276 0.282 0.288 0.132 0.552 0.132 0.288 0.282 0.276 0.27 0.264 0.258 0.252 0.246 0.24 0.234 0.228 0.222 0.216 0.21 0.204 0.198 0.192 0.186 0.18 0.174 0.168 0.162 0.156 0.15 0.144 0.138 0.132 0.126 0.12 0.114 0.108 0.102 0.096 0.09 0.084 0.078 0.072 0.066 0.06 0.054 0.048 0.042 0.036 0.03 0.024 0.018 0.012 0.006 0
0.0006 0 0.014 0.028 0.042 0.056 0.07 0.084 0.098 0.112 0.126 0.14 0.154 0.168 0.182 0.196 0.21 0.224 0.238 0.252 0.266 0.28 0.294 0.308 0.322 0.336 0.35 0.364 0.378 0.392 0.406 0.42 0.434 0.448 0.462 0.476 0.49 0.504 0.518 0.532 0.546 0.56 0.574 0.588 0.602 0.616 0.63 0.644 0.658 -0.786 5.546 -6.374 5.546 -0.786 0.658 0.644 0.63 0.616 0.602 0.588 0.574 0.56 0.546 0.532 0.518 0.504 0.49 0.476 0.462 0.448 0.434 0.42 0.406 0.392 0.378 0.364 0.35 0.336 0.322 0.308 0.294 0.28 0.266 0.252 0.238 0.224 0.21 0.196 0.182 0.168 0.154 0.14 0.126 0.112 0.098 0.084 0.07 0.056 0.042 0.028 0.014 0
0.0008 0 0.034 0.068 0.102 0.136 0.17 0.204 0.238 0.272 0.306 0.34 0.374 0.408 0.442 0.476 0.51 0.544 0.578 0.612 0.646 0.68 0.714 0.748 0.782 0.816 0.85 0.884 0.918 0.952 0.986 1.02 1.054 1.088 1.122 1.156 1.19 1.224 1.258 1.292 1.326 1.36 1.394 1.428 1.462 1.496 1.53 1.564 -11.524 68.7 -153.044 202.364 -153.044 68.7 -11.524 1.564 1.53 1.496 1.462 1.428 1.394 1.36 1.326 1.292 1.258 1.224 1.19 1.156 1.122 1.088 1.054 1.02 0.986 0.952 0.918 0.884 0.85 0.816 0.782 0.748 0.714 0.68 0.646 0.612 0.578 0.544 0.51 0.476 0.442 0.408 0.374 0.34 0.306 0.272 0.238 0.204 0.17 0.136 0.102 0.068 0.034 0
0.001 0 0.082 0.164 0.246 0.328 0.41 0.492 0.574 0.656 0.738 0.82 0.902 0.984 1.066 1.148 1.23 1.312 1.394 1.476 1.558 1.64 1.722 1.804 1.886 1.968 2.05 2.132 2.214 2.296 2.378 2.46 2.542 2.624 2.706 2.788 2.87 2.952 3.034 3.116 3.198 3.28 3.362 3.444 3.526 3.608 3.69 -114.326 817.418 -2581.1 4893.83 -5998.99 4893.83 -2581.1 817.418 -114.326 3.69 3.608 3.526 3.444 3.362 3.28 3.198 3.116 3.034 2.952 2.87 2.788 2.706 2.624 2.542 2.46 2.378 2.296 2.214 2.132 2.05 1.968 1.886 1.804 1.722 1.64 1.558 1.476 1.394 1.312 1.23 1.148 1.066 0.984 0.902 0.82 0.738 0.656 0.574 0.492 0.41 0.328 0.246 0.164 0.082 0
0.0012 0 0.198 0.396 0.594 0.792 0.99 1.188 1.386 1.584 1.782 1.98 2.178 2.376 2.574 2.772 2.97 3.168 3.366 3.564 3.762 3.96 4.158 4.356 4.554 4.752 4.95 5.148 5.346 5.544 5.742 5.94 6.138 6.336 6.534 6.732 6.93 7.128 7.326 7.524 7.722 7.92 8.118 8.316 8.514 8.712 -1053.97 9220.75 -37349 92767.5 -155675 184275 -155675 92767.5 -37349 9220.75 -1053.97 8.712 8.514 8.316 8.118 7.92 7.722 7.524 7.326 7.128 6.93 6.732 6.534 6.336 6.138 5.94 5.742 5.544 5.346 5.148 4.95 4.752 4.554 4.356 4.158 3.96 3.762 3.564 3.366 3.168 2.97 2.772 2.574 2.376 2.178 1.98 1.782 1.584 1.386 1.188 0.99 0.792 0.594 0.396 0.198 0
0.0014 0 0.478 0.956 1.434 1.912 2.39 2.868 3.346 3.824 4.302 4.78 5.258 5.736 6.214 6.692 7.17 7.648 8.126 8.604 9.082 9.56 10.038 10.516 10.994 11.472 11.95 12.428 12.906 13.384 13.862 14.34 14.818 15.296 15.774 16.252 16.73 17.208 17.686 18.164 18.642 19.12 19.598 20.076 20.554 -9544.91 99932.4 -493273 1.5163e+06 -3.22408e+06 4.98908e+06 -5.75655e+06 4.98908e+06 -3.22408e+06 1.5163e+06 -493273 99932.4 -9544.91 20.554 20.076 19.598 19.12 18.642 18.164 17.686 17.208 16.73 16.252 15.774 15.296 14.818 14.34 13.862 13.384 12.906 12.428 11.95 11.472 10.994 10.516 10.038 9.56 9.082 8.604 8.126 7.648 7.17 6.692 6.214 5.736 5.258 4.78 4.302 3.824 3.346 2.868 2.39 1.912 1.434 0.956 0.478 0
0.0016 0 1.154 2.308 3.462 4.616 5.77 6.924 8.078 9.232 10.386 11.54 12.694 13.848 15.002 16.156 17.31 18.464 19.618 20.772 21.926 23.08 24.234 25.388 26.542 27.696 28.85 30.004 31.158 32.312 33.466 34.62 35.774 36.928 38.082 39.236 40.39 41.544 42.698 43.852 45.006 46.16 47.314 48.468 -86043.8 1.0523e+06 -6.12534e+06 2.24476e+07 -5.77542e+07 1.10226e+08 -1.60807e+08 1.82092e+08 -1.60807e+08 1.10226e+08 -5.77542e+07 2.24476e+07 -6.12534e+06 1.0523e+06 -86043.8 48.468 47.314 46.16 45.006 43.852 42.698 41.544 40.39 39.236 38.082 36.928 35.774 34.62 33.466 32.312 31.158 30.004 28.85 27.696 26.542 25.388 24.234 23.08 21.926 20.772 19.618 18.464 17.31 16.156 15.002 13.848 12.694 11.54 10.386 9.232 8.078 6.924 5.77 4.616 3.462 2.308 1.154 0
0.0018 0 2.786 5.572 8.35799 11.144 13.93 16.716 19.502 22.288 25.074 27.86 30.646 33.432 36.218 39.004 41.79 44.576 47.362 50.148 52.934 55.72 58.506 61.292 64.078 66.864 69.65 72.436 75.222 78.008 80.794 83.58 86.366 89.152 91.938 94.724 97.51 100.296 103.082 105.868 108.654 111.44 114.226 -774724 1.08479e+07 -7.27488e+07 3.09605e+08 -9.34572e+08 2.11965e+09 -3.73389e+09 5.20876e+09 -5.81375e+09 5.20876e+09 -3.73389e+09 2.11965e+09 -9.34572e+08 3.09605e+08 -7.27488e+07 1.08479e+07 -774724 114.226 111.44 108.654 105.868 103.082 100.296 97.51 94.724 91.938 89.1521 86.3659 83.5801 80.7939 78.0081 75.222 72.436 69.65 66.864 64.078 61.292 58.506 55.72 52.934 50.148 47.3621 44.5759 41.79 39.004 36.218 33.432 30.646 27.86 25.074 22.288 19.502 16.716 13.9301 11.1439 8.35805 5.57197 2.78601 0
0.002 0 6.72607 13.4518 20.1783 26.9036 33.6304 40.3557 47.0821 53.8082 60.5336 67.2605 73.9855 80.7125 87.4375 94.1643 100.89 107.616 114.343 121.067 127.795 134.52 141.246 147.972 154.698 161.424 168.15 174.876 181.601 188.329 195.053 201.781 208.505 215.232 221.958 228.683 235.411 242.136 248.862 255.588 262.314 269.039 -6.97329e+06 1.10028e+08 -8.35364e+08 4.04911e+09 -1.40257e+10 3.68389e+10 -7.59883e+10 1.25808e+11 -1.6943e+11 1.8696e+11 -1.6943e+11 1.25808e+11 -7.59883e+10 3.68389e+10 -1.40257e+10 4.04911e+09 -8.35364e+08 1.10028e+08 -6.97329e+06 269.042 262.312 255.59 248.861 242.137 235.41 228.683 221.96 215.23 208.509 201.777 195.057 188.326 181.603 174.875 168.15 161.424 154.698 147.972 141.246 134.521 127.793 121.07 114.34 107.618 100.888 94.165 87.4374 80.7123 73.9859 67.2601 60.5337 53.8086 47.081 40.3575 33.6281 26.9059 20.1765 13.453 6.72551 0
0.0022 0 16.2355 32.4815 48.7051 64.9637 81.1776 97.4375 113.663 129.899 146.154 162.364 178.635 194.839 211.109 227.321 243.573 259.816 276.029 292.305 308.503 324.773 340.988 357.245 373.464 389.72 405.95 422.175 438.453 454.627 470.94 487.109 503.396 519.613 535.845 552.108 568.315 584.576 600.805 617.042 633.277 -6.27615e+07 1.10182e+09 -9.34226e+09 5.08089e+10 -1.98608e+11 5.92713e+11 -1.40048e+12 2.68176e+12 -4.22543e+12 5.531e+12 -6.04691e+12 5.531e+12 -4.22543e+12 2.68176e+12 -1.40048e+12 5.92713e+11 -1.98608e+11 5.08089e+10 -9.34226e+09 1.10182e+09 -6.27615e+07 633.343 616.992 600.848 584.541 568.335 552.114 535.803 519.692 503.285 487.236 470.816 454.73 438.382 422.212 405.939 389.716 373.474 357.232 341.008 324.739 308.558 292.233 276.106 259.748 243.62 227.297 211.115 194.846 178.623 162.375 146.153 129.883 113.702 97.3772 81.2502 64.8918 48.7645 32.4414 16.2551 0
0.0024 0 39.2907 78.2144 117.903 156.428 196.4 234.92 274.505 313.774 352.439 392.539 430.649 470.985 509.137 549.159 587.961 626.978 666.963 704.983 745.443 783.573 823.597 862.124 901.952 940.644 979.989 1019.72 1057.57 1098.83 1135.64 1177.06 1214.66 1254.6 1293.93 1332.39 1372.53 1411 1450.54 1489.66 -5.64858e+08 1.09206e+10 -1.02281e+11 6.16783e+11 -2.68533e+12 8.97347e+12 -2.38892e+13 5.19148e+13 -9.36173e+13 1.41647e+14 -1.81116e+14 1.96496e+14 -1.81116e+14 1.41647e+14 -9.36173e+13 5.19148e+13 -2.38892e+13 8.97347e+12 -2.68533e+12 6.16783e+11 -1.02281e+11 1.09206e+10 -5.64858e+08 1491.44 1449.09 1412.13 1371.94 1332.11 1295.36 1251.95 1218.31 1172.9 1139.7 1095.43 1059.97 1018.36 980.49 940.679 901.649 862.6 822.846 784.804 743.606 707.319 664.472 629.186 586.366 550.036 508.878 470.827 430.995 392.25 352.407 314.376 273.19 236.891 194.046 158.769 115.944 79.5676 38.6157 0
0.0026 0 91.515 195.794 274.04 390.84 460.909 576.867 659.827 752.005 863.958 929.525 1059.97 1117.16 1246.21 1314.67 1421.43 1522.48 1592.27 1724.23 1778.43 1908.96 1974.71 2093.2 2167.14 2276.9 2369.37 2444.72 2584.28 2612.26 2783.67 2806.88 2953.72 3023.36 3115.9 3232.03 3298.23 3416.34 3498.01 -5.08373e+09 1.07323e+11 -1.10041e+12 7.28693e+12 -3.49664e+13 1.29328e+14 -3.82945e+14 9.30815e+14 -1.8896e+15 3.24262e+15 -4.74319e+15 5.94668e+15 -6.41007e+15 5.94668e+15 -4.74319e+15 3.24262e+15 -1.8896e+15 9.30815e+14 -3.82945e+14 1.29328e+14 -3.49664e+13 7.28693e+12 -1.10041e+12 1.07323e+11 -5.08373e+09 3547.49 3379.83 3315.35 3244.12 3066.51 3111.58 2833.98 2942.9 2650.54 2724.96 2502.97 2492.53 2349.48 2278.11 2176.6 2076.09 2002.11 1865.94 1839.97 1647.84 1673.09 1450.32 1474.76 1283.91 1256.84 1120.46 1050.4 936.996 867.273 730.232 704.075 512.24 537.457 314.493 338.695 150.395 114.512 0
0.0028 0 337.195 235.512 1012.96 517.526 1531.23 1091.67 1677.12 1995.76 1662.87 2835.47 1891.32 3352.02 2456.26 3523.19 3379.45 3390.59 4410.96 3453.69 4989.25 4018.46 5247.69 4647.53 5558.63 5338.87 5564.6 6487.09 5221.86 7614.21 5369.27 7903.4 6427.27 7507.49 7737.99 7347.16 8436.07 7915.8 -4.57536e+10 1.04725e+12 -1.16672e+13 8.41658e+13 -4.41294e+14 1.78962e+15 -5.83314e+15 1.56774e+16 -3.53698e+16 6.78464e+16 -1.11671e+17 1.58736e+17 -1.95707e+17 2.09798e+17 -1.95707e+17 1.58736e+17 -1.11671e+17 6.78464e+16 -3.53698e+16 1.56774e+16 -5.83314e+15 1.78962e+15 -4.41294e+14 8.41658e+13 -1.16672e+13 1.04725e+12 -4.57536e+10 9100.48 7941.85 6862.92 9432.51 4571.1 10364.9 3447.22 9741.75 3877.76 7969.78 4809.94 6324.56 5225.68 5263.82 5253.56 4267.39 5508.39 2928.15 5959.49 1778.4 5754.71 1598.32 4591.84 2038.8 3308.62 2141.68 2659.4 1481.09 2772.8 190.24 3214.83 -964.66 3012.24 -1119.19 1752.12 -440.028 0
0.003 0 -3183.99 8579.02 -9156.02 15008.1 -9555.92 11985.2 1612.89 -1120.28 17739 -12450.2 26486.2 -13386.9 23823 -2534.99 9574.25 17386.7 -7384.53 31067 -10800.2 29746 -3994.41 24989.6 3106.67 16964 19769.5 -4270.64 45946.3 -23895 56534 -17478.8 38815.5 10390.8 12999.9 31244 5687.8 -4.11782e+11 1.01573e+13 -1.22177e+14 9.53699e+14 -5.4244e+15 2.3932e+16 -8.51388e+16 2.50663e+17 -6.22048e+17 1.31856e+18 -2.4108e+18 3.82922e+18 -5.31093e+18 6.45407e+18 -6.88591e+18 6.45407e+18 -5.31093e+18 3.82922e+18 -2.4108e+18 1.31856e+18 -6.22048e+17 2.50663e+17 -8.51388e+16 2.3932e+16 -5.4244e+15 9.53699e+14 -1.22177e+14 1.01573e+13 -4.11782e+11 19916.4 49806.6 -44947.4 108151 -90839.6 128747 -87292.6 100085 -46824.2 54182.5 -8522.82 22962.6 12268.6 3800.04 30581.4 -21508.4 58200.4 -51345.1 78646.6 -60234.6 69020.6 -39451.5 39740.2 -14193.2 20495.8 -9008.51 26059.6 -28592.6 51548.9 -57894.9 72015.7 -66636 61125 -41916.5 22924.1 0
0.0032 0 128492 -248089 359794 -408020 397366 -262158 73654.9 194088 -404296 600065 -654422 670326 -522009 344658 -16143.1 -255089 558647 -657281 725110 -605069 561779 -403176 333434 -60199.4 -196507 666259 -983410 1.31226e+06 -1.27154e+06 1.14571e+06 -678413 307593 174453 -324367 -3.70604e+12 9.80042e+13 -1.26586e+15 1.06306e+16 -6.51901e+16 3.10846e+17 -1.19842e+18 3.83536e+18 -1.03811e+19 2.40915e+19 -4.84279e+19 8.49706e+19 -1.30875e+20 1.77683e+20 -2.13232e+20 2.26558e+20 -2.13232e+20 1.77683e+20 -1.30875e+20 8.49706e+19 -4.84279e+19 2.40915e+19 -1.03811e+19 3.83536e+18 -1.19842e+18 3.10846e+17 -6.51901e+16 1.06306e+16 -1.26586e+15 9.80042e+13 -3.70604e+12 -1.01532e+06 2.15021e+06 -2.94792e+06 3.59588e+06 -3.6597e+06 3.46591e+06 -2.80453e+06 2.14556e+06 -1.36023e+06 836996 -328464 49829.6 330103 -644409 1.14868e+06 -1.58396e+06 2.0591e+06 -2.26078e+06 2.29851e+06 -1.99991e+06 1.61466e+06 -1.11661e+06 772523 -534605 565794 -753883 1.15873e+06 -1.60298e+06 2.04161e+06 -2.27399e+06 2.26746e+06 -1.95609e+06 1.42886e+06 -744473 0
0.0034 0 -4.29186e+06 8.37257e+06 -1.16708e+07 1.33578e+07 -1.2399e+07 8.44571e+06 -1.7895e+06 -6.08229e+06 1.36339e+07 -1.9142e+07 2.19308e+07 -2.13265e+07 1.75108e+07 -1.03604e+07 1.07398e+06 8.98135e+06 -1.71571e+07 2.21014e+07 -2.29737e+07 2.12929e+07 -1.80667e+07 1.45327e+07 -9.50222e+06 2.2125e+06 8.61842e+06 -2.12837e+07 3.35872e+07 -4.13146e+07 4.25229e+07 -3.58984e+07 2.39731e+07 -9.44674e+06 -2.92921e+06 -3.33544e+13 9.41334e+14 -1.29946e+16 1.16821e+17 -7.68315e+17 3.93729e+18 -1.63515e+19 5.65146e+19 -1.65667e+20 4.1769e+20 -9.15367e+20 1.75772e+21 -2.97566e+21 4.46171e+21 -5.94521e+21 7.05634e+21 -7.46999e+21 7.05634e+21 -5.94521e+21 4.46171e+21 -2.97566e+21 1.75772e+21 -9.15367e+20 4.1769e+20 -1.65667e+20 5.65146e+19 -1.63515e+19 3.93729e+18 -7.68315e+17 1.16821e+17 -1.29946e+16 9.41334e+14 -3.33543e+13 -7.01175e+07 9.89897e+07 -1.17094e+08 1.2224e+08 -1.1372e+08 9.54757e+07 -7.18586e+07 4.86609e+07 -2.85987e+07 1.32598e+07 -770254 -1.06291e+07 2.36502e+07 -3.84557e+07 5.42716e+07 -6.75997e+07 7.54698e+07 -7.51827e+07 6.72861e+07 -5.39227e+07 3.93901e+07 -2.72355e+07 2.0619e+07 -2.06581e+07 2.76089e+07 -3.978e+07 5.45023e+07 -6.76165e+07 7.52375e+07 -7.44167e+07 6.46254e+07 -4.72087e+07 2.47942e+07 0
0.0036 0 1.44151e+08 -2.77874e+08 3.82666e+08 -4.30761e+08 3.95013e+08 -2.6309e+08 4.99764e+07 2.0411e+08 -4.45564e+08 6.26953e+08 -7.15762e+08 6.96868e+08 -5.65877e+08 3.33375e+08 -2.96116e+07 -2.88705e+08 5.54816e+08 -7.15457e+08 7.58853e+08 -7.10654e+08 6.12059e+08 -4.81047e+08 3.03076e+08 -4.34144e+07 -3.09732e+08 7.21055e+08 -1.10176e+09 1.34734e+09 -1.37655e+09 1.17398e+09 -7.92355e+08 3.40851e+08 -3.00189e+14 9.00568e+15 -1.32317e+17 1.26788e+18 -8.9022e+18 4.87906e+19 -2.1714e+20 8.06001e+20 -2.5436e+21 6.92234e+21 -1.64227e+22 3.42487e+22 -6.31913e+22 1.0367e+23 -1.51806e+23 1.98963e+23 -2.33851e+23 2.46761e+23 -2.33851e+23 1.98963e+23 -1.51806e+23 1.0367e+23 -6.31913e+22 3.42487e+22 -1.64227e+22 6.92234e+21 -2.5436e+21 8.06001e+20 -2.1714e+20 4.87906e+19 -8.9022e+18 1.26788e+18 -1.32317e+17 9.00568e+15 -3.00187e+14 -3.27168e+09 3.86816e+09 -4.03682e+09 3.78243e+09 -3.20062e+09 2.44911e+09 -1.68405e+09 1.0157e+09 -4.76806e+08 3.60506e+07 3.76314e+08 -8.2081e+08 1.31774e+09 -1.82443e+09 2.25133e+09 -2.49482e+09 2.49002e+09 -2.24053e+09 1.82446e+09 -1.36178e+09 9.76622e+08 -7.61481e+08 7.65147e+08 -9.8644e+08 1.37664e+09 -1.84021e+09 2.25156e+09 -2.48437e+09 2.4517e+09 -2.13059e+09 1.56155e+09 -8.22331e+08 0
0.0038 0 -4.81158e+09 9.19571e+09 -1.2512e+10 1.39046e+10 -1.25773e+10 8.22279e+09 -1.33223e+09 -6.83213e+09 1.46222e+10 -2.05023e+10 2.33885e+10 -2.2706e+10 1.83437e+10 -1.07038e+10 8.76893e+08 9.3551e+09 -1.79317e+10 2.32924e+10 -2.49996e+10 2.373e+10 -2.05363e+10 1.59475e+10 -9.57887e+09 6.36939e+08 1.10631e+10 -2.42616e+10 3.62773e+10 -4.39035e+10 4.47593e+10 -3.83398e+10 2.63352e+10 -2.70172e+15 8.58541e+16 -1.33768e+18 1.36099e+19 -1.0161e+20 5.93079e+20 -2.8158e+21 1.11713e+22 -3.7759e+22 1.10309e+23 -2.8162e+23 6.33721e+23 -1.26542e+24 2.25409e+24 -3.59668e+24 5.15706e+24 -6.66028e+24 7.7602e+24 -8.16497e+24 7.7602e+24 -6.66028e+24 5.15706e+24 -3.59668e+24 2.25409e+24 -1.26542e+24 6.33721e+23 -2.8162e+23 1.10309e+23 -3.7759e+22 1.11713e+22 -2.8158e+21 5.93079e+20 -1.0161e+20 1.36099e+19 -1.33768e+18 8.58541e+16 -2.7016e+15 -1.27784e+11 1.33567e+11 -1.2577e+11 1.07389e+11 -8.32197e+10 5.81768e+10 -3.57276e+10 1.71079e+10 -1.48201e+09 -1.30945e+10 2.84031e+10 -4.49294e+10 6.13667e+10 -7.4962e+10 8.26647e+10 -8.25337e+10 7.47461e+10 -6.16661e+10 4.70377e+10 -3.47626e+10 2.78802e+10 -2.79943e+10 3.50867e+10 -4.75059e+10 6.21517e+10 -7.50139e+10 8.21546e+10 -8.08363e+10 7.02733e+10 -5.16082e+10 2.7236e+10 0
0.004 0 1.59891e+11 -3.03322e+11 4.08478e+11 -4.48709e+11 4.00778e+11 -2.57013e+11 3.38816e+10 2.29128e+11 -4.80411e+11 6.70761e+11 -7.63807e+11 7.39583e+11 -5.94753e+11 3.44579e+11 -2.61978e+10 -3.03463e+11 5.81289e+11 -7.59776e+11 8.23954e+11 -7.90213e+11 6.8629e+11 -5.26678e+11 3.02825e+11 3.1236e+09 -3.89941e+11 8.1497e+11 -1.19502e+12 1.43313e+12 -1.45771e+12 1.25446e+12 -2.43162e+16 8.15915e+17 -1.34374e+19 1.44674e+20 -1.14442e+21 7.08722e+21 -3.57548e+22 1.50981e+23 -5.44131e+23 1.69827e+24 -4.6419e+24 1.12091e+25 -2.40793e+25 4.62713e+25 -7.98875e+25 1.24351e+26 -1.74977e+26 2.23019e+26 -2.57824e+26 2.7057e+26 -2.57824e+26 2.23019e+26 -1.74977e+26 1.24351e+26 -7.98875e+25 4.62713e+25 -2.40793e+25 1.12091e+25 -4.6419e+24 1.69827e+24 -5.44131e+23 1.50981e+23 -3.57548e+22 7.08722e+21 -1.14442e+21 1.44674e+20 -1.34374e+19 8.15911e+17 -2.43111e+16 -4.42309e+12 4.1847e+12 -3.60233e+12 2.82406e+12 -2.00304e+12 1.25022e+12 -6.0909e+11 5.98693e+10 4.52178e+11 -9.77484e+11 1.52812e+12 -2.06271e+12 2.49793e+12 -2.74259e+12 2.73973e+12 -2.49598e+12 2.08454e+12 -1.62182e+12 1.23144e+12 -1.01166e+12 1.01538e+12 -1.24188e+12 1.63662e+12 -2.09894e+12 2.50123e+12 -2.71961e+12 2.66768e+12 -2.3185e+12 1.70488e+12 -9.01072e+11 0
0.0042 0 -5.29296e+12 9.97767e+12 -1.33164e+13 1.44766e+13 -1.27765e+13 8.03237e+12 -7.94404e+11 -7.69165e+12 1.58002e+13 -2.19506e+13 2.49374e+13 -2.40831e+13 1.92919e+13 -1.11125e+13 7.90085e+11 9.86059e+12 -1.88877e+13 2.48269e+13 -2.71582e+13 2.62593e+13 -2.28532e+13 1.73448e+13 -9.56676e+12 -8.33389e+11 1.3613e+13 -2.73285e+13 3.93896e+13 -4.68487e+13 4.75565e+13 -2.18879e+17 7.7323e+18 -1.34213e+20 1.52449e+21 -1.27368e+22 8.34113e+22 -4.4559e+23 1.99528e+24 -7.63748e+24 2.53606e+25 -7.38844e+25 1.90547e+26 -4.38118e+26 9.03226e+26 -1.67731e+27 2.81605e+27 -4.287e+27 5.93112e+27 -7.47017e+27 8.57524e+27 -8.97812e+27 8.57524e+27 -7.47017e+27 5.93112e+27 -4.287e+27 2.81605e+27 -1.67731e+27 9.03226e+26 -4.38118e+26 1.90547e+26 -7.38844e+25 2.53606e+25 -7.63748e+24 1.99528e+24 -4.4559e+23 8.34113e+22 -1.27368e+22 1.52449e+21 -1.34212e+20 7.73214e+18 -2.18691e+17 -1.3931e+14 1.20824e+14 -9.57165e+13 6.87753e+13 -4.35484e+13 2.15534e+13 -2.37161e+12 -1.55065e+13 3.34908e+13 -5.18566e+13 6.92992e+13 -8.32895e+13 9.1103e+13 -9.10653e+13 8.34287e+13 -7.04744e+13 5.584e+13 -4.34391e+13 3.64357e+13 -3.65558e+13 4.3773e+13 -5.63008e+13 7.08859e+13 -8.34617e+13 9.01161e+13 -8.81068e+13 7.65194e+13 -5.63058e+13 2.97883e+13 0
0.0044 0 1.74646e+14 -3.27431e+14 4.33559e+14 -4.6691e+14 4.07405e+14 -2.50913e+14 1.58108e+13 2.58348e+14 -5.20064e+14 7.18519e+14 -8.14065e+14 7.84132e+14 -6.26025e+14 3.58882e+14 -2.3935e+13 -3.20952e+14 6.14972e+14 -8.12403e+14 8.95131e+14 -8.71042e+14 7.58775e+14 -5.69823e+14 3.01974e+14 4.97532e+13 -4.71654e+14 9.15094e+14 -1.29902e+15 1.53353e+15 -1.9711e+18 7.30932e+19 -1.33362e+21 1.59382e+22 -1.40245e+23 9.68356e+23 -5.46067e+24 2.58448e+25 -1.04708e+26 3.68553e+26 -1.14001e+27 3.12702e+27 -7.66142e+27 1.68651e+28 -3.35145e+28 6.03567e+28 -9.88155e+28 1.47441e+29 -2.00887e+29 2.50303e+29 -2.85496e+29 2.98275e+29 -2.85496e+29 2.50303e+29 -2.00887e+29 1.47441e+29 -9.88155e+28 6.03567e+28 -3.35145e+28 1.68651e+28 -7.66142e+27 3.12702e+27 -1.14001e+27 3.68553e+26 -1.04708e+26 2.58448e+25 -5.46067e+24 9.68356e+23 -1.40245e+23 1.59382e+22 -1.33362e+21 7.3087e+19 -1.9649e+18 -4.05201e+15 3.24068e+15 -2.35579e+15 1.51098e+15 -7.58743e+14 9.24275e+13 5.28628e+14 -1.1431e+15 1.75634e+15 -2.32716e+15 2.77875e+15 -3.02958e+15 3.03057e+15 -2.79121e+15 2.38309e+15 -1.92028e+15 1.52674e+15 -1.30394e+15 1.30779e+15 -1.53732e+15 1.93438e+15 -2.39414e+15 2.78691e+15 -2.98869e+15 2.9121e+15 -2.52634e+15 1.85937e+15 -9.84266e+14 0
0.0046 0 -5.74651e+15 1.07227e+16 -1.40993e+16 1.50537e+16 -1.29917e+16 7.83159e+15 -1.86858e+14 -8.67954e+15 1.71286e+16 -2.35254e+16 2.65738e+16 -2.5531e+16 2.03228e+16 -1.16029e+16 7.25129e+14 1.04644e+16 -2.00586e+16 2.66142e+16 -2.95003e+16 2.88481e+16 -2.5131e+16 1.86813e+16 -9.52178e+15 -2.32401e+15 1.62437e+16 -3.06049e+16 4.28613e+16 -1.77761e+19 6.8939e+20 -1.31901e+22 1.65448e+23 -1.52935e+24 1.11041e+25 -6.59147e+25 3.28772e+26 -1.40548e+27 5.22691e+27 -1.7107e+28 4.97257e+28 -1.29319e+29 3.02702e+29 -6.40863e+29 1.23213e+30 -2.15835e+30 3.45404e+30 -5.06067e+30 6.79983e+30 -8.38977e+30 9.51372e+30 -9.92031e+30 9.51372e+30 -8.38977e+30 6.79983e+30 -5.06067e+30 3.45404e+30 -2.15835e+30 1.23213e+30 -6.40863e+29 3.02702e+29 -1.29319e+29 4.97257e+28 -1.7107e+28 5.22691e+27 -1.40548e+27 3.28772e+26 -6.59147e+25 1.11041e+25 -1.52935e+24 1.65448e+23 -1.31899e+22 6.89185e+20 -1.759e+19 -1.09617e+17 8.05264e+16 -5.22501e+16 2.65921e+16 -3.55224e+15 -1.79296e+16 3.88878e+16 -5.93857e+16 7.81198e+16 -9.2754e+16 1.00848e+17 -1.00967e+17 9.34658e+16 -8.06034e+16 6.59689e+16 -5.34892e+16 4.64102e+16 -4.65325e+16 5.38204e+16 -6.63895e+16 8.08686e+16 -9.31194e+16 9.92002e+16 -9.6317e+16 8.34412e+16 -6.14017e+16 3.25124e+16 0
0.0048 0 1.88623e+17 -3.50504e+17 4.58011e+17 -4.85146e+17 4.14242e+17 -2.44163e+17 -4.62596e+15 2.91607e+17 -5.64423e+17 7.70448e+17 -8.67503e+17 8.3135e+17 -6.59996e+17 3.75436e+17 -2.18721e+16 -3.41753e+17 6.55261e+17 -8.7267e+17 9.7206e+17 -9.54122e+17 8.30619e+17 -6.11345e+17 2.99866e+17 9.77312e+16 -5.56731e+17 1.02254e+18 -1.60948e+20 6.48932e+21 -1.29903e+23 1.70635e+24 -1.65314e+25 1.25911e+26 -7.84802e+26 4.11449e+27 -1.85084e+28 7.25146e+28 -2.50347e+29 7.68653e+29 -2.11459e+30 5.24408e+30 -1.17825e+31 2.40842e+31 -4.49406e+31 7.67696e+31 -1.20335e+32 1.73403e+32 -2.30052e+32 2.81309e+32 -3.17296e+32 3.3027e+32 -3.17296e+32 2.81309e+32 -2.30052e+32 1.73403e+32 -1.20335e+32 7.67696e+31 -4.49406e+31 2.40842e+31 -1.17825e+31 5.24408e+30 -2.11459e+30 7.68653e+29 -2.50347e+29 7.25146e+28 -1.85084e+28 4.11449e+27 -7.84802e+26 1.25911e+26 -1.65314e+25 1.70634e+24 -1.29896e+23 6.48311e+21 -1.55828e+20 -2.74758e+18 1.80158e+18 -9.28454e+17 1.34891e+17 6.05422e+17 -1.31919e+18 2.005e+18 -2.6215e+18 3.09756e+18 -3.36009e+18 3.36734e+18 -3.13238e+18 2.72695e+18 -2.26426e+18 1.86877e+18 -1.64406e+18 1.6479e+18 -1.87896e+18 2.27637e+18 -2.73187e+18 3.11332e+18 -3.29512e+18 3.18776e+18 -2.75705e+18 2.02787e+18 -1.0738e+18 0
0.005 0 -6.17825e+18 1.14385e+19 -1.48631e+19 1.56277e+19 -1.32046e+19 7.60099e+18 5.00822e+17 -9.79583e+18 1.86064e+19 -2.5238e+19 2.83228e+19 -2.70746e+19 2.14413e+19 -1.21554e+19 6.53826e+17 1.1179e+19 -2.1434e+19 2.86352e+19 -3.20236e+19 3.15189e+19 -2.74042e+19 1.99746e+19 -9.4299e+18 -3.87781e+18 1.90064e+19 -1.46993e+21 6.09883e+22 -1.27442e+24 1.74947e+25 -1.77266e+26 1.41323e+27 -9.22811e+27 5.07316e+28 -2.39536e+29 9.86125e+29 -3.58134e+30 1.15813e+31 -3.35999e+31 8.79977e+31 -2.09109e+32 4.52777e+32 -8.96496e+32 1.62797e+33 -2.71795e+33 4.18036e+33 -5.93299e+33 7.78004e+33 -9.43546e+33 1.05905e+34 -1.10056e+34 1.05905e+34 -9.43546e+33 7.78004e+33 -5.93299e+33 4.18036e+33 -2.71795e+33 1.62797e+33 -8.96496e+32 4.52777e+32 -2.09109e+32 8.79977e+31 -3.35999e+31 1.15813e+31 -3.58134e+30 9.86125e+29 -2.39536e+29 5.07316e+28 -9.22811e+27 1.41323e+27 -1.77266e+26 1.74944e+25 -1.27421e+24 6.08164e+22 -1.3422e+21 -6.19618e+19 3.23101e+19 -5.0691e+18 -2.03633e+19 4.46396e+19 -6.76055e+19 8.79451e+19 -1.03488e+20 1.12046e+20 -1.12411e+20 1.0506e+20 -9.22815e+19 7.76555e+19 -6.51286e+19 5.80014e+19 -5.81202e+19 6.54356e+19 -7.79857e+19 9.2298e+19 -1.04149e+20 1.09531e+20 -1.0557e+20 9.11369e+19 -6.69849e+19 3.54641e+19 0
0.0052 0 2.01987e+20 -3.72739e+20 4.81863e+20 -5.03138e+20 4.20746e+20 -2.36194e+20 -2.77713e+19 3.2899e+20 -6.13571e+20 8.26942e+20 -9.24846e+20 8.81903e+20 -6.96792e+20 3.93718e+20 -1.92705e+19 -3.66228e+20 7.01928e+20 -9.40155e+20 1.05474e+21 -1.04011e+21 9.0274e+20 -6.51712e+20 2.96049e+20 1.48331e+20 -1.35689e+22 5.72586e+23 -1.2459e+25 1.78398e+26 -1.88691e+27 1.57145e+28 -1.07277e+29 6.17079e+29 -3.05137e+30 1.31684e+31 -5.01844e+31 1.70481e+32 -5.20183e+32 1.43458e+33 -3.59446e+33 8.21796e+33 -1.72067e+34 3.30947e+34 -5.86224e+34 9.58389e+34 -1.44865e+35 2.02745e+35 -2.63027e+35 3.16583e+35 -3.53734e+35 3.67047e+35 -3.53734e+35 3.16583e+35 -2.63027e+35 2.02745e+35 -1.44865e+35 9.58389e+34 -5.86224e+34 3.30947e+34 -1.72067e+34 8.21796e+33 -3.59446e+33 1.43458e+33 -5.20183e+32 1.70481e+32 -5.01844e+31 1.31684e+31 -3.05137e+30 6.17079e+29 -1.07277e+29 1.57144e+28 -1.8869e+27 1.78391e+26 -1.24532e+25 5.68263e+23 -1.07958e+22 -1.12117e+21 1.88761e+20 6.82553e+20 -1.50727e+21 2.27695e+21 -2.94958e+21 3.45883e+21 -3.73919e+21 3.7559e+21 -3.52632e+21 3.12367e+21 -2.66144e+21 2.26484e+21 -2.03891e+21 2.0425e+21 -2.2738e+21 2.66965e+21 -3.11871e+21 3.48596e+21 -3.64326e+21 3.49832e+21 -3.01394e+21 2.2132e+21 -1.17136e+21 0
0.0054 0 -6.59262e+21 1.21299e+22 -1.56076e+22 1.61893e+22 -1.33991e+22 7.32349e+21 1.28e+21 -1.10457e+22 2.02391e+22 -2.71021e+22 3.02055e+22 -2.87323e+22 2.26507e+22 -1.27562e+22 5.56396e+20 1.20147e+22 -2.30097e+22 3.08811e+22 -3.47302e+22 3.42905e+22 -2.96976e+22 2.12365e+22 -9.27664e+21 -1.21833e+23 5.37173e+24 -1.21416e+26 1.81014e+27 -1.995e+28 1.73244e+29 -1.23408e+30 7.41298e+30 -3.83103e+31 1.72942e+32 -6.90056e+32 2.45678e+33 -7.86458e+33 2.278e+34 -6.00186e+34 1.44472e+35 -3.18907e+35 6.47573e+35 -1.21287e+36 2.09999e+36 -3.36752e+36 5.00927e+36 -6.92087e+36 8.89016e+36 -1.06256e+37 1.1823e+37 -1.2251e+37 1.1823e+37 -1.06256e+37 8.89016e+36 -6.92087e+36 5.00927e+36 -3.36752e+36 2.09999e+36 -1.21287e+36 6.47573e+35 -3.18907e+35 1.44472e+35 -6.00186e+34 2.278e+34 -7.86458e+33 2.45678e+33 -6.90056e+32 1.72942e+32 -3.83103e+31 7.41298e+30 -1.23408e+30 1.73243e+29 -1.99497e+28 1.80995e+27 -1.2127e+26 5.27694e+24 -7.74923e+22 -6.97279e+21 -2.28078e+22 5.07966e+22 -7.66106e+22 9.89033e+22 -1.15644e+23 1.24872e+23 -1.25596e+23 1.18442e+23 -1.05761e+23 9.11574e+22 -7.86057e+22 7.14466e+22 -7.15526e+22 7.88557e+22 -9.1325e+22 1.05392e+23 -1.16737e+23 1.2126e+23 -1.15993e+23 9.97178e+22 -7.31459e+22 3.8696e+22 0
0.0056 0 2.14853e+23 -3.94253e+23 5.05076e+23 -5.20592e+23 4.26422e+23 -2.26484e+23 -5.40078e+22 3.70733e+23 -6.6777e+23 8.88461e+23 -9.86721e+23 9.36304e+23 -7.36504e+23 4.13357e+23 -1.55948e+22 -3.94682e+23 7.5492e+23 -1.0147e+24 1.14328e+24 -1.12954e+24 9.75808e+23 -6.91204e+23 -7.56648e+23 5.02115e+25 -1.1798e+27 1.82828e+28 -2.09617e+29 1.89486e+30 -1.40601e+31 8.8037e+31 -4.74614e+32 2.23678e+33 -9.32542e+33 3.47215e+34 -1.1635e+35 3.53135e+35 -9.75949e+35 2.467e+36 -5.72547e+36 1.22391e+37 -2.41644e+37 4.41671e+37 -7.4882e+37 1.1796e+38 -1.72889e+38 2.36031e+38 -3.00424e+38 3.56745e+38 -3.95411e+38 4.09197e+38 -3.95411e+38 3.56745e+38 -3.00424e+38 2.36031e+38 -1.72889e+38 1.1796e+38 -7.4882e+37 4.41671e+37 -2.41644e+37 1.22391e+37 -5.72547e+36 2.467e+36 -9.75949e+35 3.53135e+35 -1.1635e+35 3.47215e+34 -9.32542e+33 2.23678e+33 -4.74614e+32 8.8037e+31 -1.406e+31 1.89485e+30 -2.09611e+29 1.82779e+28 -1.17657e+27 4.86685e+25 -7.90947e+23 7.60022e+23 -1.70902e+24 2.57535e+24 -3.31569e+24 3.86773e+24 -4.17285e+24 4.20312e+24 -3.98082e+24 3.5817e+24 -3.12048e+24 2.72339e+24 -2.49661e+24 2.4996e+24 -2.72986e+24 3.1221e+24 -3.56195e+24 3.91115e+24 -4.03838e+24 3.8482e+24 -3.30075e+24 2.41827e+24 -1.27862e+24 0
0.0058 0 -6.99252e+24 1.27995e+25 -1.63304e+25 1.67291e+25 -1.35598e+25 6.9828e+24 2.16364e+24 -1.24388e+25 2.20373e+25 -2.91329e+25 3.22406e+25 -3.05186e+25 2.39537e+25 -1.33954e+25 4.18147e+23 1.29809e+25 -2.47861e+25 3.33498e+25 -3.76254e+25 3.71787e+25 -3.20293e+25 1.30529e+25 4.5778e+26 -1.14285e+28 1.8388e+29 -2.18982e+30 2.0574e+31 -1.58765e+32 1.03452e+33 -5.8079e+33 2.85246e+34 -1.24027e+35 4.82005e+35 -1.68732e+36 5.35477e+36 -1.54887e+37 4.10192e+37 -9.98449e+37 2.24107e+38 -4.65154e+38 8.94934e+38 -1.5993e+39 2.65935e+39 -4.12066e+39 5.95715e+39 -8.04324e+39 1.01507e+40 -1.19811e+40 1.32319e+40 -1.36768e+40 1.32319e+40 -1.19811e+40 1.01507e+40 -8.04324e+39 5.95715e+39 -4.12066e+39 2.65935e+39 -1.5993e+39 8.94934e+38 -4.65154e+38 2.24107e+38 -9.98449e+37 4.10192e+37 -1.54887e+37 5.35477e+36 -1.68732e+36 4.82005e+35 -1.24027e+35 2.85246e+34 -5.80789e+33 1.03452e+33 -1.58764e+32 2.05738e+31 -2.18965e+30 1.8377e+29 -1.1375e+28 4.57505e+26 -3.46828e+25 5.74134e+25 -8.65045e+25 1.11138e+26 -1.29396e+26 1.39528e+26 -1.40759e+26 1.33875e+26 -1.21325e+26 1.06765e+26 -9.42067e+25 8.70241e+25 -8.71035e+25 9.4352e+25 -1.06671e+26 1.20396e+26 -1.31098e+26 1.3457e+26 -1.27739e+26 1.0931e+26 -7.99798e+25 4.22611e+25 0
0.006 0 2.27291e+26 -4.15093e+26 5.2755e+26 -5.37199e+26 4.30791e+26 -2.14517e+26 -8.3776e+25 4.17199e+26 -7.2741e+26 9.55516e+26 -1.0537e+27 9.94983e+26 -7.79221e+26 4.34085e+26 -1.04365e+25 -4.274e+26 8.14309e+26 -1.09632e+27 1.23791e+27 -1.22288e+27 9.65529e+26 3.62222e+27 -1.10064e+29 1.84194e+30 -2.27545e+31 2.21876e+32 -1.77798e+33 1.2038e+34 -7.02663e+34 3.59046e+35 -1.62538e+36 6.58143e+36 -2.40235e+37 7.95628e+37 -2.40377e+38 6.65538e+38 -1.69529e+39 3.98612e+39 -8.67643e+39 1.75261e+40 -3.29232e+40 5.76216e+40 -9.41042e+40 1.43597e+41 -2.04962e+41 2.73898e+41 -3.4293e+41 4.02496e+41 -4.43026e+41 4.57412e+41 -4.43026e+41 4.02496e+41 -3.4293e+41 2.73898e+41 -2.04962e+41 1.43597e+41 -9.41042e+40 5.76216e+40 -3.29232e+40 1.75261e+40 -8.67643e+39 3.98612e+39 -1.69529e+39 6.65538e+38 -2.40377e+38 7.95628e+37 -2.40235e+37 6.58143e+36 -1.62538e+36 3.59046e+35 -7.02663e+34 1.2038e+34 -1.77798e+33 2.21871e+32 -2.27507e+31 1.84009e+30 -1.10008e+29 5.18995e+27 -2.01101e+27 2.90361e+27 -3.72463e+27 4.3302e+27 -4.66802e+27 4.71697e+27 -4.50473e+27 4.11053e+27 -3.65114e+27 3.25413e+27 -3.02667e+27 3.02854e+27 -3.25633e+27 3.64259e+27 -4.06982e+27 4.39617e+27 -4.48669e+27 4.24259e+27 -3.62173e+27 2.64624e+27 -1.39727e+27 0
0.0062 0 -7.37949e+27 1.34479e+28 -1.70278e+28 1.7237e+28 -1.36717e+28 6.56239e+27 3.16672e+27 -1.39883e+28 2.4015e+28 -3.13474e+28 3.44459e+28 -3.24465e+28 2.53531e+28 -1.40657e+28 2.27568e+26 1.40862e+28 -2.67672e+28 3.60443e+28 -4.07169e+28 3.94342e+28 6.11355e+27 -1.03983e+30 1.83716e+31 -2.35263e+32 2.37772e+33 -1.97589e+34 1.38807e+35 -8.41165e+35 4.46505e+36 -2.10114e+37 8.84989e+37 -3.36267e+38 1.16016e+39 -3.6543e+39 1.05573e+40 -2.80851e+40 6.90305e+40 -1.57223e+41 3.32657e+41 -6.55279e+41 1.204e+42 -2.06679e+42 3.31929e+42 -4.99327e+42 7.04281e+42 -9.32144e+42 1.15846e+43 -1.35255e+43 1.48408e+43 -1.53067e+43 1.48408e+43 -1.35255e+43 1.15846e+43 -9.32144e+42 7.04281e+42 -4.99327e+42 3.31929e+42 -2.06679e+42 1.204e+42 -6.55279e+41 3.32657e+41 -1.57223e+41 6.90305e+40 -2.80851e+40 1.05573e+40 -3.6543e+39 1.16016e+39 -3.36267e+38 8.84989e+37 -2.10114e+37 4.46505e+36 -8.41165e+35 1.38807e+35 -1.97587e+34 2.37759e+33 -2.352e+32 1.83681e+31 -1.09124e+30 1.05076e+29 -9.81649e+28 1.24809e+29 -1.44946e+29 1.56252e+29 -1.58167e+29 1.51657e+29 -1.39293e+29 1.24807e+29 -1.12261e+29 1.05058e+29 -1.05091e+29 1.12236e+29 -1.24324e+29 1.37586e+29 -1.47478e+29 1.4967e+29 -1.40985e+29 1.20056e+29 -8.75908e+28 4.62148e+28 0
0.0064 0 2.3933e+29 -4.35246e+29 5.49135e+29 -5.52624e+29 4.33372e+29 -1.99757e+29 -1.17584e+29 4.68866e+29 -7.92989e+29 1.02866e+30 -1.12633e+30 1.05833e+30 -8.25039e+29 4.55711e+29 -3.46645e+27 -4.64664e+29 8.80264e+29 -1.18516e+30 1.33201e+30 -9.436e+29 -9.10044e+30 1.8204e+32 -2.42079e+33 2.53309e+34 -2.18013e+35 1.58703e+36 -9.97101e+36 5.49054e+37 -2.68184e+38 1.17322e+39 -4.63311e+39 1.66247e+40 -5.45016e+40 1.64005e+41 -4.54811e+41 1.16632e+42 -2.77396e+42 6.13474e+42 -1.26437e+43 2.43319e+43 -4.37955e+43 7.38359e+43 -1.16743e+44 1.73295e+44 -2.41722e+44 3.17063e+44 -3.91319e+44 4.54639e+44 -4.97386e+44 5.125e+44 -4.97386e+44 4.54639e+44 -3.91319e+44 3.17063e+44 -2.41722e+44 1.73295e+44 -1.16743e+44 7.38359e+43 -4.37955e+43 2.43319e+43 -1.26437e+43 6.13474e+42 -2.77396e+42 1.16632e+42 -4.54811e+41 1.64005e+41 -5.45016e+40 1.66247e+40 -4.63311e+39 1.17322e+39 -2.68184e+38 5.49054e+37 -9.971e+36 1.58702e+36 -2.18009e+35 2.53287e+34 -2.42062e+33 1.83724e+32 -1.23879e+31 3.64251e+30 -4.18868e+30 4.85303e+30 -5.23272e+30 5.30657e+30 -5.10815e+30 4.72097e+30 -4.26454e+30 3.86821e+30 -3.64011e+30 3.64013e+30 -3.86376e+30 4.24122e+30 -4.65167e+30 4.94936e+30 -4.99539e+30 4.68755e+30 -3.98171e+30 2.90054e+30 -1.52915e+30 0
0.0066 0 -7.75387e+30 1.40736e+31 -1.7694e+31 1.77018e+31 -1.37191e+31 6.04477e+30 4.30649e+30 -1.5711e+31 2.61896e+31 -3.37639e+31 3.68387e+31 -3.45281e+31 2.68523e+31 -1.4762e+31 -2.48845e+28 1.53399e+31 -2.89594e+31 3.89092e+31 -4.05118e+31 -5.47788e+31 1.77548e+33 -2.47827e+34 2.68367e+35 -2.38944e+36 1.80018e+37 -1.17113e+38 6.68107e+38 -3.38272e+39 1.53485e+40 -6.29041e+40 2.344e+41 -7.98544e+41 2.49886e+42 -7.21156e+42 1.92604e+43 -4.77481e+43 1.10162e+44 -2.37072e+44 4.76831e+44 -8.97918e+44 1.58544e+45 -2.62829e+45 4.09539e+45 -6.0039e+45 8.28782e+45 -1.07797e+46 1.3218e+46 -1.52861e+46 1.66773e+46 -1.71683e+46 1.66773e+46 -1.52861e+46 1.3218e+46 -1.07797e+46 8.28782e+45 -6.0039e+45 4.09539e+45 -2.62829e+45 1.58544e+45 -8.97918e+44 4.76831e+44 -2.37072e+44 1.10162e+44 -4.77481e+43 1.92604e+43 -7.21156e+42 2.49886e+42 -7.98544e+41 2.344e+41 -6.29041e+40 1.53485e+40 -3.38272e+39 6.68107e+38 -1.17113e+38 1.80017e+37 -2.38936e+36 2.6836e+35 -2.48377e+34 1.88461e+33 -2.07568e+32 1.43603e+32 -1.62586e+32 1.75316e+32 -1.78131e+32 1.7213e+32 -1.60029e+32 1.4566e+32 -1.33145e+32 1.25922e+32 -1.25882e+32 1.32865e+32 -1.44623e+32 1.5728e+32 -1.66161e+32 1.66808e+32 -1.55936e+32 1.3212e+32 -9.6094e+31 5.06175e+31 0
0.0068 0 2.50963e+32 -4.54644e+32 5.69632e+32 -5.66499e+32 4.33657e+32 -1.81629e+32 -1.56018e+32 5.2631e+32 -8.651e+32 1.10851e+33 -1.20517e+33 1.12673e+33 -8.74073e+32 4.78095e+32 5.59579e+30 -5.06762e+32 9.52473e+32 -1.24897e+33 5.06694e+32 1.64903e+34 -2.51954e+35 2.82799e+36 -2.60243e+37 2.02688e+38 -1.36377e+39 8.05038e+39 -4.21982e+40 1.98328e+41 -8.42426e+41 3.25538e+42 -1.15081e+43 3.73926e+43 -1.12127e+44 3.11383e+44 -8.03259e+44 1.92994e+45 -4.32875e+45 9.08223e+45 -1.78569e+46 3.29515e+46 -5.71467e+46 9.3254e+46 -1.43333e+47 2.07685e+47 -2.83899e+47 3.66345e+47 -4.46472e+47 5.1409e+47 -5.59423e+47 5.75396e+47 -5.59423e+47 5.1409e+47 -4.46472e+47 3.66345e+47 -2.83899e+47 2.07685e+47 -1.43333e+47 9.3254e+46 -5.71467e+46 3.29515e+46 -1.78569e+46 9.08223e+45 -4.32875e+45 1.92994e+45 -8.03259e+44 3.11383e+44 -1.12127e+44 3.73926e+43 -1.15081e+43 3.25538e+42 -8.42426e+41 1.98328e+41 -4.21982e+40 8.05037e+39 -1.36377e+39 2.02685e+38 -2.6024e+37 2.82979e+36 -2.55574e+35 2.15786e+34 -5.63323e+33 5.47651e+33 -5.87675e+33 5.98242e+33 -5.80263e+33 5.42529e+33 -4.97339e+33 4.57843e+33 -4.34964e+33 4.34683e+33 -4.56424e+33 4.9295e+33 -5.31818e+33 5.58031e+33 -5.57279e+33 5.19001e+33 -4.38617e+33 3.18504e+33 -1.67625e+33 0
0.007 0 -8.11496e+33 1.46737e+34 -1.83221e+34 1.81113e+34 -1.36854e+34 5.41087e+33 5.60271e+33 -1.76267e+34 2.85811e+34 -3.64023e+34 3.94367e+34 -3.67754e+34 2.84554e+34 -1.54806e+34 -3.47561e+32 1.67461e+34 -3.10701e+34 3.3155e+34 1.29024e+35 -2.52692e+36 2.96333e+37 -2.81759e+38 2.2663e+39 -1.57536e+40 9.6116e+40 -5.20981e+41 2.53325e+42 -1.11383e+43 4.45775e+43 -1.63303e+44 5.50196e+44 -1.7118e+45 4.93551e+45 -1.32278e+46 3.30433e+46 -7.71148e+46 1.6848e+47 -3.45223e+47 6.6449e+47 -1.20315e+48 2.05178e+48 -3.29901e+48 5.00587e+48 -7.17405e+48 9.71694e+48 -1.24456e+49 1.50807e+49 -1.72938e+49 1.87728e+49 -1.92931e+49 1.87728e+49 -1.72938e+49 1.50807e+49 -1.24456e+49 9.71694e+48 -7.17405e+48 5.00587e+48 -3.29901e+48 2.05178e+48 -1.20315e+48 6.6449e+47 -3.45223e+47 1.6848e+47 -7.71148e+46 3.30433e+46 -1.32278e+46 4.93551e+45 -1.7118e+45 5.50196e+44 -1.63303e+44 4.45775e+43 -1.11383e+43 2.53324e+42 -5.20981e+41 9.61158e+40 -1.57535e+40 2.26629e+39 -2.81817e+38 2.97534e+37 -2.69633e+36 3.33771e+35 -1.91376e+35 1.97334e+35 -2.01011e+35 1.95684e+35 -1.83949e+35 1.69754e+35 -1.57295e+35 1.50047e+35 -1.499e+35 1.56648e+35 -1.67958e+35 1.79836e+35 -1.8747e+35 1.86264e+35 -1.72827e+35 1.45686e+35 -1.05619e+35 5.55361e+34 0
0.0072 0 2.62154e+35 -4.73168e+35 5.88788e+35 -5.78414e+35 4.31099e+35 -1.595e+35 -1.99742e+35 5.90208e+35 -9.44424e+35 1.19571e+36 -1.29079e+36 1.20056e+36 -9.26465e+35 5.01138e+35 1.69567e+34 -5.51204e+35 9.47185e+35 3.49855e+35 -2.45078e+37 3.08309e+38 -3.03296e+39 2.51744e+40 -1.80605e+41 1.1377e+42 -6.36983e+42 3.2008e+43 -1.45507e+44 6.02407e+44 -2.28406e+45 7.96907e+45 -2.56905e+46 7.67975e+46 -2.13537e+47 5.53765e+47 -1.34258e+48 3.04947e+48 -6.50104e+48 1.30294e+49 -2.45851e+49 4.37299e+49 -7.34051e+49 1.16396e+50 -1.74495e+50 2.47498e+50 -3.32332e+50 4.22675e+50 -5.09392e+50 5.81896e+50 -6.30207e+50 6.47176e+50 -6.30207e+50 5.81896e+50 -5.09392e+50 4.22675e+50 -3.32332e+50 2.47498e+50 -1.74495e+50 1.16396e+50 -7.34051e+49 4.37299e+49 -2.45851e+49 1.30294e+49 -6.50104e+48 3.04947e+48 -1.34258e+48 5.53765e+47 -2.13537e+47 7.67975e+46 -2.56905e+46 7.96907e+45 -2.28406e+45 6.02407e+44 -1.45507e+44 3.2008e+43 -6.36983e+42 1.1377e+42 -1.80604e+41 2.51763e+40 -3.03693e+39 3.13947e+38 -3.13353e+37 7.84745e+36 -6.6947e+36 6.75932e+36 -6.60138e+36 6.23754e+36 -5.79223e+36 5.39951e+36 -5.16987e+36 5.163e+36 -5.37165e+36 5.72062e+36 -6.08156e+36 6.3e+36 -6.22847e+36 5.75797e+36 -4.84138e+36 3.50408e+36 -1.84082e+36 0
0.0074 0 -8.46109e+36 1.52438e+37 -1.89032e+37 1.84517e+37 -1.35525e+37 4.63962e+36 7.07786e+36 -1.97585e+37 3.12126e+37 -3.92846e+37 4.22585e+37 -3.92011e+37 3.01672e+37 -1.62193e+37 -7.2225e+35 1.75133e+37 -1.69982e+37 -2.1761e+38 3.17018e+39 -3.24526e+40 2.77901e+41 -2.05581e+42 1.33578e+43 -7.71729e+43 4.00325e+44 -1.87954e+45 8.04038e+45 -3.15157e+46 1.13733e+47 -3.7944e+47 1.1745e+48 -3.38352e+48 9.09659e+48 -2.28785e+49 5.39434e+49 -1.19461e+50 2.48895e+50 -4.88591e+50 9.04859e+50 -1.58279e+51 2.61767e+51 -4.09674e+51 6.07197e+51 -8.52858e+51 1.13586e+52 -1.43508e+52 1.72065e+52 -1.9584e+52 2.11637e+52 -2.17178e+52 2.11637e+52 -1.9584e+52 1.72065e+52 -1.43508e+52 1.13586e+52 -8.52858e+51 6.07197e+51 -4.09674e+51 2.61767e+51 -1.58279e+51 9.04859e+50 -4.88591e+50 2.48895e+50 -1.19461e+50 5.39434e+49 -2.28785e+49 9.09659e+48 -3.38352e+48 1.1745e+48 -3.7944e+47 1.13733e+47 -3.15157e+46 8.04038e+45 -1.87954e+45 4.00324e+44 -7.71728e+43 1.33578e+43 -2.05587e+42 2.78033e+41 -3.26403e+40 3.39785e+39 -4.68021e+38 2.38773e+38 -2.28015e+38 2.2279e+38 -2.11527e+38 1.97579e+38 -1.85208e+38 1.77931e+38 -1.77632e+38 1.84056e+38 -1.94777e+38 2.0567e+38 -2.11778e+38 2.08364e+38 -1.91929e+38 1.60966e+38 -1.16311e+38 6.10454e+37 0
0.0076 0 2.72834e+38 -4.90653e+38 6.063e+38 -5.87907e+38 4.25093e+38 -1.32665e+38 -2.49515e+38 6.6134e+38 -1.03173e+39 1.29099e+39 -1.3838e+39 1.28025e+39 -9.82385e+38 5.25014e+38 2.32192e+37 -4.40247e+38 -1.52795e+39 3.18607e+40 -3.4478e+41 3.04919e+42 -2.32438e+43 1.5564e+44 -9.26964e+44 4.95905e+45 -2.4022e+46 1.06071e+47 -4.29349e+47 1.60081e+48 -5.52061e+48 1.76731e+49 -5.26843e+49 1.46653e+50 -3.82117e+50 9.3397e+50 -2.1455e+51 4.63997e+51 -9.46128e+51 1.82143e+52 -3.31448e+52 5.70712e+52 -9.30719e+52 1.43871e+53 -2.10954e+53 2.9358e+53 -3.87984e+53 4.87121e+53 -5.81226e+53 6.59258e+53 -7.10966e+53 7.29079e+53 -7.10966e+53 6.59258e+53 -5.81226e+53 4.87121e+53 -3.87984e+53 2.9358e+53 -2.10954e+53 1.43871e+53 -9.30719e+52 5.70712e+52 -3.31448e+52 1.82143e+52 -9.46128e+51 4.63997e+51 -2.1455e+51 9.3397e+50 -3.82117e+50 1.46653e+50 -5.26843e+49 1.76731e+49 -5.52061e+48 1.60081e+48 -4.29349e+47 1.06071e+47 -2.4022e+46 4.95904e+45 -9.26963e+44 1.55642e+44 -2.32482e+43 3.05543e+42 -3.52371e+41 4.02258e+40 -1.00914e+40 7.80906e+39 -7.52711e+39 7.17399e+39 -6.73767e+39 6.34832e+39 -6.11762e+39 6.10515e+39 -6.30194e+39 6.62968e+39 -6.9558e+39 7.12105e+39 -6.97341e+39 6.40059e+39 -5.35446e+39 3.86258e+39 -2.02536e+39 0
0.0078 0 -8.78968e+39 1.57779e+40 -1.94267e+40 1.87075e+40 -1.33002e+40 3.70749e+39 8.75739e+39 -2.21324e+40 3.41099e+40 -4.24349e+40 4.53242e+40 -4.18188e+40 3.19957e+40 -1.70489e+40 3.90667e+38 -6.48112e+39 3.07215e+41 -3.62676e+42 3.32491e+43 -2.61117e+44 1.80038e+45 -1.10442e+46 6.0877e+46 -3.03963e+47 1.38402e+48 -5.77936e+48 2.22396e+49 -7.91941e+49 2.61909e+50 -8.06993e+50 2.32306e+51 -6.26304e+51 1.58486e+52 -3.77149e+52 8.45474e+52 -1.7882e+53 3.57318e+53 -6.75371e+53 1.20879e+54 -2.05067e+54 3.30025e+54 -5.04226e+54 7.31839e+54 -1.00962e+55 1.32454e+55 -1.65312e+55 1.96342e+55 -2.21974e+55 2.38917e+55 -2.44844e+55 2.38917e+55 -2.21974e+55 1.96342e+55 -1.65312e+55 1.32454e+55 -1.00962e+55 7.31839e+54 -5.04226e+54 3.30025e+54 -2.05067e+54 1.20879e+54 -6.75371e+53 3.57318e+53 -1.7882e+53 8.45474e+52 -3.77149e+52 1.58486e+52 -6.26304e+51 2.32306e+51 -8.06993e+50 2.61909e+50 -7.91941e+49 2.22396e+49 -5.77936e+48 1.38402e+48 -3.03962e+47 6.08769e+46 -1.10442e+46 1.80052e+45 -2.61325e+44 3.35023e+43 -3.90625e+42 5.94015e+41 -2.8374e+41 2.55504e+41 -2.43378e+41 2.29701e+41 -2.17456e+41 2.10141e+41 -2.09636e+41 2.15629e+41 -2.25589e+41 2.35255e+41 -2.39511e+41 2.33478e+41 -2.13552e+41 1.78201e+41 -1.28336e+41 6.72301e+40 0
0.008 0 2.82909e+41 -5.06885e+41 6.21803e+41 -5.9445e+41 4.14963e+41 -1.00338e+41 -3.06192e+41 7.40586e+41 -1.1279e+42 1.39516e+42 -1.48485e+42 1.36626e+42 -1.04272e+42 5.64785e+41 -2.17998e+41 2.87171e+42 -3.76161e+43 3.60067e+44 -2.91502e+45 2.06836e+46 -1.30577e+47 7.40958e+47 -3.81002e+48 1.78725e+49 -7.69183e+49 3.05188e+50 -1.12102e+51 3.82604e+51 -1.21717e+52 3.61942e+52 -1.00852e+53 2.639e+53 -6.49761e+53 1.50794e+54 -3.30372e+54 6.84255e+54 -1.34143e+55 2.49191e+55 -4.39082e+55 7.34491e+55 -1.16733e+56 1.76388e+56 -2.53552e+56 3.46908e+56 -4.51961e+56 5.60903e+56 -6.63287e+56 7.47552e+56 -8.03114e+56 8.22529e+56 -8.03114e+56 7.47552e+56 -6.63287e+56 5.60903e+56 -4.51961e+56 3.46908e+56 -2.53552e+56 1.76388e+56 -1.16733e+56 7.34491e+55 -4.39082e+55 2.49191e+55 -1.34143e+55 6.84255e+54 -3.30372e+54 1.50794e+54 -6.49761e+53 2.639e+53 -1.00852e+53 3.61942e+52 -1.21717e+52 3.82604e+51 -1.12102e+51 3.05188e+50 -7.69183e+49 1.78725e+49 -3.81002e+48 7.4096e+47 -1.30582e+47 2.06905e+46 -2.92347e+45 3.69407e+44 -4.72242e+43 1.21933e+43 -8.83965e+42 8.26807e+42 -7.82946e+42 7.44422e+42 -7.2122e+42 7.19221e+42 -7.37339e+42 7.67401e+42 -7.95694e+42 8.0579e+42 -7.82019e+42 7.12834e+42 -5.93356e+42 4.26612e+42 -2.23273e+42 0
0.0082 0 -9.09729e+42 1.62683e+43 -1.98803e+43 1.88608e+43 -1.29058e+43 2.58805e+42 1.06701e+43 -2.47783e+43 3.73021e+43 -4.58797e+43 4.86558e+43 -4.46502e+43 3.4095e+43 -2.04001e+43 3.44168e+43 -3.86461e+44 3.86861e+45 -3.23385e+46 2.36066e+47 -1.53262e+48 8.9458e+48 -4.73317e+49 2.28542e+50 -1.01282e+51 4.13962e+51 -1.56703e+52 5.51397e+52 -1.80931e+53 5.55192e+53 -1.59713e+54 4.3168e+54 -1.09842e+55 2.63586e+55 -5.9746e+55 1.28098e+56 -2.60121e+56 5.00841e+56 -9.15283e+56 1.58905e+57 -2.62301e+57 4.11957e+57 -6.15981e+57 8.7738e+57 -1.19102e+58 1.54149e+58 -1.90282e+58 2.24083e+58 -2.51806e+58 2.70044e+58 -2.7641e+58 2.70044e+58 -2.51806e+58 2.24083e+58 -1.90282e+58 1.54149e+58 -1.19102e+58 8.7738e+57 -6.15981e+57 4.11957e+57 -2.62301e+57 1.58905e+57 -9.15283e+56 5.00841e+56 -2.60121e+56 1.28098e+56 -5.9746e+55 2.63586e+55 -1.09842e+55 4.3168e+54 -1.59713e+54 5.55192e+53 -1.80931e+53 5.51397e+52 -1.56703e+52 4.13962e+51 -1.01282e+51 2.28542e+50 -4.73318e+49 8.94596e+48 -1.53285e+48 2.36348e+47 -3.26506e+46 4.19058e+45 -6.99951e+44 3.25842e+44 -2.82555e+44 2.66912e+44 -2.547e+44 2.47333e+44 -2.46555e+44 2.51986e+44 -2.60983e+44 2.69134e+44 -2.7116e+44 2.62033e+44 -2.38051e+44 1.97665e+44 -1.41883e+44 7.4186e+43 0
0.0084 0 2.92255e+44 -5.21598e+44 6.34869e+44 -5.97442e+44 3.99947e+44 -6.16307e+43 -3.7074e+44 8.28943e+44 -1.23388e+45 1.50909e+45 -1.59475e+45 1.46053e+45 -1.13201e+45 9.43572e+44 -4.21263e+45 4.13135e+46 -3.5646e+47 2.67719e+48 -1.78646e+49 1.07179e+50 -5.83043e+50 2.89544e+51 -1.32018e+52 5.55364e+52 -2.16459e+53 7.84543e+53 -2.65276e+54 8.3917e+54 -2.48978e+55 6.94382e+55 -1.82401e+56 4.52089e+56 -1.05896e+57 2.34756e+57 -4.93168e+57 9.82924e+57 -1.86055e+58 3.34785e+58 -5.73134e+58 9.34192e+58 -1.45075e+59 2.14774e+59 -3.03265e+59 4.08609e+59 -5.25537e+59 6.45421e+59 -7.57076e+59 8.48352e+59 -9.08269e+59 9.29159e+59 -9.08269e+59 8.48352e+59 -7.57076e+59 6.45421e+59 -5.25537e+59 4.08609e+59 -3.03265e+59 2.14774e+59 -1.45075e+59 9.34192e+58 -5.73134e+58 3.34785e+58 -1.86055e+58 9.82924e+57 -4.93168e+57 2.34756e+57 -1.05896e+57 4.52089e+56 -1.82401e+56 6.94382e+55 -2.48978e+55 8.3917e+54 -2.65276e+54 7.84543e+53 -2.16459e+53 5.55364e+52 -1.32018e+52 2.89544e+51 -5.83048e+50 1.07187e+50 -1.7874e+49 2.68762e+48 -3.67252e+47 5.18592e+46 -1.40649e+46 9.86393e+45 -9.11371e+45 8.71085e+45 -8.47584e+45 8.44595e+45 -8.60699e+45 8.87347e+45 -9.10338e+45 9.12711e+45 -8.78324e+45 7.95322e+45 -6.58798e+45 4.72105e+45 -2.46615e+45 0
0.0086 0 -9.37956e+45 1.6706e+46 -2.02491e+46 1.88913e+46 -1.23437e+46 1.25155e+45 1.28483e+46 -2.77295e+46 4.08218e+46 -4.9649e+46 5.22911e+46 -4.79539e+46 3.97832e+46 -6.32194e+46 4.4775e+47 -3.90745e+48 3.01737e+49 -2.06857e+50 1.27478e+51 -7.12457e+51 3.63612e+52 -1.70438e+53 7.37345e+53 -2.95654e+54 1.10282e+55 -3.83914e+55 1.25086e+56 -3.82403e+56 1.09939e+57 -2.9783e+57 7.61649e+57 -1.84166e+58 4.21665e+58 -9.15364e+58 1.88626e+59 -3.69363e+59 6.87959e+59 -1.21984e+60 2.06068e+60 -3.31883e+60 5.09906e+60 -7.4776e+60 1.04715e+61 -1.40089e+61 1.79103e+61 -2.18893e+61 2.55796e+61 -2.85869e+61 3.05569e+61 -3.1243e+61 3.05569e+61 -2.85869e+61 2.55796e+61 -2.18893e+61 1.79103e+61 -1.40089e+61 1.04715e+61 -7.4776e+60 5.09906e+60 -3.31883e+60 2.06068e+60 -1.21984e+60 6.87959e+59 -3.69363e+59 1.88626e+59 -9.15364e+58 4.21665e+58 -1.84166e+58 7.61649e+57 -2.9783e+57 1.09939e+57 -3.82403e+56 1.25086e+56 -3.83914e+55 1.10282e+55 -2.95654e+54 7.37345e+53 -1.70438e+53 3.63614e+52 -7.12482e+51 1.27509e+51 -2.07206e+50 3.05356e+49 -4.2623e+48 7.80872e+47 -3.66713e+47 3.13259e+47 -2.97934e+47 2.90272e+47 -2.89127e+47 2.93839e+47 -3.0163e+47 3.07928e+47 -3.07285e+47 2.94517e+47 -2.65831e+47 2.19674e+47 -1.57166e+47 8.20221e+46 0
0.0088 0 3.00719e+47 -5.34475e+47 6.44996e+47 -5.96194e+47 3.79185e+47 -1.55451e+46 -4.44245e+47 9.27532e+47 -1.35079e+48 1.63391e+48 -1.71668e+48 1.59739e+48 -1.63822e+48 5.40025e+48 -4.29043e+49 3.38154e+50 -2.38002e+51 1.5057e+52 -8.63972e+52 4.52824e+53 -2.18043e+54 9.69326e+54 -3.99535e+55 1.5325e+56 -5.48799e+56 1.84007e+57 -5.79117e+57 1.71471e+58 -4.78615e+58 1.26165e+59 -3.14601e+59 7.43165e+59 -1.6653e+60 3.54406e+60 -7.17104e+60 1.38089e+61 -2.53288e+61 4.42887e+61 -7.38763e+61 1.17632e+62 -1.78898e+62 2.59991e+62 -3.61225e+62 4.79986e+62 -6.10173e+62 7.42283e+62 -8.64316e+62 9.63467e+62 -1.02829e+63 1.05084e+63 -1.02829e+63 9.63467e+62 -8.64316e+62 7.42283e+62 -6.10173e+62 4.79986e+62 -3.61225e+62 2.59991e+62 -1.78898e+62 1.17632e+62 -7.38763e+61 4.42887e+61 -2.53288e+61 1.38089e+61 -7.17104e+60 3.54406e+60 -1.6653e+60 7.43165e+59 -3.14601e+59 1.26165e+59 -4.78615e+58 1.71471e+58 -5.79117e+57 1.84007e+57 -5.48799e+56 1.5325e+56 -3.99535e+55 9.69326e+54 -2.18043e+54 4.52832e+53 -8.64076e+52 1.50686e+52 -2.39215e+51 3.50097e+50 -5.41691e+49 1.57245e+49 -1.10031e+49 1.02074e+49 -9.93638e+48 9.89147e+48 -1.00268e+49 1.02509e+49 -1.04162e+49 1.03477e+49 -9.87909e+48 8.88896e+48 -7.32834e+48 5.23464e+48 -2.72931e+48 0
0.009 0 -9.63116e+48 1.70797e+49 -2.05162e+49 1.87756e+49 -1.1585e+49 -3.35571e+47 1.53287e+49 -3.10235e+49 4.47064e+49 -5.37994e+49 5.66009e+49 -5.58004e+49 8.92302e+49 -4.8735e+50 3.7789e+51 -2.72207e+52 1.76667e+53 -1.04011e+54 5.59456e+54 -2.76537e+55 1.26238e+56 -5.34468e+56 2.10648e+57 -7.75373e+57 2.67317e+58 -8.65393e+58 2.63668e+59 -7.5761e+59 2.05669e+60 -5.28378e+60 1.28652e+61 -2.97282e+61 6.52721e+61 -1.36324e+62 2.71102e+62 -5.1381e+62 9.28827e+62 -1.60268e+63 2.64137e+63 -4.1604e+63 6.26607e+63 -9.02844e+63 1.24499e+64 -1.64364e+64 2.07811e+64 -2.51688e+64 2.92064e+64 -3.24775e+64 3.4612e+64 -3.53539e+64 3.4612e+64 -3.24775e+64 2.92064e+64 -2.51688e+64 2.07811e+64 -1.64364e+64 1.24499e+64 -9.02844e+63 6.26607e+63 -4.1604e+63 2.64137e+63 -1.60268e+63 9.28827e+62 -5.1381e+62 2.71102e+62 -1.36324e+62 6.52721e+61 -2.97282e+61 1.28652e+61 -5.28378e+60 2.05669e+60 -7.5761e+59 2.63668e+59 -8.65393e+58 2.67317e+58 -7.75373e+57 2.10648e+57 -5.34468e+56 1.26238e+56 -2.7654e+55 5.59491e+54 -1.0405e+54 1.77074e+53 -2.76227e+52 4.15988e+51 -8.38508e+50 4.0975e+50 -3.52072e+50 3.40163e+50 -3.38222e+50 3.42004e+50 -3.48303e+50 3.52354e+50 -3.48528e+50 3.3149e+50 -2.97356e+50 2.44585e+50 -1.7443e+50 9.08628e+49 0
0.0092 0 3.08117e+50 -5.45137e+50 6.51603e+50 -5.89917e+50 3.51699e+50 3.90469e+49 -5.27935e+50 1.03762e+51 -1.48006e+51 1.77419e+51 -1.89373e+51 2.20688e+51 -6.31767e+51 4.26162e+52 -3.09878e+53 2.05988e+54 -1.24351e+55 6.85979e+55 -3.47844e+56 1.6294e+57 -7.08108e+57 2.86557e+58 -1.08337e+59 3.83756e+59 -1.27689e+60 4.00007e+60 -1.18218e+61 3.30222e+61 -8.73274e+61 2.18964e+62 -5.21265e+62 1.17963e+63 -2.54048e+63 5.21209e+63 -1.0196e+64 1.90341e+64 -3.3935e+64 5.7819e+64 -9.42036e+64 1.46851e+65 -2.19136e+65 3.13158e+65 -4.28742e+65 5.62541e+65 -7.07554e+65 8.53331e+65 -9.86983e+65 1.09497e+66 -1.1653e+66 1.18973e+66 -1.1653e+66 1.09497e+66 -9.86983e+65 8.53331e+65 -7.07554e+65 5.62541e+65 -4.28742e+65 3.13158e+65 -2.19136e+65 1.46851e+65 -9.42036e+64 5.7819e+64 -3.3935e+64 1.90341e+64 -1.0196e+64 5.21209e+63 -2.54048e+63 1.17963e+63 -5.21265e+62 2.18964e+62 -8.73274e+61 3.30222e+61 -1.18218e+61 4.00007e+60 -1.27689e+60 3.83756e+59 -1.08337e+59 2.86557e+58 -7.08109e+57 1.62941e+57 -3.47856e+56 6.8611e+55 -1.24487e+55 2.07342e+54 -3.22763e+53 5.45585e+52 -1.72822e+52 1.23926e+52 -1.16652e+52 1.15609e+52 -1.16608e+52 1.18323e+52 -1.19196e+52 1.17414e+52 -1.11267e+52 9.95126e+51 -8.16677e+51 5.81515e+51 -3.02641e+51 0
0.0094 0 -9.84573e+51 1.73767e+52 -2.06616e+52 1.84872e+52 -1.05966e+52 -2.21121e+51 1.81523e+52 -3.47049e+52 4.9032e+52 -5.88049e+52 6.61859e+52 -1.09269e+53 5.0458e+53 -3.5281e+54 2.38843e+55 -1.4769e+56 8.35058e+56 -4.34112e+57 2.08531e+58 -9.29585e+58 3.85989e+59 -1.49779e+60 5.44721e+60 -1.86149e+61 5.99114e+61 -1.81976e+62 5.22613e+62 -1.42146e+63 3.66717e+63 -8.98604e+63 2.09404e+64 -4.64595e+64 9.82385e+64 -1.98158e+65 3.81623e+65 -7.02239e+65 1.23557e+66 -2.07995e+66 3.35193e+66 -5.17383e+66 7.65252e+66 -1.08505e+67 1.47536e+67 -1.92438e+67 2.40845e+67 -2.89293e+67 3.33556e+67 -3.69225e+67 3.92417e+67 -4.00464e+67 3.92417e+67 -3.69225e+67 3.33556e+67 -2.89293e+67 2.40845e+67 -1.92438e+67 1.47536e+67 -1.08505e+67 7.65252e+66 -5.17383e+66 3.35193e+66 -2.07995e+66 1.23557e+66 -7.02239e+65 3.81623e+65 -1.98158e+65 9.82385e+64 -4.64595e+64 2.09404e+64 -8.98604e+63 3.66717e+63 -1.42146e+63 5.22613e+62 -1.81976e+62 5.99114e+61 -1.86149e+61 5.44721e+60 -1.49779e+60 3.85989e+59 -9.29588e+58 2.08535e+58 -4.34155e+57 8.35516e+56 -1.48146e+56 2.43201e+55 -3.93418e+54 8.79485e+53 -4.5916e+53 4.02565e+53 -3.95247e+53 3.97454e+53 -4.01889e+53 4.03228e+53 -3.95627e+53 3.73592e+53 -3.33159e+53 2.72811e+53 -1.93956e+53 1.0085e+53 0
0.0096 0 3.1423e+53 -5.53139e+53 6.54013e+53 -5.77708e+53 3.16381e+53 1.0342e+53 -6.23209e+53 1.16097e+54 -1.62758e+54 1.97961e+54 -2.57353e+54 6.88739e+54 -4.0816e+55 2.75992e+56 -1.74342e+57 1.00956e+58 -5.37726e+58 2.6472e+59 -1.20969e+60 5.15055e+60 -2.04997e+61 7.64922e+61 -2.68278e+62 8.86451e+62 -2.76518e+63 8.15834e+63 -2.28045e+64 6.04843e+64 -1.52429e+65 3.65464e+65 -8.34579e+65 1.81714e+66 -3.77592e+66 7.4945e+66 -1.42197e+67 2.58096e+67 -4.48428e+67 7.46246e+67 -1.19009e+68 1.81968e+68 -2.66878e+68 3.75576e+68 -5.07335e+68 6.58006e+68 -8.19617e+68 9.80683e+68 -1.12734e+69 1.24523e+69 -1.32175e+69 1.34828e+69 -1.32175e+69 1.24523e+69 -1.12734e+69 9.80683e+68 -8.19617e+68 6.58006e+68 -5.07335e+68 3.75576e+68 -2.66878e+68 1.81968e+68 -1.19009e+68 7.46246e+67 -4.48428e+67 2.58096e+67 -1.42197e+67 7.4945e+66 -3.77592e+66 1.81714e+66 -8.34579e+65 3.65464e+65 -1.52429e+65 6.04843e+64 -2.28045e+64 8.15834e+63 -2.76518e+63 8.86451e+62 -2.68278e+62 7.64922e+61 -2.04997e+61 5.15056e+60 -1.20971e+60 2.64735e+59 -5.3788e+58 1.01109e+58 -1.75816e+57 2.89798e+56 -5.36291e+55 1.88974e+55 -1.41424e+55 1.35357e+55 -1.35452e+55 1.36482e+55 -1.36412e+55 1.33332e+55 -1.25477e+55 1.11581e+55 -9.11716e+54 6.47205e+54 -3.36222e+54 0
0.0098 0 -1.00158e+55 1.75818e+55 -2.06625e+55 1.79954e+55 -9.34129e+54 -4.41838e+54 2.1369e+55 -3.88674e+55 5.43556e+55 -6.95426e+55 1.21046e+56 -5.00813e+56 3.19947e+57 -2.04775e+58 1.21263e+59 -6.61321e+59 3.33454e+60 -1.56111e+61 6.81134e+61 -2.77886e+62 1.06317e+63 -3.82437e+63 1.29644e+64 -4.15029e+64 1.25706e+65 -3.60843e+65 9.83179e+65 -2.54628e+66 6.27608e+66 -1.47395e+67 3.30177e+67 -7.06152e+67 1.44318e+68 -2.82071e+68 5.27634e+68 -9.45218e+68 1.62263e+69 -2.67074e+69 4.21683e+69 -6.38965e+69 9.2956e+69 -1.2988e+70 1.74343e+70 -2.24899e+70 2.78862e+70 -3.32425e+70 3.81041e+70 -4.20025e+70 4.45289e+70 -4.54042e+70 4.45289e+70 -4.20025e+70 3.81041e+70 -3.32425e+70 2.78862e+70 -2.24899e+70 1.74343e+70 -1.2988e+70 9.2956e+69 -6.38965e+69 4.21683e+69 -2.67074e+69 1.62263e+69 -9.45218e+68 5.27634e+68 -2.82071e+68 1.44318e+68 -7.06152e+67 3.30177e+67 -1.47395e+67 6.27608e+66 -2.54628e+66 9.83179e+65 -3.60843e+65 1.25706e+65 -4.15029e+64 1.29644e+64 -3.82437e+63 1.06317e+63 -2.77886e+62 6.81138e+61 -1.56116e+61 3.33505e+60 -6.61838e+59 1.21761e+59 -2.09468e+58 3.6372e+57 -9.12761e+56 5.18578e+56 -4.66154e+56 4.61775e+56 -4.6345e+56 4.61495e+56 -4.49426e+56 4.21558e+56 -3.73846e+56 3.04819e+56 -2.16061e+56 1.12145e+56 0
0.01 0 3.18803e+56 -5.57966e+56 6.51448e+56 -5.58538e+56 2.7197e+56 1.79047e+56 -7.321e+56 1.30456e+57 -1.84701e+57 2.69327e+57 -7.0725e+57 3.79046e+58 -2.40037e+59 1.44808e+60 -8.07813e+60 4.16934e+61 -1.99858e+62 8.93073e+62 -3.7325e+63 1.46328e+64 -5.39515e+64 1.87514e+65 -6.15644e+65 1.91297e+66 -5.63517e+66 1.57616e+67 -4.19177e+67 1.06134e+68 -2.56141e+68 5.89841e+68 -1.29731e+69 2.72768e+69 -5.48703e+69 1.05682e+70 -1.9502e+70 3.45016e+70 -5.85505e+70 9.53616e+70 -1.49132e+71 2.24028e+71 -3.23395e+71 4.48753e+71 -5.98758e+71 7.68381e+71 -9.4859e+71 1.12677e+72 -1.288e+72 1.41698e+72 -1.50044e+72 1.52934e+72 -1.50044e+72 1.41698e+72 -1.288e+72 1.12677e+72 -9.4859e+71 7.68381e+71 -5.98758e+71 4.48753e+71 -3.23395e+71 2.24028e+71 -1.49132e+71 9.53616e+70 -5.85505e+70 3.45016e+70 -1.9502e+70 1.05682e+70 -5.48703e+69 2.72768e+69 -1.29731e+69 5.89841e+68 -2.56141e+68 1.06134e+68 -4.19177e+67 1.57616e+67 -5.63517e+66 1.91297e+66 -6.15644e+65 1.87514e+65 -5.39515e+64 1.46328e+64 -3.73251e+63 8.93089e+62 -1.99875e+62 4.17109e+61 -8.09501e+60 1.46403e+60 -2.54985e+59 5.20251e+58 -2.07216e+58 1.62952e+58 -1.57684e+58 1.57383e+58 -1.56134e+58 1.51516e+58 -1.41669e+58 1.25301e+58 -1.01954e+58 7.21612e+57 -3.74223e+57 0
0.0102 0 -1.01326e+58 1.76773e+58 -2.04924e+58 1.72654e+58 -7.77627e+57 -7.01035e+57 2.50874e+58 -4.41238e+58 6.5587e+58 -1.23438e+59 4.78662e+59 -2.83096e+60 1.72176e+61 -9.80532e+61 5.17645e+62 -2.53918e+63 1.1614e+64 -4.9696e+64 1.99521e+65 -7.53559e+65 2.68361e+66 -9.03042e+66 2.87676e+67 -8.69063e+67 2.4936e+68 -6.80523e+68 1.76873e+69 -4.38323e+69 1.03683e+70 -2.34333e+70 5.06476e+70 -1.04773e+71 2.076e+71 -3.94274e+71 7.18188e+71 -1.25544e+72 2.1072e+72 -3.3976e+72 5.26484e+72 -7.84359e+72 1.12386e+73 -1.54924e+73 2.05518e+73 -2.62427e+73 3.22617e+73 -3.81909e+73 4.35399e+73 -4.78097e+73 5.05685e+73 -5.15228e+73 5.05685e+73 -4.78097e+73 4.35399e+73 -3.81909e+73 3.22617e+73 -2.62427e+73 2.05518e+73 -1.54924e+73 1.12386e+73 -7.84359e+72 5.26484e+72 -3.3976e+72 2.1072e+72 -1.25544e+72 7.18188e+71 -3.94274e+71 2.076e+71 -1.04773e+71 5.06476e+70 -2.34333e+70 1.03683e+70 -4.38323e+69 1.76873e+69 -6.80523e+68 2.4936e+68 -8.69063e+67 2.87676e+67 -9.03042e+66 2.68361e+66 -7.53559e+65 1.99522e+65 -4.96965e+64 1.16145e+64 -2.53977e+63 5.18216e+62 -9.85953e+61 1.77279e+61 -3.31468e+60 9.46947e+59 -5.89599e+59 5.41057e+59 -5.34712e+59 5.28286e+59 -5.10899e+59 4.76228e+59 -4.20116e+59 3.41147e+59 -2.41113e+59 1.24933e+59 0
0.0104 0 3.21536e+59 -5.59019e+59 6.43013e+59 -5.31222e+59 2.16987e+59 2.68145e+59 -8.62339e+59 1.52336e+60 -2.55929e+60 6.87593e+60 -3.42553e+61 2.046e+62 -1.18368e+63 6.38406e+63 -3.20255e+64 1.49853e+65 -6.56139e+65 2.69624e+66 -1.04254e+67 3.80198e+67 -1.31048e+68 4.27735e+68 -1.32433e+69 3.89556e+69 -1.09022e+70 2.90669e+70 -7.39153e+70 1.79471e+71 -4.16497e+71 9.24665e+71 -1.96551e+72 4.00332e+72 -7.8185e+72 1.4651e+73 -2.6358e+73 4.55501e+73 -7.56511e+73 1.20805e+74 -1.85557e+74 2.74253e+74 -3.90166e+74 5.34441e+74 -7.05043e+74 8.95973e+74 -1.09704e+75 1.2944e+75 -1.47193e+75 1.61335e+75 -1.70459e+75 1.73613e+75 -1.70459e+75 1.61335e+75 -1.47193e+75 1.2944e+75 -1.09704e+75 8.95973e+74 -7.05043e+74 5.34441e+74 -3.90166e+74 2.74253e+74 -1.85557e+74 1.20805e+74 -7.56511e+73 4.55501e+73 -2.6358e+73 1.4651e+73 -7.8185e+72 4.00332e+72 -1.96551e+72 9.24665e+71 -4.16497e+71 1.79471e+71 -7.39153e+70 2.90669e+70 -1.09022e+70 3.89556e+69 -1.32433e+69 4.27735e+68 -1.31048e+68 3.80198e+67 -1.04254e+67 2.69626e+66 -6.56159e+65 1.49873e+65 -3.20448e+64 6.40248e+63 -1.20109e+63 2.2116e+62 -5.03103e+61 2.28419e+61 -1.87915e+61 1.81952e+61 -1.78787e+61 1.72302e+61 -1.60129e+61 1.40908e+61 -1.14196e+61 8.05974e+60 -4.17268e+60 0
0.0106 0 -1.01859e+61 1.76429e+61 -2.01209e+61 1.62568e+61 -5.84727e+60 -1.01055e+61 2.9946e+61 -5.52125e+61 1.16608e+62 -4.41469e+62 2.45184e+63 -1.42378e+64 7.82541e+64 -4.01126e+65 1.91906e+66 -8.59367e+66 3.61247e+67 -1.42923e+68 5.3345e+68 -1.88233e+69 6.29124e+69 -1.99512e+70 6.01276e+70 -1.72455e+71 4.71348e+71 -1.22911e+72 3.06126e+72 -7.28964e+72 1.66116e+73 -3.62562e+73 7.58507e+73 -1.52214e+74 2.93193e+74 -5.42399e+74 9.64256e+74 -1.64814e+75 2.70972e+75 -4.28716e+75 6.5297e+75 -9.57739e+75 1.35321e+76 -1.84234e+76 2.4175e+76 -3.05805e+76 3.72982e+76 -4.38692e+76 4.97641e+76 -5.44501e+76 5.74693e+76 -5.85122e+76 5.74693e+76 -5.44501e+76 4.97641e+76 -4.38692e+76 3.72982e+76 -3.05805e+76 2.4175e+76 -1.84234e+76 1.35321e+76 -9.57739e+75 6.5297e+75 -4.28716e+75 2.70972e+75 -1.64814e+75 9.64256e+74 -5.42399e+74 2.93193e+74 -1.52214e+74 7.58507e+73 -3.62562e+73 1.66116e+73 -7.28964e+72 3.06126e+72 -1.22911e+72 4.71348e+71 -1.72455e+71 6.01276e+70 -1.99512e+70 6.29124e+69 -1.88233e+69 5.3345e+68 -1.42924e+68 3.61254e+67 -8.59434e+66 1.91971e+66 -4.01751e+65 7.8848e+64 -1.48045e+64 3.00193e+63 -9.87977e+62 6.70539e+62 -6.2169e+62 6.05416e+62 -5.81218e+62 5.38571e+62 -4.72765e+62 3.82409e+62 -2.69528e+62 1.39425e+62 0
0.0108 0 3.22082e+62 -5.55607e+62 6.27675e+62 -4.94354e+62 1.49135e+62 3.78845e+62 -1.06786e+63 2.20391e+63 -6.33842e+63 3.01865e+64 -1.71378e+65 9.54363e+65 -4.99152e+66 2.44002e+67 -1.1169e+68 4.80043e+68 -1.9423e+69 7.41564e+69 -2.67729e+70 9.15774e+70 -2.97292e+71 9.17416e+71 -2.69502e+72 7.54645e+72 -2.01665e+73 5.14883e+73 -1.25723e+74 2.93869e+74 -6.58114e+74 1.41318e+75 -2.91181e+75 5.76082e+75 -1.09504e+76 2.00101e+76 -3.51693e+76 5.94816e+76 -9.68489e+76 1.5187e+77 -2.29442e+77 3.34069e+77 -4.68912e+77 6.34673e+77 -8.2854e+77 1.04344e+78 -1.26792e+78 1.48676e+78 -1.68257e+78 1.83791e+78 -1.93787e+78 1.97238e+78 -1.93787e+78 1.83791e+78 -1.68257e+78 1.48676e+78 -1.26792e+78 1.04344e+78 -8.2854e+77 6.34673e+77 -4.68912e+77 3.34069e+77 -2.29442e+77 1.5187e+77 -9.68489e+76 5.94816e+76 -3.51693e+76 2.00101e+76 -1.09504e+76 5.76082e+75 -2.91181e+75 1.41318e+75 -6.58114e+74 2.93869e+74 -1.25723e+74 5.14883e+73 -2.01665e+73 7.54645e+72 -2.69502e+72 9.17416e+71 -2.97292e+71 9.15774e+70 -2.67729e+70 7.41566e+69 -1.94233e+69 4.80065e+68 -1.11712e+68 2.44215e+67 -5.01177e+66 9.73742e+65 -1.90213e+65 4.88827e+64 -2.52344e+64 2.14488e+64 -2.05307e+64 1.96126e+64 -1.8119e+64 1.58672e+64 -1.28106e+64 9.01701e+63 -4.66073e+63 0
0.011 0 -1.0164e+64 1.74552e+64 -1.95126e+64 1.49172e+64 -3.43159e+63 -1.43401e+64 4.03605e+64 -1.01974e+65 3.93045e+65 -2.08287e+66 1.16054e+67 -6.17501e+67 3.08134e+68 -1.44094e+69 6.32895e+69 -2.61752e+70 1.02174e+71 -3.7723e+71 1.31984e+72 -4.38371e+72 1.38439e+73 -4.16294e+73 1.19355e+74 -3.2667e+74 8.54449e+74 -2.13804e+75 5.12284e+75 -1.17637e+76 2.59099e+76 -5.47765e+76 1.11231e+77 -2.17085e+77 4.07438e+77 -7.35781e+77 1.2791e+78 -2.14152e+78 3.45446e+78 -5.37082e+78 8.05105e+78 -1.16399e+79 1.62348e+79 -2.18503e+79 2.83839e+79 -3.55938e+79 4.30958e+79 -5.03865e+79 5.6893e+79 -6.20451e+79 6.53561e+79 -6.64983e+79 6.53561e+79 -6.20451e+79 5.6893e+79 -5.03865e+79 4.30958e+79 -3.55938e+79 2.83839e+79 -2.18503e+79 1.62348e+79 -1.16399e+79 8.05105e+78 -5.37082e+78 3.45446e+78 -2.14152e+78 1.2791e+78 -7.35781e+77 4.07438e+77 -2.17085e+77 1.11231e+77 -5.47765e+76 2.59099e+76 -1.17637e+76 5.12284e+75 -2.13804e+75 8.54449e+74 -3.2667e+74 1.19355e+74 -4.16294e+73 1.38439e+73 -4.38371e+72 1.31984e+72 -3.7723e+71 1.02175e+71 -2.6176e+70 6.3297e+69 -1.44166e+69 3.08824e+68 -6.24125e+67 1.225e+67 -2.72214e+66 1.0374e+66 -7.55689e+65 6.98649e+65 -6.6223e+65 6.09761e+65 -5.32714e+65 4.2931e+65 -3.01784e+65 1.55864e+65 0
0.0112 0 3.20042e+65 -5.46927e+65 6.0418e+65 -4.45667e+65 6.02482e+64 5.62181e+65 -1.69367e+66 5.53444e+66 -2.59586e+67 1.41342e+68 -7.60355e+68 3.86661e+69 -1.84593e+70 8.28132e+70 -3.4992e+71 1.39581e+72 -5.26737e+72 1.88412e+73 -6.39926e+73 2.06705e+74 -6.35918e+74 1.86578e+75 -5.22707e+75 1.39985e+76 -3.58738e+76 8.80558e+76 -2.07207e+77 4.67808e+77 -1.01408e+78 2.1121e+78 -4.22936e+78 8.14715e+78 -1.51058e+79 2.69713e+79 -4.63964e+79 7.69257e+79 -1.22979e+80 1.89635e+80 -2.82142e+80 4.05144e+80 -5.61637e+80 7.51807e+80 -9.71967e+80 1.21386e+81 -1.46462e+81 1.70757e+81 -1.92385e+81 2.0948e+81 -2.20453e+81 2.24235e+81 -2.20453e+81 2.0948e+81 -1.92385e+81 1.70757e+81 -1.46462e+81 1.21386e+81 -9.71967e+80 7.51807e+80 -5.61637e+80 4.05144e+80 -2.82142e+80 1.89635e+80 -1.22979e+80 7.69257e+79 -4.63964e+79 2.69713e+79 -1.51058e+79 8.14715e+78 -4.22936e+78 2.1121e+78 -1.01408e+78 4.67808e+77 -2.07207e+77 8.80558e+76 -3.58738e+76 1.39985e+76 -5.22707e+75 1.86578e+75 -6.35918e+74 2.06705e+74 -6.39926e+73 1.88412e+73 -5.2674e+72 1.39584e+72 -3.49946e+71 8.28377e+70 -1.84829e+70 3.88924e+69 -7.82403e+68 1.6319e+68 -4.79242e+67 2.7737e+67 -2.39602e+67 2.2391e+67 -2.05288e+67 1.78909e+67 -1.43922e+67 1.01041e+67 -5.21454e+66 0
0.0114 0 -1.00532e+67 1.70863e+67 -1.86197e+67 1.31254e+67 8.12226e+64 -2.371e+67 8.20086e+67 -3.37524e+68 1.73762e+69 -9.34039e+69 4.82489e+70 -2.34905e+71 1.07578e+72 -4.64187e+72 1.89127e+73 -7.29148e+73 2.66513e+74 -9.25176e+74 3.05511e+75 -9.61085e+75 2.88409e+76 -8.26611e+76 2.26531e+77 -5.9421e+77 1.49332e+78 -3.59876e+78 8.32321e+78 -1.84883e+79 3.94704e+79 -8.10394e+79 1.60114e+80 -3.04587e+80 5.58166e+80 -9.85797e+80 1.6787e+81 -2.75733e+81 4.37017e+81 -6.68562e+81 9.87534e+81 -1.4088e+82 1.9415e+82 -2.58532e+82 3.32709e+82 -4.13867e+82 4.97699e+82 -5.78678e+82 6.50599e+82 -7.07343e+82 7.43722e+82 -7.56256e+82 7.43722e+82 -7.07343e+82 6.50599e+82 -5.78678e+82 4.97699e+82 -4.13867e+82 3.32709e+82 -2.58532e+82 1.9415e+82 -1.4088e+82 9.87534e+81 -6.68562e+81 4.37017e+81 -2.75733e+81 1.6787e+81 -9.85797e+80 5.58166e+80 -3.04587e+80 1.60114e+80 -8.10394e+79 3.94704e+79 -1.84883e+79 8.32321e+78 -3.59876e+78 1.49332e+78 -5.9421e+77 2.26531e+77 -8.26611e+76 2.88409e+76 -9.61086e+75 3.05511e+75 -9.25177e+74 2.66514e+74 -7.29156e+73 1.89135e+73 -4.6427e+72 1.07658e+72 -2.35678e+71 4.90026e+70 -1.00867e+70 2.48617e+69 -1.09151e+69 8.35213e+68 -7.59319e+68 6.91607e+68 -6.01077e+68 4.82661e+68 -3.38429e+68 1.74526e+68 0
0.0116 0 3.14947e+68 -5.31984e+68 5.70426e+68 -3.77299e+68 -9.65002e+67 1.11873e+69 -4.56493e+69 2.17826e+70 -1.14929e+71 5.99466e+71 -2.97095e+72 1.38786e+73 -6.11218e+73 2.54249e+74 -1.00096e+75 3.73686e+75 -1.32523e+76 4.47163e+76 -1.4377e+77 4.41045e+77 -1.29254e+78 3.62279e+78 -9.72157e+78 2.50001e+79 -6.16658e+79 1.46017e+80 -3.32162e+80 7.26422e+80 -1.52829e+81 3.095e+81 -6.0367e+81 1.13461e+82 -2.05592e+82 3.59315e+82 -6.05937e+82 9.8634e+82 -1.55032e+83 2.35369e+83 -3.4525e+83 4.89425e+83 -6.70672e+83 8.88575e+83 -1.13846e+84 1.41077e+84 -1.69107e+84 1.96106e+84 -2.2003e+84 2.38873e+84 -2.5094e+84 2.55095e+84 -2.5094e+84 2.38873e+84 -2.2003e+84 1.96106e+84 -1.69107e+84 1.41077e+84 -1.13846e+84 8.88575e+83 -6.70672e+83 4.89425e+83 -3.4525e+83 2.35369e+83 -1.55032e+83 9.8634e+82 -6.05937e+82 3.59315e+82 -2.05592e+82 1.13461e+82 -6.0367e+81 3.095e+81 -1.52829e+81 7.26422e+80 -3.32162e+80 1.46017e+80 -6.16658e+79 2.50001e+79 -9.72157e+78 3.62279e+78 -1.29254e+78 4.41045e+77 -1.4377e+77 4.47163e+76 -1.32523e+76 3.73689e+75 -1.00099e+75 2.54277e+74 -6.11491e+73 1.39049e+73 -2.9967e+72 6.24949e+71 -1.40431e+71 4.73843e+70 -3.00448e+70 2.59129e+70 -2.33298e+70 2.02035e+70 -1.61925e+70 1.13396e+70 -5.84348e+69 0
0.0118 0 -9.83706e+69 1.64972e+70 -1.7329e+70 1.03152e+70 8.21696e+69 -5.98763e+70 2.79233e+71 -1.42431e+72 7.43184e+72 -3.73737e+73 1.77886e+74 -7.99127e+74 3.39217e+75 -1.36314e+76 5.19543e+76 -1.88142e+77 6.48382e+77 -2.12959e+78 6.67522e+78 -1.99931e+79 5.7284e+79 -1.57174e+80 4.13377e+80 -1.04308e+81 2.5273e+81 -5.88432e+81 1.31749e+82 -2.83853e+82 5.88849e+82 -1.17686e+83 2.26717e+83 -4.21205e+83 7.55003e+83 -1.30627e+84 2.18227e+84 -3.52153e+84 5.49091e+84 -8.27513e+84 1.2057e+85 -1.69882e+85 2.31522e+85 -3.05253e+85 3.89428e+85 -4.80795e+85 5.74534e+85 -6.64572e+85 7.4418e+85 -8.06777e+85 8.46819e+85 -8.606e+85 8.46819e+85 -8.06777e+85 7.4418e+85 -6.64572e+85 5.74534e+85 -4.80795e+85 3.89428e+85 -3.05253e+85 2.31522e+85 -1.69882e+85 1.2057e+85 -8.27513e+84 5.49091e+84 -3.52153e+84 2.18227e+84 -1.30627e+84 7.55003e+83 -4.21205e+83 2.26717e+83 -1.17686e+83 5.88849e+82 -2.83853e+82 1.31749e+82 -5.88432e+81 2.5273e+81 -1.04308e+81 4.13377e+80 -1.57174e+80 5.7284e+79 -1.99931e+79 6.67523e+78 -2.12959e+78 6.48383e+77 -1.88143e+77 5.19553e+76 -1.36323e+76 3.3931e+75 -8.00027e+74 1.78765e+74 -3.82435e+73 8.30038e+72 -2.29352e+72 1.14123e+72 -8.95737e+71 7.89016e+71 -6.79558e+71 5.43451e+71 -3.80097e+71 1.95727e+71 0
0.012 0 3.06183e+71 -5.08981e+71 5.19146e+71 -2.47429e+71 -5.77617e+71 3.54619e+72 -1.78299e+73 9.22103e+73 -4.68206e+74 2.26644e+75 -1.03776e+76 4.49304e+76 -1.8421e+77 7.16475e+77 -2.64823e+78 9.31703e+78 -3.12469e+79 1.00031e+80 -3.06051e+80 8.95963e+80 -2.51234e+81 6.75436e+81 -1.74261e+82 4.31804e+82 -1.02845e+83 2.35615e+83 -5.19556e+83 1.10343e+84 -2.25833e+84 4.45649e+84 -8.48353e+84 1.55861e+85 -2.76478e+85 4.73716e+85 -7.84271e+85 1.25502e+86 -1.9418e+86 2.90569e+86 -4.20628e+86 5.89183e+86 -7.98727e+86 1.04815e+87 -1.33167e+87 1.63825e+87 -1.95178e+87 2.25212e+87 -2.5171e+87 2.72513e+87 -2.85806e+87 2.90378e+87 -2.85806e+87 2.72513e+87 -2.5171e+87 2.25212e+87 -1.95178e+87 1.63825e+87 -1.33167e+87 1.04815e+87 -7.98727e+86 5.89183e+86 -4.20628e+86 2.90569e+86 -1.9418e+86 1.25502e+86 -7.84271e+85 4.73716e+85 -2.76478e+85 1.55861e+85 -8.48353e+84 4.45649e+84 -2.25833e+84 1.10343e+84 -5.19556e+83 2.35615e+83 -1.02845e+83 4.31804e+82 -1.74261e+82 6.75436e+81 -2.51234e+81 8.95963e+80 -3.06052e+80 1.00031e+80 -3.1247e+79 9.31707e+78 -2.64826e+78 7.16507e+77 -1.84242e+77 4.49611e+76 -1.04077e+76 2.29611e+75 -4.97779e+74 1.21718e+74 -4.6993e+73 3.17299e+73 -2.68252e+73 2.28853e+73 -1.82483e+73 1.27455e+73 -6.55835e+72 0
0.0122 0 -9.48959e+72 1.55882e+73 -1.51314e+73 3.44294e+72 3.89389e+73 -2.22467e+74 1.14737e+75 -5.85112e+75 2.87266e+76 -1.33913e+77 5.90992e+77 -2.47098e+78 9.8034e+78 -3.69692e+79 1.32725e+80 -4.54317e+80 1.48473e+81 -4.6383e+81 1.38674e+82 -3.97209e+82 1.09108e+83 -2.87673e+83 7.28643e+83 -1.77437e+84 4.1572e+84 -9.37733e+84 2.03775e+85 -4.26842e+85 8.62314e+85 -1.68098e+86 3.16346e+86 -5.74981e+86 1.00974e+87 -1.71393e+87 2.81288e+87 -4.46501e+87 6.857e+87 -1.01906e+88 1.46599e+88 -2.04181e+88 2.75388e+88 -3.59744e+88 4.55232e+88 -5.5811e+88 6.62992e+88 -7.63203e+88 8.51433e+88 -9.20592e+88 9.64739e+88 -9.79917e+88 9.64739e+88 -9.20592e+88 8.51433e+88 -7.63203e+88 6.62992e+88 -5.5811e+88 4.55232e+88 -3.59744e+88 2.75388e+88 -2.04181e+88 1.46599e+88 -1.01906e+88 6.857e+87 -4.46501e+87 2.81288e+87 -1.71393e+87 1.00974e+87 -5.74981e+86 3.16346e+86 -1.68098e+86 8.62314e+85 -4.26842e+85 2.03775e+85 -9.37733e+84 4.1572e+84 -1.77437e+84 7.28643e+83 -2.87673e+83 1.09108e+83 -3.97209e+82 1.38674e+82 -4.63831e+81 1.48473e+81 -4.54318e+80 1.32726e+80 -3.69703e+79 9.80448e+78 -2.47203e+78 5.92017e+77 -1.34925e+77 2.97332e+76 -6.85274e+75 2.13406e+75 -1.17294e+75 9.2153e+74 -7.72507e+74 6.13194e+74 -4.27568e+74 2.19839e+74 0
0.0124 0 2.92433e+74 -4.71508e+74 4.13901e+74 1.58934e+74 -2.59482e+75 1.42398e+76 -7.30379e+76 3.62575e+77 -1.71797e+78 7.72234e+78 -3.29103e+79 1.3313e+80 -5.12e+80 1.87498e+81 -6.54783e+81 2.18355e+82 -6.96205e+82 2.12482e+83 -6.21418e+83 1.74321e+84 -4.69478e+84 1.21493e+85 -3.02341e+85 7.24057e+85 -1.66983e+86 3.71085e+86 -7.95113e+86 1.64353e+87 -3.279e+87 6.31723e+87 -1.17577e+88 2.11501e+88 -3.67837e+88 6.18737e+88 -1.00695e+89 1.58595e+89 -2.41807e+89 3.56993e+89 -5.10457e+89 7.07067e+89 -9.48952e+89 1.2342e+90 -1.55577e+90 1.90102e+90 -2.25192e+90 2.58636e+90 -2.88023e+90 3.11023e+90 -3.2569e+90 3.3073e+90 -3.2569e+90 3.11023e+90 -2.88023e+90 2.58636e+90 -2.25192e+90 1.90102e+90 -1.55577e+90 1.2342e+90 -9.48952e+89 7.07067e+89 -5.10457e+89 3.56993e+89 -2.41807e+89 1.58595e+89 -1.00695e+89 6.18737e+88 -3.67837e+88 2.11501e+88 -1.17577e+88 6.31723e+87 -3.279e+87 1.64353e+87 -7.95113e+86 3.71085e+86 -1.66983e+86 7.24057e+85 -3.02341e+85 1.21493e+85 -4.69478e+84 1.74321e+84 -6.21418e+83 2.12482e+83 -6.96205e+82 2.18355e+82 -6.54787e+81 1.87502e+81 -5.12037e+80 1.33166e+80 -3.29452e+79 7.75685e+78 -1.75223e+78 3.96571e+77 -1.06423e+77 4.6299e+76 -3.22803e+76 2.61955e+76 -2.063e+76 1.43511e+76 -7.37209e+75 0
0.0126 0 -8.93199e+75 1.39167e+76 -9.45071e+75 -2.21677e+76 1.71144e+77 -9.08754e+77 4.56109e+78 -2.19261e+79 1.0028e+80 -4.35345e+80 1.79483e+81 -7.03675e+81 2.62748e+82 -9.35751e+82 3.18292e+83 -1.03534e+84 3.22427e+84 -9.62371e+84 2.75578e+85 -7.57768e+85 2.00258e+86 -5.09036e+86 1.24547e+87 -2.93522e+87 6.66731e+87 -1.46056e+88 3.08737e+88 -6.30062e+88 1.24197e+89 -2.36574e+89 4.35646e+89 -7.75849e+89 1.33676e+90 -2.229e+90 3.59815e+90 -5.6245e+90 8.51606e+90 -1.24925e+91 1.77585e+91 -2.44682e+91 3.26821e+91 -4.23256e+91 5.31548e+91 -6.47413e+91 7.64834e+91 -8.76474e+91 9.7438e+91 -1.0509e+92 1.09965e+92 -1.11639e+92 1.09965e+92 -1.0509e+92 9.7438e+91 -8.76474e+91 7.64834e+91 -6.47413e+91 5.31548e+91 -4.23256e+91 3.26821e+91 -2.44682e+91 1.77585e+91 -1.24925e+91 8.51606e+90 -5.6245e+90 3.59815e+90 -2.229e+90 1.33676e+90 -7.75849e+89 4.35646e+89 -2.36574e+89 1.24197e+89 -6.30062e+88 3.08737e+88 -1.46056e+88 6.66731e+87 -2.93522e+87 1.24547e+87 -5.09036e+86 2.00258e+86 -7.57768e+85 2.75578e+85 -9.62371e+84 3.22427e+84 -1.03534e+84 3.18293e+83 -9.35764e+82 2.62761e+82 -7.03796e+81 1.79602e+81 -4.36522e+80 1.01446e+80 -2.30799e+79 5.69073e+78 -1.99029e+78 1.16986e+78 -8.96094e+77 6.95613e+77 -4.82065e+77 2.47333e+77 0
0.0128 0 2.68455e+77 -3.88583e+77 7.73662e+76 1.81008e+78 -1.11192e+79 5.71444e+79 -2.78564e+80 1.29475e+81 -5.72165e+81 2.40292e+82 -9.5999e+82 3.65348e+83 -1.32642e+84 4.60018e+84 -1.52594e+85 4.84703e+85 -1.47589e+86 4.3123e+86 -1.21015e+87 3.26451e+87 -8.47213e+87 2.11683e+88 -5.09561e+88 1.18251e+89 -2.64711e+89 5.7193e+89 -1.19328e+90 2.40538e+90 -4.68666e+90 8.8301e+90 -1.60939e+91 2.83864e+91 -4.84686e+91 8.01401e+91 -1.28353e+92 1.99178e+92 -2.99551e+92 4.36707e+92 -6.17292e+92 8.46163e+92 -1.12501e+93 1.45098e+93 -1.81563e+93 2.20451e+93 -2.59748e+93 2.97024e+93 -3.29652e+93 3.55117e+93 -3.71325e+93 3.76889e+93 -3.71325e+93 3.55117e+93 -3.29652e+93 2.97024e+93 -2.59748e+93 2.20451e+93 -1.81563e+93 1.45098e+93 -1.12501e+93 8.46163e+92 -6.17292e+92 4.36707e+92 -2.99551e+92 1.99178e+92 -1.28353e+92 8.01401e+91 -4.84686e+91 2.83864e+91 -1.60939e+91 8.8301e+90 -4.68666e+90 2.40538e+90 -1.19328e+90 5.7193e+89 -2.64711e+89 1.18251e+89 -5.09561e+88 2.11683e+88 -8.47213e+87 3.26451e+87 -1.21015e+87 4.3123e+86 -1.47589e+86 4.84704e+85 -1.52595e+85 4.60022e+84 -1.32646e+84 3.65389e+83 -9.60396e+82 2.40693e+82 -5.76131e+81 1.33391e+81 -3.1679e+80 9.36362e+79 -4.47274e+79 3.11529e+79 -2.35539e+79 1.62139e+79 -8.30329e+78 0
0.013 0 -7.80146e+78 9.34364e+78 1.15462e+79 -1.2836e+80 7.08669e+80 -3.52237e+81 1.66287e+82 -7.47399e+82 3.19562e+83 -1.30039e+84 5.04217e+84 -1.86543e+85 6.59387e+85 -2.22969e+86 7.22103e+86 -2.2422e+87 6.68196e+87 -1.9129e+88 5.26516e+88 -1.39449e+89 3.55649e+89 -8.74055e+89 2.07132e+90 -4.73596e+90 1.04537e+91 -2.22874e+91 4.59192e+91 -9.14685e+91 1.7623e+92 -3.28543e+92 5.92887e+92 -1.03602e+93 1.75357e+93 -2.87586e+93 4.5711e+93 -7.04361e+93 1.05243e+94 -1.52514e+94 2.14403e+94 -2.92438e+94 3.87071e+94 -4.97237e+94 6.20027e+94 -7.50549e+94 8.82089e+94 -1.00658e+95 1.11535e+95 -1.20012e+95 1.25403e+95 -1.27252e+95 1.25403e+95 -1.20012e+95 1.11535e+95 -1.00658e+95 8.82089e+94 -7.50549e+94 6.20027e+94 -4.97237e+94 3.87071e+94 -2.92438e+94 2.14403e+94 -1.52514e+94 1.05243e+94 -7.04361e+93 4.5711e+93 -2.87586e+93 1.75357e+93 -1.03602e+93 5.92887e+92 -3.28543e+92 1.7623e+92 -9.14685e+91 4.59192e+91 -2.22874e+91 1.04537e+91 -4.73596e+90 2.07132e+90 -8.74055e+89 3.55649e+89 -1.39449e+89 5.26516e+88 -1.9129e+88 6.68196e+87 -2.2422e+87 7.22105e+86 -2.2297e+86 6.59401e+85 -1.86557e+85 5.04356e+84 -1.30175e+84 3.20911e+83 -7.60684e+82 1.79222e+82 -4.75382e+81 1.83991e+81 -1.11387e+81 8.03859e+80 -5.46619e+80 2.79025e+80 0
0.0132 0 2.09185e+80 -1.16184e+80 -1.25581e+81 8.5375e+81 -4.42064e+82 2.12451e+83 -9.70698e+83 4.22285e+84 -1.74949e+85 6.90859e+85 -2.60363e+86 9.37662e+86 -3.23095e+87 1.06645e+88 -3.37554e+88 1.0256e+89 -2.99399e+89 8.40497e+89 -2.27083e+90 5.90915e+90 -1.48204e+91 3.58487e+91 -8.36821e+91 1.88619e+92 -4.10734e+92 8.64526e+92 -1.7597e+93 3.46524e+93 -6.60447e+93 1.21876e+94 -2.17834e+94 3.77229e+94 -6.33126e+94 1.03016e+95 -1.62541e+95 2.48756e+95 -3.69344e+95 5.3214e+95 -7.44118e+95 1.01007e+96 -1.33115e+96 1.70342e+96 -2.11687e+96 2.55499e+96 -2.99535e+96 3.41118e+96 -3.77387e+96 4.05617e+96 -4.23553e+96 4.29705e+96 -4.23553e+96 4.05617e+96 -3.77387e+96 3.41118e+96 -2.99535e+96 2.55499e+96 -2.11687e+96 1.70342e+96 -1.33115e+96 1.01007e+96 -7.44118e+95 5.3214e+95 -3.69344e+95 2.48756e+95 -1.62541e+95 1.03016e+95 -6.33126e+94 3.77229e+94 -2.17834e+94 1.21876e+94 -6.60447e+93 3.46524e+93 -1.7597e+93 8.64526e+92 -4.10734e+92 1.88619e+92 -8.36821e+91 3.58487e+91 -1.48204e+91 5.90915e+90 -2.27083e+90 8.40497e+89 -2.99399e+89 1.0256e+89 -3.37555e+88 1.06645e+88 -3.231e+87 9.3771e+86 -2.6041e+86 6.91323e+85 -1.75407e+85 4.26793e+84 -1.01447e+84 2.54014e+83 -8.22926e+82 4.16471e+82 -2.78297e+82 1.85081e+82 -9.39227e+81 0
0.0134 0 -4.40041e+81 -7.55133e+81 9.58964e+82 -5.45888e+83 2.69691e+84 -1.25369e+85 5.54656e+85 -2.33831e+86 9.40016e+86 -3.6074e+87 1.32316e+88 -4.64431e+88 1.56181e+89 -5.03732e+89 1.55983e+90 -4.6416e+90 1.32846e+91 -3.65992e+91 9.71328e+91 -2.48507e+92 6.13303e+92 -1.46098e+93 3.36119e+93 -7.47238e+93 1.60605e+94 -3.33886e+94 6.71691e+94 -1.30813e+95 2.46723e+95 -4.5082e+95 7.9832e+95 -1.37047e+96 2.2814e+96 -3.68382e+96 5.77118e+96 -8.7741e+96 1.29481e+97 -1.85507e+97 2.58072e+97 -3.48678e+97 4.57584e+97 -5.83365e+97 7.22575e+97 -8.69648e+97 1.01709e+98 -1.15603e+98 1.277e+98 -1.37103e+98 1.43073e+98 -1.4512e+98 1.43073e+98 -1.37103e+98 1.277e+98 -1.15603e+98 1.01709e+98 -8.69648e+97 7.22575e+97 -5.83365e+97 4.57584e+97 -3.48678e+97 2.58072e+97 -1.85507e+97 1.29481e+97 -8.7741e+96 5.77118e+96 -3.68382e+96 2.2814e+96 -1.37047e+96 7.9832e+95 -4.5082e+95 2.46723e+95 -1.30813e+95 6.71691e+94 -3.33886e+94 1.60605e+94 -7.47238e+93 3.36119e+93 -1.46098e+93 6.13303e+92 -2.48507e+92 9.71328e+91 -3.65992e+91 1.32846e+91 -4.6416e+90 1.55983e+90 -5.03734e+89 1.56182e+89 -4.64447e+88 1.32332e+88 -3.60898e+87 9.41575e+86 -2.3536e+86 5.6947e+85 -1.39399e+85 3.97947e+84 -1.65857e+84 9.87476e+83 -6.31674e+83 3.17128e+83 0
0.0136 0 2.65376e+81 9.44169e+83 -6.51656e+84 3.3878e+85 -1.6094e+86 7.24265e+86 -3.10573e+87 1.27048e+88 -4.96288e+88 1.85332e+89 -6.6242e+89 2.26874e+90 -7.4537e+90 2.35145e+91 -7.1299e+91 2.07968e+92 -5.8402e+92 1.58018e+93 -4.12235e+93 1.03759e+94 -2.5213e+94 5.91819e+94 -1.34263e+95 2.94542e+95 -6.25128e+95 1.28415e+96 -2.55428e+96 4.9215e+96 -9.18887e+96 1.66307e+97 -2.91865e+97 4.96827e+97 -8.20543e+97 1.31517e+98 -2.04623e+98 3.09108e+98 -4.53461e+98 6.46141e+98 -8.94426e+98 1.20299e+99 -1.5723e+99 1.99723e+99 -2.46595e+99 2.95969e+99 -3.45345e+99 3.91773e+99 -4.32132e+99 4.63466e+99 -4.83341e+99 4.90153e+99 -4.83341e+99 4.63466e+99 -4.32132e+99 3.91773e+99 -3.45345e+99 2.95969e+99 -2.46595e+99 1.99723e+99 -1.5723e+99 1.20299e+99 -8.94426e+98 6.46141e+98 -4.53461e+98 3.09108e+98 -2.04623e+98 1.31517e+98 -8.20543e+97 4.96827e+97 -2.91865e+97 1.66307e+97 -9.18887e+96 4.9215e+96 -2.55428e+96 1.28415e+96 -6.25128e+95 2.94542e+95 -1.34263e+95 5.91819e+94 -2.5213e+94 1.03759e+94 -4.12235e+93 1.58018e+93 -5.8402e+92 2.07968e+92 -7.12991e+91 2.35145e+91 -7.45375e+90 2.26879e+90 -6.62475e+89 1.85386e+89 -4.96818e+88 1.27567e+88 -3.15586e+87 7.7163e+86 -2.0414e+86 7.12813e+85 -3.64396e+85 2.18667e+85 -1.07685e+85 0
0.0138 0 8.45066e+84 -7.37394e+85 4.1776e+86 -2.0497e+87 9.40102e+87 -4.10008e+88 1.70609e+89 -6.78122e+89 2.57733e+90 -9.37736e+90 3.26986e+91 -1.09391e+92 3.51464e+92 -1.08551e+93 3.22569e+93 -9.23e+93 2.5451e+94 -6.76769e+94 1.7366e+95 -4.30282e+95 1.03004e+96 -2.38365e+96 5.33508e+96 -1.15547e+97 2.42263e+97 -4.91945e+97 9.67865e+97 -1.84563e+98 3.41239e+98 -6.1192e+98 1.0646e+99 -1.79746e+99 2.94595e+99 -4.68805e+99 7.24536e+99 -1.08773e+100 1.58656e+100 -2.24878e+100 3.09788e+100 -4.14832e+100 5.40046e+100 -6.83583e+100 8.41398e+100 -1.00717e+101 1.17254e+101 -1.32772e+101 1.4624e+101 -1.56684e+101 1.63303e+101 -1.65571e+101 1.63303e+101 -1.56684e+101 1.4624e+101 -1.32772e+101 1.17254e+101 -1.00717e+101 8.41398e+100 -6.83583e+100 5.40046e+100 -4.14832e+100 3.09788e+100 -2.24878e+100 1.58656e+100 -1.08773e+100 7.24536e+99 -4.68805e+99 2.94595e+99 -1.79746e+99 1.0646e+99 -6.1192e+98 3.41239e+98 -1.84563e+98 9.67865e+97 -4.91945e+97 2.42263e+97 -1.15547e+97 5.33508e+96 -2.38365e+96 1.03004e+96 -4.30282e+95 1.7366e+95 -6.76769e+94 2.5451e+94 -9.23e+93 3.22569e+93 -1.08551e+93 3.51466e+92 -1.09393e+92 3.27004e+91 -9.37919e+90 2.57913e+90 -6.79882e+89 1.72306e+89 -4.26e+88 1.08564e+88 -3.30737e+87 1.42235e+87 -7.75373e+86 3.69414e+86 0
0.014 0 -7.98862e+86 5.01667e+87 -2.58016e+88 1.21198e+89 -5.38032e+89 2.27683e+90 -9.20496e+90 3.55941e+91 -1.31786e+92 4.67706e+92 -1.59276e+93 5.21e+93 -1.6385e+94 4.9586e+94 -1.44522e+95 4.05978e+95 -1.09996e+96 2.87641e+96 -7.26431e+96 1.77282e+97 -4.18313e+97 9.54838e+97 -2.1094e+98 4.51222e+98 -9.34988e+98 1.87751e+99 -3.65496e+99 6.90016e+99 -1.26374e+100 2.24599e+100 -3.87473e+100 6.4904e+100 -1.05587e+101 1.66862e+101 -2.56218e+101 3.82343e+101 -5.54588e+101 7.8205e+101 -1.07229e+102 1.42978e+102 -1.85422e+102 2.33903e+102 -2.87038e+102 3.42697e+102 -3.98092e+102 4.49972e+102 -4.94928e+102 5.29748e+102 -5.51798e+102 5.5935e+102 -5.51798e+102 5.29748e+102 -4.94928e+102 4.49972e+102 -3.98092e+102 3.42697e+102 -2.87038e+102 2.33903e+102 -1.85422e+102 1.42978e+102 -1.07229e+102 7.8205e+101 -5.54588e+101 3.82343e+101 -2.56218e+101 1.66862e+101 -1.05587e+101 6.4904e+100 -3.87473e+100 2.24599e+100 -1.26374e+100 6.90016e+99 -3.65496e+99 1.87751e+99 -9.34988e+98 4.51222e+98 -2.1094e+98 9.54838e+97 -4.18313e+97 1.77282e+97 -7.26431e+96 2.87641e+96 -1.09996e+96 4.05978e+95 -1.44522e+95 4.95861e+94 -1.63851e+94 5.21006e+93 -1.59282e+93 4.67769e+92 -1.31847e+92 3.56538e+91 -9.26239e+90 2.33083e+90 -5.87074e+89 1.63498e+89 -5.95388e+88 2.85537e+88 -1.28997e+88 0
0.0142 0 5.79403e+88 -3.19745e+89 1.54918e+90 -7.01572e+90 3.02001e+91 -1.24157e+92 4.88289e+92 -1.83911e+93 6.64086e+93 -2.30136e+94 7.66161e+94 -2.45269e+95 7.55676e+95 -2.24262e+96 6.41565e+96 -1.77052e+97 4.71663e+97 -1.21369e+98 3.01844e+98 -7.25942e+98 1.68924e+99 -3.80507e+99 8.30073e+99 -1.75445e+100 3.59426e+100 -7.13989e+100 1.37575e+101 -2.57218e+101 4.6678e+101 -8.22432e+101 1.4073e+102 -2.33927e+102 3.77823e+102 -5.93073e+102 9.04959e+102 -1.34256e+103 1.93688e+103 -2.71772e+103 3.70942e+103 -4.92567e+103 6.36408e+103 -8.00142e+103 9.79042e+103 -1.16594e+104 1.35152e+104 -1.525e+104 1.6751e+104 -1.79122e+104 1.8647e+104 -1.88985e+104 1.8647e+104 -1.79122e+104 1.6751e+104 -1.525e+104 1.35152e+104 -1.16594e+104 9.79042e+103 -8.00142e+103 6.36408e+103 -4.92567e+103 3.70942e+103 -2.71772e+103 1.93688e+103 -1.34256e+103 9.04959e+102 -5.93073e+102 3.77823e+102 -2.33927e+102 1.4073e+102 -8.22432e+101 4.6678e+101 -2.57218e+101 1.37575e+101 -7.13989e+100 3.59426e+100 -1.75445e+100 8.30073e+99 -3.80507e+99 1.68924e+99 -7.25942e+98 3.01844e+98 -1.21369e+98 4.71663e+97 -1.77052e+97 6.41565e+96 -2.24263e+96 7.55678e+95 -2.45271e+95 7.66183e+94 -2.30157e+94 6.64294e+93 -1.84113e+93 4.90232e+92 -1.25981e+92 3.1853e+91 -8.43879e+90 2.68251e+90 -1.10958e+90 4.63749e+89 0
0.0144 0 -3.80555e+90 1.9585e+91 -9.08318e+91 3.98117e+92 -1.6643e+93 6.65519e+93 -2.54912e+94 9.36236e+94 -3.3006e+95 1.118e+96 -3.64199e+96 1.14201e+97 -3.44982e+97 1.00473e+98 -2.82326e+98 7.65927e+98 -2.00743e+99 5.08587e+99 -1.24626e+100 2.95526e+100 -6.78488e+100 1.50886e+101 -3.25168e+101 6.79353e+101 -1.37651e+102 2.70592e+102 -5.16241e+102 9.56158e+102 -1.7198e+103 3.00481e+103 -5.10108e+103 8.4163e+103 -1.34987e+104 2.10509e+104 -3.19257e+104 4.70958e+104 -6.75881e+104 9.43784e+104 -1.28248e+105 1.69615e+105 -2.18355e+105 2.73647e+105 -3.33881e+105 3.96643e+105 -4.58826e+105 5.16846e+105 -5.6697e+105 6.05706e+105 -6.302e+105 6.38581e+105 -6.302e+105 6.05706e+105 -5.6697e+105 5.16846e+105 -4.58826e+105 3.96643e+105 -3.33881e+105 2.73647e+105 -2.18355e+105 1.69615e+105 -1.28248e+105 9.43784e+104 -6.75881e+104 4.70958e+104 -3.19257e+104 2.10509e+104 -1.34987e+104 8.4163e+103 -5.10108e+103 3.00481e+103 -1.7198e+103 9.56158e+102 -5.16241e+102 2.70592e+102 -1.37651e+102 6.79353e+101 -3.25168e+101 1.50886e+101 -6.78488e+100 2.95526e+100 -1.24626e+100 5.08587e+99 -2.00743e+99 7.65927e+98 -2.82326e+98 1.00474e+98 -3.44983e+97 1.14202e+97 -3.64207e+96 1.11807e+96 -3.3013e+95 9.36923e+94 -2.5557e+94 6.7168e+93 -1.72001e+93 4.46004e+92 -1.28915e+92 4.60982e+91 -1.74191e+91 0
0.0146 0 2.37212e+92 -1.16542e+93 5.21417e+93 -2.2173e+94 9.01387e+94 -3.51006e+95 1.31086e+96 -4.69977e+96 1.61922e+97 -5.36595e+97 1.71192e+98 -5.2623e+98 1.55977e+99 -4.46123e+99 1.23212e+100 -3.28803e+100 8.48321e+100 -2.11725e+101 5.11449e+101 -1.19637e+102 2.71122e+102 -5.95514e+102 1.26831e+103 -2.62023e+103 5.25275e+103 -1.02216e+104 1.93144e+104 -3.54486e+104 6.32121e+104 -1.09547e+105 1.84548e+105 -3.02293e+105 4.81562e+105 -7.46227e+105 1.12504e+106 -1.6505e+106 2.35661e+106 -3.2753e+106 4.43163e+106 -5.83819e+106 7.4894e+106 -9.35647e+106 1.13845e+107 -1.34923e+107 1.55761e+107 -1.75169e+107 1.91912e+107 -2.04837e+107 2.13004e+107 -2.15798e+107 2.13004e+107 -2.04837e+107 1.91912e+107 -1.75169e+107 1.55761e+107 -1.34923e+107 1.13845e+107 -9.35647e+106 7.4894e+106 -5.83819e+106 4.43163e+106 -3.2753e+106 2.35661e+106 -1.6505e+106 1.12504e+106 -7.46227e+105 4.81562e+105 -3.02293e+105 1.84548e+105 -1.09547e+105 6.32121e+104 -3.54486e+104 1.93144e+104 -1.02216e+104 5.25275e+103 -2.62023e+103 1.26831e+103 -5.95514e+102 2.71122e+102 -1.19637e+102 5.11449e+101 -2.11725e+101 8.48321e+100 -3.28803e+100 1.23212e+100 -4.46124e+99 1.55977e+99 -5.26232e+98 1.71194e+98 -5.36619e+97 1.61946e+97 -4.7021e+96 1.31308e+96 -3.53088e+95 9.20173e+94 -2.37849e+94 6.49424e+93 -2.05569e+93 6.94053e+92 0
0.0148 0 -1.42879e+94 6.77287e+94 -2.93564e+95 1.21334e+96 -4.8025e+96 1.82317e+97 -6.64562e+97 2.32817e+98 -7.84638e+98 2.54613e+99 -7.96171e+99 2.40097e+100 -6.9878e+100 1.96409e+101 -5.33496e+101 1.40123e+102 -3.56077e+102 8.75922e+102 -2.08685e+103 4.81755e+103 -1.07811e+104 2.33982e+104 -4.92672e+104 1.00681e+105 -1.99758e+105 3.84921e+105 -7.20578e+105 1.31087e+106 -2.31807e+106 3.9856e+106 -6.66443e+106 1.08401e+107 -1.71552e+107 2.64201e+107 -3.9603e+107 5.77899e+107 -8.21056e+107 1.13593e+108 -1.53056e+108 2.0087e+108 -2.56801e+108 3.19842e+108 -3.88125e+108 4.58919e+108 -5.2876e+108 5.93694e+108 -6.49633e+108 6.9277e+108 -7.20009e+108 7.29323e+108 -7.20009e+108 6.9277e+108 -6.49633e+108 5.93694e+108 -5.2876e+108 4.58919e+108 -3.88125e+108 3.19842e+108 -2.56801e+108 2.0087e+108 -1.53056e+108 1.13593e+108 -8.21056e+107 5.77899e+107 -3.9603e+107 2.64201e+107 -1.71552e+107 1.08401e+107 -6.66443e+106 3.9856e+106 -2.31807e+106 1.31087e+106 -7.20578e+105 3.84921e+105 -1.99758e+105 1.00681e+105 -4.92672e+104 2.33982e+104 -1.07811e+104 4.81755e+103 -2.08685e+103 8.75922e+102 -3.56077e+102 1.40123e+102 -5.33496e+101 1.96409e+101 -6.98781e+100 2.40098e+100 -7.9618e+99 2.54621e+99 -7.8472e+98 2.32896e+98 -6.65316e+97 1.8302e+97 -4.86585e+96 1.26761e+96 -3.36602e+95 9.76318e+94 -2.96235e+94 0
0.015 0 8.38402e+95 -3.85549e+96 1.62319e+97 -6.53002e+97 2.51936e+98 -9.33387e+98 3.32405e+99 -1.13896e+100 3.75809e+100 -1.19509e+101 3.66561e+101 -1.08524e+102 3.10338e+102 -8.57737e+102 2.2927e+103 -5.9301e+103 1.48501e+104 -3.60223e+104 8.46819e+104 -1.93012e+105 4.26711e+105 -9.15402e+105 1.90626e+106 -3.85475e+106 7.57181e+106 -1.4452e+107 2.68107e+107 -4.83573e+107 8.48206e+107 -1.44722e+108 2.40247e+108 -3.8812e+108 6.10306e+108 -9.34291e+108 1.39266e+109 -2.02167e+109 2.8585e+109 -3.93722e+109 5.28349e+109 -6.90847e+109 8.80271e+109 -1.09312e+110 1.32302e+110 -1.56082e+110 1.79493e+110 -2.01222e+110 2.19915e+110 -2.34316e+110 2.43403e+110 -2.46509e+110 2.43403e+110 -2.34316e+110 2.19915e+110 -2.01222e+110 1.79493e+110 -1.56082e+110 1.32302e+110 -1.09312e+110 8.80271e+109 -6.90847e+109 5.28349e+109 -3.93722e+109 2.8585e+109 -2.02167e+109 1.39266e+109 -9.34291e+108 6.10306e+108 -3.8812e+108 2.40247e+108 -1.44722e+108 8.48206e+107 -4.83573e+107 2.68107e+107 -1.4452e+107 7.57181e+106 -3.85475e+106 1.90626e+106 -9.15402e+105 4.26711e+105 -1.93012e+105 8.46819e+104 -3.60223e+104 1.48501e+104 -5.9301e+103 2.2927e+103 -8.57738e+102 3.10338e+102 -1.08524e+102 3.66564e+101 -1.19512e+101 3.75837e+100 -1.13923e+100 3.3266e+99 -9.35763e+98 2.54072e+98 -6.71276e+97 1.76793e+97 -4.86019e+96 1.35336e+96 0
0.0152 0 -4.81281e+97 2.15388e+98 -8.82405e+98 3.45952e+99 -1.3024e+100 4.71363e+100 -1.64158e+101 5.50611e+101 -1.78016e+102 5.55197e+102 -1.67157e+103 4.86173e+103 -1.36687e+104 3.71708e+104 -9.78271e+104 2.49307e+105 -6.15529e+105 1.47302e+106 -3.4183e+106 7.69554e+106 -1.68139e+107 3.56666e+107 -7.34808e+107 1.47079e+108 -2.86109e+108 5.41059e+108 -9.94975e+108 1.77971e+109 -3.09716e+109 5.24514e+109 -8.64619e+109 1.38757e+110 -2.16837e+110 3.30018e+110 -4.89258e+110 7.06649e+110 -9.94481e+110 1.36387e+111 -1.823e+111 2.37512e+111 -3.01657e+111 3.73515e+111 -4.50926e+111 5.30805e+111 -6.0929e+111 6.82015e+111 -7.44497e+111 7.92584e+111 -8.22907e+111 8.33269e+111 -8.22907e+111 7.92584e+111 -7.44497e+111 6.82015e+111 -6.0929e+111 5.30805e+111 -4.50926e+111 3.73515e+111 -3.01657e+111 2.37512e+111 -1.823e+111 1.36387e+111 -9.94481e+110 7.06649e+110 -4.89258e+110 3.30018e+110 -2.16837e+110 1.38757e+110 -8.64619e+109 5.24514e+109 -3.09716e+109 1.77971e+109 -9.94975e+108 5.41059e+108 -2.86109e+108 1.47079e+108 -7.34808e+107 3.56666e+107 -1.68139e+107 7.69554e+106 -3.4183e+106 1.47302e+106 -6.15529e+105 2.49307e+105 -9.78271e+104 3.71708e+104 -1.36688e+104 4.86174e+103 -1.67158e+103 5.55206e+102 -1.78026e+102 5.50702e+101 -1.64245e+101 4.72166e+100 -1.3096e+100 3.52107e+99 -9.31095e+98 2.49154e+98 -6.5425e+97 0
0.0154 0 2.70938e+99 -1.18249e+100 4.72089e+100 -1.80575e+101 6.63998e+101 -2.34976e+102 8.00959e+102 -2.63201e+103 8.34434e+103 -2.55414e+104 7.55341e+104 -2.15959e+105 5.97303e+105 -1.59905e+106 4.14583e+106 -1.0415e+107 2.53643e+107 -5.99089e+107 1.37295e+108 -3.05411e+108 6.59708e+108 -1.38423e+109 2.82231e+109 -5.59343e+109 1.07786e+110 -2.02012e+110 3.68333e+110 -6.53529e+110 1.12863e+111 -1.89757e+111 3.10667e+111 -4.95369e+111 7.69448e+111 -1.16445e+112 1.71721e+112 -2.46803e+112 3.45749e+112 -4.72186e+112 6.28718e+112 -8.16272e+112 1.03346e+113 -1.27604e+113 1.53669e+113 -1.80504e+113 2.0682e+113 -2.31164e+113 2.52053e+113 -2.68114e+113 2.78235e+113 -2.81693e+113 2.78235e+113 -2.68114e+113 2.52053e+113 -2.31164e+113 2.0682e+113 -1.80504e+113 1.53669e+113 -1.27604e+113 1.03346e+113 -8.16272e+112 6.28718e+112 -4.72186e+112 3.45749e+112 -2.46803e+112 1.71721e+112 -1.16445e+112 7.69448e+111 -4.95369e+111 3.10667e+111 -1.89757e+111 1.12863e+111 -6.53529e+110 3.68333e+110 -2.02012e+110 1.07786e+110 -5.59343e+109 2.82231e+109 -1.38423e+109 6.59708e+108 -3.05411e+108 1.37295e+108 -5.99089e+107 2.53643e+107 -1.0415e+107 4.14583e+106 -1.59905e+106 5.97303e+105 -2.15959e+105 7.55344e+104 -2.55417e+104 8.34466e+103 -2.63232e+103 8.01251e+102 -2.35247e+102 6.6643e+101 -1.82648e+101 4.88472e+100 -1.296e+100 3.29054e+99 0
0.0156 0 -1.49822e+101 6.38678e+101 -2.48782e+102 9.29352e+102 -3.341e+103 1.15706e+104 -3.86346e+104 1.24475e+105 -3.87248e+105 1.16412e+106 -3.38372e+106 9.51574e+106 -2.59056e+107 6.83102e+107 -1.74558e+108 4.32481e+108 -1.03936e+109 2.42394e+109 -5.48801e+109 1.20673e+110 -2.57789e+110 5.35216e+110 -1.08029e+111 2.1205e+111 -4.04894e+111 7.52266e+111 -1.36031e+112 2.39469e+112 -4.10489e+112 6.85313e+112 -1.11455e+113 1.76608e+113 -2.72712e+113 4.10441e+113 -6.02165e+113 8.61314e+113 -1.20128e+114 1.63388e+114 -2.16738e+114 2.80437e+114 -3.53963e+114 4.35854e+114 -5.23619e+114 6.13778e+114 -7.02023e+114 7.83531e+114 -8.53381e+114 9.07035e+114 -9.40826e+114 9.52365e+114 -9.40826e+114 9.07035e+114 -8.53381e+114 7.83531e+114 -7.02023e+114 6.13778e+114 -5.23619e+114 4.35854e+114 -3.53963e+114 2.80437e+114 -2.16738e+114 1.63388e+114 -1.20128e+114 8.61314e+113 -6.02165e+113 4.10441e+113 -2.72712e+113 1.76608e+113 -1.11455e+113 6.85313e+112 -4.10489e+112 2.39469e+112 -1.36031e+112 7.52266e+111 -4.04894e+111 2.1205e+111 -1.08029e+111 5.35216e+110 -2.57789e+110 1.20673e+110 -5.48801e+109 2.42394e+109 -1.03936e+109 4.32481e+108 -1.74558e+108 6.83102e+107 -2.59056e+107 9.51575e+106 -3.38373e+106 1.16413e+106 -3.87259e+105 1.24485e+105 -3.86445e+104 1.15797e+104 -3.3492e+103 9.36339e+102 -2.54296e+102 6.76849e+101 -1.69354e+101 0
0.0158 0 8.14796e+102 -3.39695e+103 1.29242e+104 -4.71957e+104 1.66021e+105 -5.63144e+105 1.84336e+106 -5.82717e+106 1.78017e+107 -5.25902e+107 1.50334e+108 -4.16072e+108 1.11552e+109 -2.89873e+109 7.30419e+109 -1.78554e+110 4.23629e+110 -9.75894e+110 2.18367e+111 -4.74785e+111 1.00342e+112 -2.062e+112 4.12144e+112 -8.01471e+112 1.51679e+113 -2.79433e+113 5.01245e+113 -8.75673e+113 1.49022e+114 -2.47093e+114 3.99263e+114 -6.28819e+114 9.65453e+114 -1.44526e+115 2.10976e+115 -3.00367e+115 4.17119e+115 -5.65073e+115 7.46852e+115 -9.63146e+115 1.21204e+116 -1.48847e+116 1.784e+116 -2.08693e+116 2.38288e+116 -2.65582e+116 2.88944e+116 -3.06872e+116 3.18156e+116 -3.22009e+116 3.18156e+116 -3.06872e+116 2.88944e+116 -2.65582e+116 2.38288e+116 -2.08693e+116 1.784e+116 -1.48847e+116 1.21204e+116 -9.63146e+115 7.46852e+115 -5.65073e+115 4.17119e+115 -3.00367e+115 2.10976e+115 -1.44526e+115 9.65453e+114 -6.28819e+114 3.99263e+114 -2.47093e+114 1.49022e+114 -8.75673e+113 5.01245e+113 -2.79433e+113 1.51679e+113 -8.01471e+112 4.12144e+112 -2.062e+112 1.00342e+112 -4.74785e+111 2.18367e+111 -9.75894e+110 4.23629e+110 -1.78554e+110 7.30419e+109 -2.89873e+109 1.11552e+109 -4.16072e+108 1.50334e+108 -5.25906e+107 1.78021e+107 -5.82753e+106 1.8437e+106 -5.63454e+105 1.66298e+105 -4.74312e+104 1.31098e+104 -3.52534e+103 8.8046e+102 0
0.016 0 -4.36243e+104 1.78066e+105 -6.6237e+105 2.36657e+106 -8.15274e+106 2.71063e+107 -8.70453e+107 2.70165e+108 -8.10971e+108 2.35583e+109 -6.62668e+109 1.80594e+110 -4.77075e+110 1.22225e+111 -3.03829e+111 7.33122e+111 -1.71785e+112 3.91042e+112 -8.65072e+112 1.86047e+113 -3.89116e+113 7.91693e+113 -1.56741e+114 3.02052e+114 -5.66714e+114 1.03548e+115 -1.84295e+115 3.19579e+115 -5.40039e+115 8.8949e+115 -1.42826e+116 2.23612e+116 -3.41412e+116 5.08421e+116 -7.38568e+116 1.04673e+117 -1.44749e+117 1.95333e+117 -2.57253e+117 3.30684e+117 -4.14925e+117 5.08233e+117 -6.07748e+117 7.09541e+117 -8.08811e+117 9.00224e+117 -9.78373e+117 1.03829e+118 -1.07598e+118 1.08885e+118 -1.07598e+118 1.03829e+118 -9.78373e+117 9.00224e+117 -8.08811e+117 7.09541e+117 -6.07748e+117 5.08233e+117 -4.14925e+117 3.30684e+117 -2.57253e+117 1.95333e+117 -1.44749e+117 1.04673e+117 -7.38568e+116 5.08421e+116 -3.41412e+116 2.23612e+116 -1.42826e+116 8.8949e+115 -5.40039e+115 3.19579e+115 -1.84295e+115 1.03548e+115 -5.66714e+114 3.02052e+114 -1.56741e+114 7.91693e+113 -3.89116e+113 1.86047e+113 -8.65072e+112 3.91042e+112 -1.71785e+112 7.33122e+111 -3.03829e+111 1.22225e+111 -4.77075e+110 1.80594e+110 -6.6267e+109 2.35584e+109 -8.10983e+108 2.70177e+108 -8.70567e+107 2.71168e+107 -8.16209e+106 2.37451e+106 -6.6862e+105 1.82386e+105 -4.58324e+104 0
0.0162 0 2.3014e+106 -9.2064e+106 3.35126e+107 -1.17248e+108 3.95866e+108 -1.29105e+109 4.07001e+109 -1.24106e+110 3.66273e+110 -1.04685e+111 2.89914e+111 -7.78373e+111 2.027e+112 -5.12233e+112 1.25667e+113 -2.99429e+113 6.93198e+113 -1.55981e+114 3.41266e+114 -7.26212e+114 1.50356e+115 -3.02965e+115 5.94297e+115 -1.13519e+116 2.11204e+116 -3.82825e+116 6.76187e+116 -1.1641e+117 1.95371e+117 -3.19712e+117 5.10225e+117 -7.94222e+117 1.20605e+118 -1.7869e+118 2.58346e+118 -3.64523e+118 5.02021e+118 -6.74899e+118 8.85766e+118 -1.13502e+119 1.42012e+119 -1.73507e+119 2.07018e+119 -2.41226e+119 2.74527e+119 -3.05148e+119 3.31295e+119 -3.51326e+119 3.63918e+119 -3.68215e+119 3.63918e+119 -3.51326e+119 3.31295e+119 -3.05148e+119 2.74527e+119 -2.41226e+119 2.07018e+119 -1.73507e+119 1.42012e+119 -1.13502e+119 8.85766e+118 -6.74899e+118 5.02021e+118 -3.64523e+118 2.58346e+118 -1.7869e+118 1.20605e+118 -7.94222e+117 5.10225e+117 -3.19712e+117 1.95371e+117 -1.1641e+117 6.76187e+116 -3.82825e+116 2.11204e+116 -1.13519e+116 5.94297e+115 -3.02965e+115 1.50356e+115 -7.26212e+114 3.41266e+114 -1.55981e+114 6.93198e+113 -2.99429e+113 1.25667e+113 -5.12233e+112 2.027e+112 -7.78374e+111 2.89914e+111 -1.04685e+111 3.66277e+110 -1.2411e+110 4.07039e+109 -1.2914e+109 3.96182e+108 -1.17516e+108 3.37231e+107 -9.35177e+106 2.37567e+106 0
0.0164 0 -1.19724e+108 4.69806e+108 -1.67496e+109 5.74275e+109 -1.90167e+110 6.08767e+110 -1.88522e+111 5.65115e+111 -1.6407e+112 4.61618e+112 -1.25928e+113 3.33242e+113 -8.5586e+113 2.13423e+114 -5.16958e+114 1.2168e+115 -2.78415e+115 6.19489e+115 -1.34086e+116 2.82414e+116 -5.78985e+116 1.15572e+117 -2.24679e+117 4.25503e+117 -7.85203e+117 1.41221e+118 -2.47598e+118 4.23267e+118 -7.05645e+118 1.14747e+119 -1.82033e+119 2.81764e+119 -4.25611e+119 6.27469e+119 -9.02984e+119 1.26861e+120 -1.74016e+120 2.3308e+120 -3.04872e+120 3.89463e+120 -4.85941e+120 5.92246e+120 -7.05095e+120 8.20061e+120 -9.31788e+120 1.03438e+121 -1.12188e+121 1.18885e+121 -1.23093e+121 1.24529e+121 -1.23093e+121 1.18885e+121 -1.12188e+121 1.03438e+121 -9.31788e+120 8.20061e+120 -7.05095e+120 5.92246e+120 -4.85941e+120 3.89463e+120 -3.04872e+120 2.3308e+120 -1.74016e+120 1.26861e+120 -9.02984e+119 6.27469e+119 -4.25611e+119 2.81764e+119 -1.82033e+119 1.14747e+119 -7.05645e+118 4.23267e+118 -2.47598e+118 1.41221e+118 -7.85203e+117 4.25503e+117 -2.24679e+117 1.15572e+117 -5.78985e+116 2.82414e+116 -1.34086e+116 6.19489e+115 -2.78415e+115 1.2168e+115 -5.16958e+114 2.13423e+114 -8.5586e+113 3.33243e+113 -1.25928e+113 4.6162e+112 -1.64072e+112 5.65129e+111 -1.88535e+111 6.08887e+110 -1.90273e+110 5.75177e+109 -1.68205e+109 4.747e+108 -1.22223e+108 0
0.0166 0 6.14614e+109 -2.36782e+110 8.27458e+110 -2.78226e+111 9.04238e+111 -2.84317e+112 8.65435e+112 -2.55173e+113 7.29196e+113 -2.02065e+114 5.43238e+114 -1.41758e+115 3.59213e+115 -8.84278e+115 2.11559e+116 -4.92087e+116 1.11321e+117 -2.45009e+117 5.24806e+117 -1.09435e+118 2.2222e+118 -4.39538e+118 8.47048e+118 -1.59083e+119 2.91238e+119 -5.19842e+119 9.04871e+119 -1.53631e+120 2.54464e+120 -4.11252e+120 6.48623e+120 -9.98497e+120 1.50049e+121 -2.20147e+121 3.15383e+121 -4.41226e+121 6.02875e+121 -8.04602e+121 1.04897e+122 -1.33601e+122 1.66246e+122 -2.02126e+122 2.4013e+122 -2.78771e+122 3.1626e+122 -3.50635e+122 3.79922e+122 -4.0232e+122 4.16385e+122 -4.21182e+122 4.16385e+122 -4.0232e+122 3.79922e+122 -3.50635e+122 3.1626e+122 -2.78771e+122 2.4013e+122 -2.02126e+122 1.66246e+122 -1.33601e+122 1.04897e+122 -8.04602e+121 6.02875e+121 -4.41226e+121 3.15383e+121 -2.20147e+121 1.50049e+121 -9.98497e+120 6.48623e+120 -4.11252e+120 2.54464e+120 -1.53631e+120 9.04871e+119 -5.19842e+119 2.91238e+119 -1.59083e+119 8.47048e+118 -4.39538e+118 2.2222e+118 -1.09435e+118 5.24806e+117 -2.45009e+117 1.11321e+117 -4.92087e+116 2.11559e+116 -8.84278e+115 3.59213e+115 -1.41758e+115 5.43239e+114 -2.02065e+114 7.29201e+113 -2.55178e+113 8.65479e+112 -2.84357e+112 9.04598e+111 -2.7853e+111 8.29848e+110 -2.3843e+110 6.23023e+109 0
0.0168 0 -3.11562e+111 1.17935e+112 -4.04275e+112 1.33402e+113 -4.25794e+113 1.31579e+114 -3.93902e+114 1.14301e+115 -3.21659e+115 8.78307e+115 -2.32812e+116 5.99328e+116 -1.49903e+117 3.6443e+117 -8.61475e+117 1.98085e+118 -4.43188e+118 9.65149e+118 -2.04646e+119 4.2261e+119 -8.50208e+119 1.66676e+120 -3.18486e+120 5.93307e+120 -1.0778e+121 1.90966e+121 -3.30081e+121 5.56689e+121 -9.16243e+121 1.47193e+122 -2.30839e+122 3.53462e+122 -5.28502e+122 7.71752e+122 -1.10075e+123 1.53366e+123 -2.08758e+123 2.77635e+123 -3.60795e+123 4.5818e+123 -5.68634e+123 6.89733e+123 -8.1772e+123 9.47604e+123 -1.07341e+124 1.18862e+124 -1.28666e+124 1.36158e+124 -1.4086e+124 1.42463e+124 -1.4086e+124 1.36158e+124 -1.28666e+124 1.18862e+124 -1.07341e+124 9.47604e+123 -8.1772e+123 6.89733e+123 -5.68634e+123 4.5818e+123 -3.60795e+123 2.77635e+123 -2.08758e+123 1.53366e+123 -1.10075e+123 7.71752e+122 -5.28502e+122 3.53462e+122 -2.30839e+122 1.47193e+122 -9.16243e+121 5.56689e+121 -3.30081e+121 1.90966e+121 -1.0778e+121 5.93307e+120 -3.18486e+120 1.66676e+120 -8.50208e+119 4.2261e+119 -2.04646e+119 9.65149e+118 -4.43188e+118 1.98085e+118 -8.61475e+117 3.6443e+117 -1.49903e+117 5.99328e+116 -2.32812e+116 8.78309e+115 -3.21661e+115 1.14302e+115 -3.93917e+114 1.31593e+114 -4.25915e+113 1.33505e+113 -4.0508e+112 1.1849e+112 -3.14393e+111 0
0.017 0 1.56053e+113 -5.8082e+113 1.95443e+114 -6.33321e+114 1.98645e+115 -6.03644e+115 1.77824e+116 -5.08081e+116 1.40873e+117 -3.79211e+117 9.91485e+117 -2.519e+118 6.2213e+118 -1.49421e+119 3.49123e+119 -7.9383e+119 1.75712e+120 -3.78737e+120 7.9517e+120 -1.62664e+121 3.24299e+121 -6.30277e+121 1.19441e+122 -2.20754e+122 3.98006e+122 -7.0014e+122 1.20192e+123 -2.01393e+123 3.29429e+123 -5.26137e+123 8.2058e+123 -1.24994e+124 1.8598e+124 -2.70333e+124 3.83923e+124 -5.32777e+124 7.22518e+124 -9.57619e+124 1.24055e+125 -1.57091e+125 1.9446e+125 -2.35331e+125 2.78436e+125 -3.22097e+125 3.64322e+125 -4.02935e+125 4.35763e+125 -4.60828e+125 4.76551e+125 -4.8191e+125 4.76551e+125 -4.60828e+125 4.35763e+125 -4.02935e+125 3.64322e+125 -3.22097e+125 2.78436e+125 -2.35331e+125 1.9446e+125 -1.57091e+125 1.24055e+125 -9.57619e+124 7.22518e+124 -5.32777e+124 3.83923e+124 -2.70333e+124 1.8598e+124 -1.24994e+124 8.2058e+123 -5.26137e+123 3.29429e+123 -2.01393e+123 1.20192e+123 -7.0014e+122 3.98006e+122 -2.20754e+122 1.19441e+122 -6.30277e+121 3.24299e+121 -1.62664e+121 7.9517e+120 -3.78737e+120 1.75712e+120 -7.9383e+119 3.49123e+119 -1.49421e+119 6.2213e+118 -2.519e+118 9.91485e+117 -3.79212e+117 1.40874e+117 -5.08086e+116 1.77829e+116 -6.0369e+115 1.98686e+115 -6.33667e+114 1.95714e+114 -5.82689e+113 1.57006e+113 0
0.0172 0 -7.72734e+114 2.82992e+115 -9.35375e+115 2.97835e+116 -9.18536e+116 2.74634e+117 -7.96513e+117 2.24197e+118 -6.12736e+118 1.62674e+119 -4.19709e+119 1.05279e+120 -2.56841e+120 6.0964e+120 -1.40838e+121 3.16773e+121 -6.93891e+121 1.48074e+122 -3.07916e+122 6.24119e+122 -1.23337e+123 2.37695e+123 -4.46827e+123 8.19501e+123 -1.46669e+124 2.56207e+124 -4.36904e+124 7.27445e+124 -1.18278e+125 1.8783e+125 -2.91371e+125 4.41578e+125 -6.53891e+125 9.46217e+125 -1.33818e+126 1.84977e+126 -2.49947e+126 3.30173e+126 -4.26417e+126 5.38467e+126 -6.64884e+126 8.02826e+126 -9.48e+126 1.09479e+127 -1.23652e+127 1.36596e+127 -1.47589e+127 1.55977e+127 -1.61235e+127 1.63027e+127 -1.61235e+127 1.55977e+127 -1.47589e+127 1.36596e+127 -1.23652e+127 1.09479e+127 -9.48e+126 8.02826e+126 -6.64884e+126 5.38467e+126 -4.26417e+126 3.30173e+126 -2.49947e+126 1.84977e+126 -1.33818e+126 9.46217e+125 -6.53891e+125 4.41578e+125 -2.91371e+125 1.8783e+125 -1.18278e+125 7.27445e+124 -4.36904e+124 2.56207e+124 -1.46669e+124 8.19501e+123 -4.46827e+123 2.37695e+123 -1.23337e+123 6.24119e+122 -3.07916e+122 1.48074e+122 -6.93891e+121 3.16773e+121 -1.40838e+121 6.0964e+120 -2.56841e+120 1.05279e+120 -4.19709e+119 1.62674e+119 -6.12738e+118 2.24199e+118 -7.9653e+117 2.7465e+117 -9.18674e+116 2.97952e+116 -9.3629e+115 2.83622e+115 -7.75944e+114 0
0.0174 0 3.78487e+116 -1.36475e+117 4.43376e+117 -1.38803e+118 4.2114e+118 -1.23955e+119 3.54114e+119 -9.82372e+119 2.64763e+120 -6.93542e+120 1.76644e+121 -4.37629e+121 1.05499e+122 -2.47562e+122 5.65654e+122 -1.25889e+123 2.72974e+123 -5.76871e+123 1.18843e+124 -2.38738e+124 4.6776e+124 -8.9409e+124 1.66759e+125 -3.03558e+125 5.3941e+125 -9.35847e+125 1.58554e+126 -2.62364e+126 4.24091e+126 -6.69738e+126 1.03348e+127 -1.55851e+127 2.2971e+127 -3.30951e+127 4.66131e+127 -6.41885e+127 8.64274e+127 -1.13796e+128 1.46528e+128 -1.84529e+128 2.27292e+128 -2.73847e+128 3.22743e+128 -3.72094e+128 4.19674e+128 -4.63074e+128 4.99894e+128 -5.27966e+128 5.45557e+128 -5.51549e+128 5.45557e+128 -5.27966e+128 4.99894e+128 -4.63074e+128 4.19674e+128 -3.72094e+128 3.22743e+128 -2.73847e+128 2.27292e+128 -1.84529e+128 1.46528e+128 -1.13796e+128 8.64274e+127 -6.41885e+127 4.66131e+127 -3.30951e+127 2.2971e+127 -1.55851e+127 1.03348e+127 -6.69738e+126 4.24091e+126 -2.62364e+126 1.58554e+126 -9.35847e+125 5.3941e+125 -3.03558e+125 1.66759e+125 -8.9409e+124 4.6776e+124 -2.38738e+124 1.18843e+124 -5.76871e+123 2.72974e+123 -1.25889e+123 5.65654e+122 -2.47562e+122 1.055e+122 -4.37629e+121 1.76644e+121 -6.93543e+120 2.64763e+120 -9.82378e+119 3.5412e+119 -1.2396e+119 4.21187e+118 -1.38843e+118 4.43684e+117 -1.36687e+117 3.79568e+116 0
0.0176 0 -1.83463e+118 6.51745e+118 -2.0824e+119 6.41313e+119 -1.91526e+120 5.55208e+120 -1.56307e+121 4.27561e+121 -1.13683e+122 2.93938e+122 -7.39335e+122 1.80973e+123 -4.31249e+123 1.00075e+124 -2.26226e+124 4.98325e+124 -1.06994e+125 2.23974e+125 -4.5724e+125 9.10548e+125 -1.76919e+126 3.35474e+126 -6.20932e+126 1.12206e+127 -1.97999e+127 3.41237e+127 -5.74476e+127 9.4489e+127 -1.51862e+128 2.38528e+128 -3.66191e+128 5.49556e+128 -8.06312e+128 1.15673e+129 -1.6227e+129 2.22623e+129 -2.9872e+129 3.92064e+129 -5.03365e+129 6.32224e+129 -7.76871e+129 9.3399e+129 -1.09868e+130 1.26462e+130 -1.42437e+130 1.5699e+130 -1.69324e+130 1.78721e+130 -1.84607e+130 1.86611e+130 -1.84607e+130 1.78721e+130 -1.69324e+130 1.5699e+130 -1.42437e+130 1.26462e+130 -1.09868e+130 9.3399e+129 -7.76871e+129 6.32224e+129 -5.03365e+129 3.92064e+129 -2.9872e+129 2.22623e+129 -1.6227e+129 1.15673e+129 -8.06312e+128 5.49556e+128 -3.66191e+128 2.38528e+128 -1.51862e+128 9.4489e+127 -5.74476e+127 3.41237e+127 -1.97999e+127 1.12206e+127 -6.20932e+126 3.35474e+126 -1.76919e+126 9.10548e+125 -4.5724e+125 2.23974e+125 -1.06994e+125 4.98325e+124 -2.26226e+124 1.00075e+124 -4.31249e+123 1.80973e+123 -7.39336e+122 2.93938e+122 -1.13684e+122 4.27563e+121 -1.56309e+121 5.55226e+120 -1.91542e+120 6.41446e+119 -2.08344e+119 6.52461e+118 -1.83827e+118 0
0.0178 0 8.8049e+119 -3.08343e+120 9.69466e+120 -2.93864e+121 8.64268e+121 -2.46871e+122 6.85219e+122 -1.84891e+123 4.85183e+123 -1.23871e+124 3.07801e+124 -7.44659e+124 1.7546e+125 -4.02783e+125 9.01086e+125 -1.96512e+126 4.17889e+126 -8.66746e+126 1.75384e+127 -3.46305e+127 6.67415e+127 -1.25572e+128 2.30694e+128 -4.13917e+128 7.25436e+128 -1.24214e+129 2.07826e+129 -3.39824e+129 5.43118e+129 -8.48561e+129 1.29621e+130 -1.9361e+130 2.82805e+130 -4.04018e+130 5.64564e+130 -7.7173e+130 1.03204e+131 -1.35032e+131 1.72871e+131 -2.16562e+131 2.65486e+131 -3.18512e+131 3.73987e+131 -4.29786e+131 4.83425e+131 -5.32231e+131 5.73558e+131 -6.0502e+131 6.24715e+131 -6.31421e+131 6.24715e+131 -6.0502e+131 5.73558e+131 -5.32231e+131 4.83425e+131 -4.29786e+131 3.73987e+131 -3.18512e+131 2.65486e+131 -2.16562e+131 1.72871e+131 -1.35032e+131 1.03204e+131 -7.7173e+130 5.64564e+130 -4.04018e+130 2.82805e+130 -1.9361e+130 1.29621e+130 -8.48561e+129 5.43118e+129 -3.39824e+129 2.07826e+129 -1.24214e+129 7.25436e+128 -4.13917e+128 2.30694e+128 -1.25572e+128 6.67415e+127 -3.46305e+127 1.75384e+127 -8.66746e+126 4.17889e+126 -1.96512e+126 9.01086e+125 -4.02783e+125 1.7546e+125 -7.44659e+124 3.07801e+124 -1.23871e+124 4.85184e+123 -1.84891e+123 6.85226e+122 -2.46877e+122 8.64321e+121 -2.93909e+121 9.69817e+120 -3.08584e+120 8.81717e+119 0
0.018 0 -4.18571e+121 1.44576e+122 -4.47551e+122 1.33592e+123 -3.87106e+123 1.09003e+124 -2.98411e+124 7.94587e+124 -2.05867e+125 5.19175e+125 -1.2749e+126 3.04943e+126 -7.10691e+126 1.61435e+127 -3.57512e+127 7.72116e+127 -1.62662e+128 3.34359e+128 -6.70754e+128 1.31352e+129 -2.51145e+129 4.68943e+129 -8.55271e+129 1.52391e+130 -2.65313e+130 4.51417e+130 -7.5073e+130 1.22051e+131 -1.94005e+131 3.01548e+131 -4.5838e+131 6.81509e+131 -9.9116e+131 1.41022e+132 -1.9631e+132 2.67393e+132 -3.56409e+132 4.6491e+132 -5.93531e+132 7.41652e+132 -9.07121e+132 1.08608e+133 -1.27295e+133 1.46059e+133 -1.64072e+133 1.80443e+133 -1.94291e+133 2.04827e+133 -2.11419e+133 2.13663e+133 -2.11419e+133 2.04827e+133 -1.94291e+133 1.80443e+133 -1.64072e+133 1.46059e+133 -1.27295e+133 1.08608e+133 -9.07121e+132 7.41652e+132 -5.93531e+132 4.6491e+132 -3.56409e+132 2.67393e+132 -1.9631e+132 1.41022e+132 -9.9116e+131 6.81509e+131 -4.5838e+131 3.01548e+131 -1.94005e+131 1.22051e+131 -7.5073e+130 4.51417e+130 -2.65313e+130 1.52391e+130 -8.55271e+129 4.68943e+129 -2.51145e+129 1.31352e+129 -6.70754e+128 3.34359e+128 -1.62662e+128 7.72116e+127 -3.57512e+127 1.61435e+127 -7.10691e+126 3.04943e+126 -1.2749e+126 5.19175e+125 -2.05867e+125 7.94589e+124 -2.98414e+124 1.09005e+124 -3.87124e+123 1.33607e+123 -4.47669e+122 1.44658e+122 -4.18984e+121 0
0.0182 0 1.97178e+123 -6.72098e+123 2.04949e+124 -6.02716e+124 1.72149e+125 -4.78062e+125 1.29137e+126 -3.39456e+126 8.68643e+126 -2.16461e+127 5.25466e+127 -1.24302e+128 2.86622e+128 -6.44421e+128 1.41312e+129 -3.02307e+129 6.31091e+129 -1.28592e+130 2.55805e+130 -4.96908e+130 9.42765e+130 -1.74734e+131 3.1643e+131 -5.59995e+131 9.68653e+131 -1.63795e+132 2.70798e+132 -4.37792e+132 6.92191e+132 -1.07047e+133 1.61946e+133 -2.39694e+133 3.47124e+133 -4.91922e+133 6.82234e+133 -9.26048e+133 1.23036e+134 -1.60015e+134 2.03728e+134 -2.53939e+134 3.09901e+134 -3.70297e+134 4.33246e+134 -4.96355e+134 5.5685e+134 -6.11767e+134 6.58182e+134 -6.93467e+134 7.15535e+134 -7.23046e+134 7.15535e+134 -6.93467e+134 6.58182e+134 -6.11767e+134 5.5685e+134 -4.96355e+134 4.33246e+134 -3.70297e+134 3.09901e+134 -2.53939e+134 2.03728e+134 -1.60015e+134 1.23036e+134 -9.26048e+133 6.82234e+133 -4.91922e+133 3.47124e+133 -2.39694e+133 1.61946e+133 -1.07047e+133 6.92191e+132 -4.37792e+132 2.70798e+132 -1.63795e+132 9.68653e+131 -5.59995e+131 3.1643e+131 -1.74734e+131 9.42765e+130 -4.96908e+130 2.55805e+130 -1.28592e+130 6.31091e+129 -3.02307e+129 1.41312e+129 -6.44421e+128 2.86622e+128 -1.24302e+128 5.25466e+127 -2.16461e+127 8.68644e+126 -3.39457e+126 1.29138e+126 -4.78068e+125 1.72155e+125 -6.02767e+124 2.04989e+124 -6.72372e+123 1.97318e+123 0
0.0184 0 -9.20791e+124 3.09881e+125 -9.31299e+125 2.69948e+126 -7.60326e+126 2.08316e+127 -5.55454e+127 1.44193e+128 -3.64554e+128 8.97953e+128 -2.15555e+129 5.04439e+129 -1.15116e+130 2.56245e+130 -5.5653e+130 1.17963e+131 -2.44077e+131 4.93104e+131 -9.72908e+131 1.87508e+132 -3.53076e+132 6.49679e+132 -1.1684e+133 2.05409e+133 -3.53065e+133 5.9342e+133 -9.75457e+133 1.56838e+134 -2.46688e+134 3.79625e+134 -5.71638e+134 8.42354e+134 -1.21484e+135 1.71491e+135 -2.36971e+135 3.20568e+135 -4.24572e+135 5.50577e+135 -6.99118e+135 8.69311e+135 -1.05856e+136 1.26239e+136 -1.47445e+136 1.68672e+136 -1.88991e+136 2.07416e+136 -2.22974e+136 2.34794e+136 -2.42183e+136 2.44697e+136 -2.42183e+136 2.34794e+136 -2.22974e+136 2.07416e+136 -1.88991e+136 1.68672e+136 -1.47445e+136 1.26239e+136 -1.05856e+136 8.69311e+135 -6.99118e+135 5.50577e+135 -4.24572e+135 3.20568e+135 -2.36971e+135 1.71491e+135 -1.21484e+135 8.42354e+134 -5.71638e+134 3.79625e+134 -2.46688e+134 1.56838e+134 -9.75457e+133 5.9342e+133 -3.53065e+133 2.05409e+133 -1.1684e+133 6.49679e+132 -3.53076e+132 1.87508e+132 -9.72908e+131 4.93104e+131 -2.44077e+131 1.17963e+131 -5.5653e+130 2.56245e+130 -1.15116e+130 5.04439e+129 -2.15555e+129 8.97953e+128 -3.64555e+128 1.44193e+128 -5.55457e+127 2.08318e+127 -7.60347e+126 2.69965e+126 -9.31434e+125 3.09973e+125 -9.21262e+124 0
0.0186 0 4.26416e+126 -1.41752e+127 4.20055e+127 -1.20063e+128 3.33604e+128 -9.02122e+128 2.37524e+129 -6.09138e+129 1.52209e+130 -3.70698e+130 8.80224e+130 -2.03839e+131 4.60492e+131 -1.01512e+132 2.18415e+132 -4.588e+132 9.41114e+132 -1.88554e+133 3.69058e+133 -7.0584e+133 1.31933e+134 -2.41056e+134 4.306e+134 -7.52129e+134 1.28482e+135 -2.14678e+135 3.50906e+135 -5.61189e+135 8.78211e+135 -1.34497e+136 2.01602e+136 -2.958e+136 4.24876e+136 -5.97487e+136 8.22689e+136 -1.10922e+137 1.46458e+137 -1.89384e+137 2.39852e+137 -2.97535e+137 3.61533e+137 -4.30325e+137 5.01766e+137 -5.73164e+137 6.41422e+137 -7.03246e+137 7.55406e+137 -7.95006e+137 8.19751e+137 -8.28168e+137 8.19751e+137 -7.95006e+137 7.55406e+137 -7.03246e+137 6.41422e+137 -5.73164e+137 5.01766e+137 -4.30325e+137 3.61533e+137 -2.97535e+137 2.39852e+137 -1.89384e+137 1.46458e+137 -1.10922e+137 8.22689e+136 -5.97487e+136 4.24876e+136 -2.958e+136 2.01602e+136 -1.34497e+136 8.78211e+135 -5.61189e+135 3.50906e+135 -2.14678e+135 1.28482e+135 -7.52129e+134 4.306e+134 -2.41056e+134 1.31933e+134 -7.0584e+133 3.69058e+133 -1.88554e+133 9.41114e+132 -4.588e+132 2.18415e+132 -1.01512e+132 4.60492e+131 -2.03839e+131 8.80224e+130 -3.70698e+130 1.52209e+130 -6.09139e+129 2.37525e+129 -9.0213e+128 3.33611e+128 -1.20069e+128 4.20101e+127 -1.41783e+127 4.26575e+126 0
0.0188 0 -1.95896e+128 6.43541e+128 -1.88116e+129 5.30419e+129 -1.45449e+130 3.88344e+130 -1.01001e+131 2.55971e+131 -6.32349e+131 1.5232e+132 -3.57869e+132 8.20309e+132 -1.835e+133 4.00693e+133 -8.543e+133 1.77884e+134 -3.61813e+134 7.19031e+134 -1.39642e+135 2.65077e+135 -4.91923e+135 8.9262e+135 -1.58399e+136 2.74934e+136 -4.66826e+136 7.75527e+136 -1.26071e+137 2.00568e+137 -3.12314e+137 4.76055e+137 -7.10402e+137 1.03795e+138 -1.48497e+138 2.0805e+138 -2.85471e+138 3.8365e+138 -5.05033e+138 6.51245e+138 -8.2269e+138 1.01817e+139 -1.23459e+139 1.46675e+139 -1.70744e+139 1.94762e+139 -2.17693e+139 2.38441e+139 -2.55931e+139 2.692e+139 -2.77488e+139 2.80307e+139 -2.77488e+139 2.692e+139 -2.55931e+139 2.38441e+139 -2.17693e+139 1.94762e+139 -1.70744e+139 1.46675e+139 -1.23459e+139 1.01817e+139 -8.2269e+138 6.51245e+138 -5.05033e+138 3.8365e+138 -2.85471e+138 2.0805e+138 -1.48497e+138 1.03795e+138 -7.10402e+137 4.76055e+137 -3.12314e+137 2.00568e+137 -1.26071e+137 7.75527e+136 -4.66826e+136 2.74934e+136 -1.58399e+136 8.9262e+135 -4.91923e+135 2.65077e+135 -1.39642e+135 7.19031e+134 -3.61813e+134 1.77884e+134 -8.543e+133 4.00693e+133 -1.835e+133 8.20309e+132 -3.57869e+132 1.52321e+132 -6.3235e+131 2.55971e+131 -1.01001e+131 3.88346e+130 -1.45452e+130 5.30439e+129 -1.88132e+129 6.43646e+128 -1.95949e+128 0
0.019 0 8.93046e+129 -2.90044e+130 8.36702e+130 -2.32822e+131 6.30299e+131 -1.66216e+132 4.27164e+132 -1.07018e+133 2.61454e+133 -6.23077e+133 1.44884e+134 -3.28811e+134 7.28511e+134 -1.57614e+135 3.33064e+135 -6.87591e+135 1.38707e+136 -2.73474e+136 5.27078e+136 -9.93237e+136 1.83032e+137 -3.29893e+137 5.81646e+137 -1.00335e+138 1.69362e+138 -2.79777e+138 4.52372e+138 -7.16016e+138 1.10954e+139 -1.68348e+139 2.50127e+139 -3.63952e+139 5.18682e+139 -7.2405e+139 9.90107e+139 -1.3264e+140 1.74092e+140 -2.23884e+140 2.82118e+140 -3.4836e+140 4.21538e+140 -4.99893e+140 5.80985e+140 -6.61785e+140 7.38834e+140 -8.08471e+140 8.67122e+140 -9.11592e+140 9.39356e+140 -9.48797e+140 9.39356e+140 -9.11592e+140 8.67122e+140 -8.08471e+140 7.38834e+140 -6.61785e+140 5.80985e+140 -4.99893e+140 4.21538e+140 -3.4836e+140 2.82118e+140 -2.23884e+140 1.74092e+140 -1.3264e+140 9.90107e+139 -7.2405e+139 5.18682e+139 -3.63952e+139 2.50127e+139 -1.68348e+139 1.10954e+139 -7.16016e+138 4.52372e+138 -2.79777e+138 1.69362e+138 -1.00335e+138 5.81646e+137 -3.29893e+137 1.83032e+137 -9.93237e+136 5.27078e+136 -2.73474e+136 1.38707e+136 -6.87591e+135 3.33064e+135 -1.57614e+135 7.28511e+134 -3.28811e+134 1.44884e+134 -6.23077e+133 2.61454e+133 -1.07018e+133 4.27165e+132 -1.66217e+132 6.30307e+131 -2.32829e+131 8.36754e+130 -2.90079e+130 8.93227e+129 0
0.0192 0 -4.04122e+131 1.29812e+132 -3.69704e+132 1.01562e+133 -2.71542e+133 7.07509e+133 -1.79723e+134 4.45238e+134 -1.07604e+135 2.53771e+135 -5.84179e+135 1.31297e+136 -2.88191e+136 6.17907e+136 -1.29444e+137 2.65004e+137 -5.30302e+137 1.03748e+138 -1.98476e+138 3.71349e+138 -6.79638e+138 1.21693e+139 -2.13213e+139 3.65585e+139 -6.13547e+139 1.00798e+140 -1.62127e+140 2.55335e+140 -3.93793e+140 5.94805e+140 -8.79983e+140 1.27529e+141 -1.81058e+141 2.51847e+141 -3.43243e+141 4.58401e+141 -5.99924e+141 7.69454e+141 -9.6723e+141 1.19168e+142 -1.43912e+142 1.70357e+142 -1.97679e+142 2.24864e+142 -2.50754e+142 2.7413e+142 -2.93801e+142 3.08707e+142 -3.1801e+142 3.21172e+142 -3.1801e+142 3.08707e+142 -2.93801e+142 2.7413e+142 -2.50754e+142 2.24864e+142 -1.97679e+142 1.70357e+142 -1.43912e+142 1.19168e+142 -9.6723e+141 7.69454e+141 -5.99924e+141 4.58401e+141 -3.43243e+141 2.51847e+141 -1.81058e+141 1.27529e+141 -8.79983e+140 5.94805e+140 -3.93793e+140 2.55335e+140 -1.62127e+140 1.00798e+140 -6.13547e+139 3.65585e+139 -2.13213e+139 1.21693e+139 -6.79638e+138 3.71349e+138 -1.98476e+138 1.03748e+138 -5.30302e+137 2.65004e+137 -1.29444e+137 6.17907e+136 -2.88191e+136 1.31297e+136 -5.84179e+135 2.53771e+135 -1.07604e+135 4.45238e+134 -1.79723e+134 7.07512e+133 -2.71545e+133 1.01564e+133 -3.69722e+132 1.29824e+132 -4.04183e+131 0
0.0194 0 1.8158e+133 -5.77094e+133 1.62325e+134 -4.40393e+134 1.16326e+135 -2.99557e+135 7.52373e+135 -1.84364e+136 4.40894e+136 -1.02926e+137 2.34621e+137 -5.22353e+137 1.13612e+138 -2.4146e+138 5.01559e+138 -1.01847e+139 2.02211e+139 -3.92627e+139 7.45677e+139 -1.38545e+140 2.5187e+140 -4.48098e+140 7.80273e+140 -1.33002e+141 2.21958e+141 -3.6269e+141 5.80375e+141 -9.09581e+141 1.39631e+142 -2.09977e+142 3.09356e+142 -4.4656e+142 6.31649e+142 -8.7555e+142 1.1894e+143 -1.58362e+143 2.06669e+143 -2.6438e+143 3.31541e+143 -4.0759e+143 4.91254e+143 -5.80503e+143 6.72567e+143 -7.64035e+143 8.5104e+143 -9.29516e+143 9.95502e+143 -1.04547e+144 1.07665e+144 -1.08724e+144 1.07665e+144 -1.04547e+144 9.95502e+143 -9.29516e+143 8.5104e+143 -7.64035e+143 6.72567e+143 -5.80503e+143 4.91254e+143 -4.0759e+143 3.31541e+143 -2.6438e+143 2.06669e+143 -1.58362e+143 1.1894e+143 -8.7555e+142 6.31649e+142 -4.4656e+142 3.09356e+142 -2.09977e+142 1.39631e+142 -9.09581e+141 5.80375e+141 -3.6269e+141 2.21958e+141 -1.33002e+141 7.80273e+140 -4.48098e+140 2.5187e+140 -1.38545e+140 7.45677e+139 -3.92627e+139 2.02211e+139 -1.01847e+139 5.01559e+138 -2.4146e+138 1.13612e+138 -5.22353e+137 2.34621e+137 -1.02926e+137 4.40894e+136 -1.84364e+136 7.52374e+135 -2.99558e+135 1.16327e+135 -4.40401e+134 1.62331e+134 -5.77134e+133 1.816e+133 0
0.0196 0 -8.10316e+134 2.549e+135 -7.08382e+135 1.89867e+136 -4.9563e+136 1.26183e+137 -3.13447e+137 7.59946e+137 -1.79877e+138 4.15774e+138 -9.38728e+138 2.07074e+139 -4.46393e+139 9.40607e+139 -1.93772e+140 3.9035e+140 -7.69094e+140 1.48234e+141 -2.79534e+141 5.15838e+141 -9.31652e+141 1.6471e+142 -2.85088e+142 4.83156e+142 -8.01869e+142 1.30341e+143 -2.07527e+143 3.2369e+143 -4.94644e+143 7.40646e+143 -1.08673e+144 1.56268e+144 -2.20235e+144 3.04235e+144 -4.11973e+144 5.46886e+144 -7.11738e+144 9.08167e+144 -1.13621e+145 1.39385e+145 -1.67673e+145 1.97795e+145 -2.28817e+145 2.59595e+145 -2.88837e+145 3.15185e+145 -3.37323e+145 3.54077e+145 -3.64525e+145 3.68076e+145 -3.64525e+145 3.54077e+145 -3.37323e+145 3.15185e+145 -2.88837e+145 2.59595e+145 -2.28817e+145 1.97795e+145 -1.67673e+145 1.39385e+145 -1.13621e+145 9.08167e+144 -7.11738e+144 5.46886e+144 -4.11973e+144 3.04235e+144 -2.20235e+144 1.56268e+144 -1.08673e+144 7.40646e+143 -4.94644e+143 3.2369e+143 -2.07527e+143 1.30341e+143 -8.01869e+142 4.83156e+142 -2.85088e+142 1.6471e+142 -9.31652e+141 5.15838e+141 -2.79534e+141 1.48234e+141 -7.69094e+140 3.9035e+140 -1.93772e+140 9.40607e+139 -4.46393e+139 2.07074e+139 -9.38728e+138 4.15775e+138 -1.79877e+138 7.59946e+137 -3.13448e+137 1.26183e+137 -4.95633e+136 1.8987e+136 -7.08402e+135 2.54913e+135 -8.10385e+134 0
0.0198 0 3.59242e+136 -1.11889e+137 3.07325e+137 -8.14049e+137 2.1007e+138 -5.28901e+138 1.29978e+139 -3.11875e+139 7.30836e+139 -1.67301e+140 3.74218e+140 -8.1808e+140 1.74828e+141 -3.65309e+141 7.46507e+141 -1.49216e+142 2.91799e+142 -5.58366e+142 1.04567e+143 -1.91679e+143 3.43981e+143 -6.04412e+143 1.04e+144 -1.75264e+144 2.89312e+144 -4.67851e+144 7.4125e+144 -1.15077e+145 1.75073e+145 -2.61037e+145 3.81486e+145 -5.46492e+145 7.67459e+145 -1.05664e+146 1.42635e+146 -1.88794e+146 2.4504e+146 -3.11886e+146 3.89306e+146 -4.76588e+146 5.7223e+146 -6.73893e+146 7.7843e+146 -8.82004e+146 9.80292e+146 -1.06877e+147 1.14305e+147 -1.19923e+147 1.23426e+147 -1.24615e+147 1.23426e+147 -1.19923e+147 1.14305e+147 -1.06877e+147 9.80292e+146 -8.82004e+146 7.7843e+146 -6.73893e+146 5.7223e+146 -4.76588e+146 3.89306e+146 -3.11886e+146 2.4504e+146 -1.88794e+146 1.42635e+146 -1.05664e+146 7.67459e+145 -5.46492e+145 3.81486e+145 -2.61037e+145 1.75073e+145 -1.15077e+145 7.4125e+144 -4.67851e+144 2.89312e+144 -1.75264e+144 1.04e+144 -6.04412e+143 3.43981e+143 -1.91679e+143 1.04567e+143 -5.58366e+142 2.91799e+142 -1.49216e+142 7.46507e+141 -3.65309e+141 1.74828e+141 -8.1808e+140 3.74218e+140 -1.67301e+140 7.30836e+139 -3.11875e+139 1.29978e+139 -5.28902e+138 2.10071e+138 -8.14058e+137 3.07332e+137 -1.11893e+137 3.59265e+136 0
0.02 0 -1.5826e+138 4.88201e+138 -1.32577e+139 3.4716e+139 -8.85883e+139 2.20637e+140 -5.36567e+140 1.27449e+141 -2.95754e+141 6.70669e+141 -1.48653e+142 3.22125e+142 -6.82576e+142 1.41464e+143 -2.86807e+143 5.68941e+143 -1.10447e+144 2.09859e+144 -3.9035e+144 7.10896e+144 -1.26778e+145 2.21429e+145 -3.7882e+145 6.34886e+145 -1.0425e+146 1.67737e+146 -2.64483e+146 4.08724e+146 -6.19114e+146 9.19303e+146 -1.33824e+147 1.91e+147 -2.67295e+147 3.6681e+147 -4.93641e+147 6.51525e+147 -8.43387e+147 1.07084e+148 -1.33365e+148 1.62932e+148 -1.95268e+148 2.2958e+148 -2.64808e+148 2.99665e+148 -3.32705e+148 3.62419e+148 -3.87345e+148 4.06189e+148 -4.1793e+148 4.21919e+148 -4.1793e+148 4.06189e+148 -3.87345e+148 3.62419e+148 -3.32705e+148 2.99665e+148 -2.64808e+148 2.2958e+148 -1.95268e+148 1.62932e+148 -1.33365e+148 1.07084e+148 -8.43387e+147 6.51525e+147 -4.93641e+147 3.6681e+147 -2.67295e+147 1.91e+147 -1.33824e+147 9.19303e+146 -6.19114e+146 4.08724e+146 -2.64483e+146 1.67737e+146 -1.0425e+146 6.34886e+145 -3.7882e+145 2.21429e+145 -1.26778e+145 7.10896e+144 -3.9035e+144 2.09859e+144 -1.10447e+144 5.68941e+143 -2.86807e+143 1.41464e+143 -6.82576e+142 3.22125e+142 -1.48653e+142 6.70669e+141 -2.95754e+141 1.27449e+141 -5.36568e+140 2.20638e+140 -8.85886e+139 3.47163e+139 -1.3258e+139 4.88217e+138 -1.58268e+138 0
0.0202 0 6.92956e+139 -2.11787e+140 5.68813e+140 -1.47288e+141 3.71769e+141 -9.16189e+141 2.20542e+142 -5.187e+142 1.19224e+143 -2.6788e+143 5.88491e+143 -1.26432e+144 2.65695e+144 -5.46265e+144 1.099e+145 -2.16395e+145 4.17085e+145 -7.8705e+145 1.45429e+146 -2.63167e+146 4.66456e+146 -8.09929e+146 1.37784e+147 -2.29676e+147 3.75193e+147 -6.00707e+147 9.4273e+147 -1.45035e+148 2.18756e+148 -3.23511e+148 4.69137e+148 -6.67154e+148 9.30469e+148 -1.27279e+149 1.70775e+149 -2.24765e+149 2.902e+149 -3.67579e+149 4.56788e+149 -5.56937e+149 6.66261e+149 -7.8207e+149 9.00792e+149 -1.01811e+150 1.12918e+150 -1.22898e+150 1.31264e+150 -1.37585e+150 1.41522e+150 -1.42859e+150 1.41522e+150 -1.37585e+150 1.31264e+150 -1.22898e+150 1.12918e+150 -1.01811e+150 9.00792e+149 -7.8207e+149 6.66261e+149 -5.56937e+149 4.56788e+149 -3.67579e+149 2.902e+149 -2.24765e+149 1.70775e+149 -1.27279e+149 9.30469e+148 -6.67154e+148 4.69137e+148 -3.23511e+148 2.18756e+148 -1.45035e+148 9.4273e+147 -6.00707e+147 3.75193e+147 -2.29676e+147 1.37784e+147 -8.09929e+146 4.66456e+146 -2.63167e+146 1.45429e+146 -7.8705e+145 4.17085e+145 -2.16395e+145 1.099e+145 -5.46265e+144 2.65695e+144 -1.26432e+144 5.88491e+143 -2.6788e+143 1.19224e+143 -5.187e+142 2.20543e+142 -9.1619e+141 3.7177e+141 -1.47289e+141 5.6882e+140 -2.11792e+140 6.92983e+139 0
0.0204 0 -3.01639e+141 9.13645e+141 -2.42763e+142 6.21794e+142 -1.55285e+143 3.78758e+143 -9.02692e+143 2.1027e+144 -4.7883e+144 1.06622e+145 -2.32206e+145 4.94704e+145 -1.03122e+146 2.10367e+146 -4.20046e+146 8.21087e+146 -1.57154e+147 2.94561e+147 -5.40761e+147 9.72474e+147 -1.71338e+148 2.95796e+148 -5.00435e+148 8.29796e+148 -1.3487e+149 2.14894e+149 -3.35696e+149 5.1419e+149 -7.7232e+149 1.13764e+150 -1.64356e+150 2.329e+150 -3.23738e+150 4.41454e+150 -5.90574e+150 7.75153e+150 -9.98273e+150 1.26149e+151 -1.56426e+151 1.90347e+151 -2.27308e+151 2.66396e+151 -3.06408e+151 3.45895e+151 -3.83241e+151 4.16764e+151 -4.44845e+151 4.6605e+151 -4.79253e+151 4.83736e+151 -4.79253e+151 4.6605e+151 -4.44845e+151 4.16764e+151 -3.83241e+151 3.45895e+151 -3.06408e+151 2.66396e+151 -2.27308e+151 1.90347e+151 -1.56426e+151 1.26149e+151 -9.98273e+150 7.75153e+150 -5.90574e+150 4.41454e+150 -3.23738e+150 2.329e+150 -1.64356e+150 1.13764e+150 -7.7232e+149 5.1419e+149 -3.35696e+149 2.14894e+149 -1.3487e+149 8.29796e+148 -5.00435e+148 2.95796e+148 -1.71338e+148 9.72474e+147 -5.40761e+147 2.94561e+147 -1.57154e+147 8.21087e+146 -4.20046e+146 2.10367e+146 -1.03122e+146 4.94704e+145 -2.32206e+145 1.06622e+145 -4.7883e+144 2.1027e+144 -9.02692e+143 3.78759e+143 -1.55285e+143 6.21797e+142 -2.42766e+142 9.13663e+141 -3.01648e+141 0
0.0206 0 1.3056e+143 -3.92029e+143 1.03083e+144 -2.61239e+144 6.45671e+144 -1.55911e+145 3.67983e+145 -8.4914e+145 1.91616e+146 -4.22943e+146 9.13311e+146 -1.92988e+147 3.99115e+147 -8.07984e+147 1.60148e+148 -3.10833e+148 5.90866e+148 -1.10021e+149 2.007e+149 -3.58732e+149 6.28347e+149 -1.07868e+150 1.81511e+150 -2.99419e+150 4.84253e+150 -7.6794e+150 1.19423e+151 -1.82137e+151 2.72455e+151 -3.99775e+151 5.75436e+151 -8.12592e+151 1.12583e+152 -1.53048e+152 2.04157e+152 -2.67246e+152 3.43311e+152 -4.32833e+152 5.35584e+152 -6.50473e+152 7.75427e+152 -9.07359e+152 1.04221e+153 -1.17513e+153 1.30071e+153 -1.41333e+153 1.5076e+153 -1.57874e+153 1.62303e+153 -1.63806e+153 1.62303e+153 -1.57874e+153 1.5076e+153 -1.41333e+153 1.30071e+153 -1.17513e+153 1.04221e+153 -9.07359e+152 7.75427e+152 -6.50473e+152 5.35584e+152 -4.32833e+152 3.43311e+152 -2.67246e+152 2.04157e+152 -1.53048e+152 1.12583e+152 -8.12592e+151 5.75436e+151 -3.99775e+151 2.72455e+151 -1.82137e+151 1.19423e+151 -7.6794e+150 4.84253e+150 -2.99419e+150 1.81511e+150 -1.07868e+150 6.28347e+149 -3.58732e+149 2.007e+149 -1.10021e+149 5.90866e+148 -3.10833e+148 1.60148e+148 -8.07984e+147 3.99115e+147 -1.92988e+147 9.13311e+146 -4.22943e+146 1.91616e+146 -8.4914e+145 3.67983e+145 -1.55911e+145 6.45672e+144 -2.6124e+144 1.03084e+144 -3.92035e+143 1.30563e+143 0
0.0208 0 -5.62023e+144 1.67341e+145 -4.35574e+145 1.09248e+146 -2.67294e+146 6.39131e+146 -1.49422e+147 3.41646e+147 -7.64136e+147 1.67221e+148 -3.58116e+148 7.50676e+148 -1.54049e+149 3.09541e+149 -6.09125e+149 1.17407e+150 -2.21689e+150 4.10136e+150 -7.43539e+150 1.32109e+151 -2.30074e+151 3.92795e+151 -6.57476e+151 1.07909e+152 -1.73678e+152 2.74149e+152 -4.24451e+152 6.44623e+152 -9.60421e+152 1.40388e+153 -2.01347e+153 2.83361e+153 -3.91333e+153 5.30384e+153 -7.05506e+153 9.2109e+153 -1.18037e+154 1.4848e+154 -1.83347e+154 2.22257e+154 -2.645e+154 3.09032e+154 -3.54485e+154 3.9923e+154 -4.41458e+154 4.79297e+154 -5.10947e+154 5.34821e+154 -5.49676e+154 5.54718e+154 -5.49676e+154 5.34821e+154 -5.10947e+154 4.79297e+154 -4.41458e+154 3.9923e+154 -3.54485e+154 3.09032e+154 -2.645e+154 2.22257e+154 -1.83347e+154 1.4848e+154 -1.18037e+154 9.2109e+153 -7.05506e+153 5.30384e+153 -3.91333e+153 2.83361e+153 -2.01347e+153 1.40388e+153 -9.60421e+152 6.44623e+152 -4.24451e+152 2.74149e+152 -1.73678e+152 1.07909e+152 -6.57476e+151 3.92795e+151 -2.30074e+151 1.32109e+151 -7.43539e+150 4.10136e+150 -2.21689e+150 1.17407e+150 -6.09125e+149 3.09541e+149 -1.54049e+149 7.50676e+148 -3.58116e+148 1.67221e+148 -7.64136e+147 3.41646e+147 -1.49422e+147 6.39131e+146 -2.67294e+146 1.09249e+146 -4.35577e+145 1.67343e+145 -5.62034e+144 0
0.021 0 2.40661e+146 -7.10737e+146 1.83179e+147 -4.54825e+147 1.10186e+148 -2.60953e+148 6.04446e+148 -1.36968e+149 3.037e+149 -6.59053e+149 1.40001e+150 -2.91176e+150 5.93026e+150 -1.18293e+151 2.31145e+151 -4.42503e+151 8.30083e+151 -1.52602e+152 2.74977e+152 -4.85718e+152 8.41161e+152 -1.42835e+153 2.37847e+153 -3.88436e+153 6.2222e+153 -9.77722e+153 1.50721e+154 -2.2796e+154 3.38305e+154 -4.92671e+154 7.04105e+154 -9.87603e+154 1.35963e+155 -1.8373e+155 2.43718e+155 -3.1737e+155 4.05732e+155 -5.09247e+155 6.27555e+155 -7.59325e+155 9.02136e+155 -1.05244e+156 1.20565e+156 -1.35629e+156 1.49831e+156 -1.62545e+156 1.73173e+156 -1.81185e+156 1.86169e+156 -1.8786e+156 1.86169e+156 -1.81185e+156 1.73173e+156 -1.62545e+156 1.49831e+156 -1.35629e+156 1.20565e+156 -1.05244e+156 9.02136e+155 -7.59325e+155 6.27555e+155 -5.09247e+155 4.05732e+155 -3.1737e+155 2.43718e+155 -1.8373e+155 1.35963e+155 -9.87603e+154 7.04105e+154 -4.92671e+154 3.38305e+154 -2.2796e+154 1.50721e+154 -9.77722e+153 6.2222e+153 -3.88436e+153 2.37847e+153 -1.42835e+153 8.41161e+152 -4.85718e+152 2.74977e+152 -1.52602e+152 8.30083e+151 -4.42503e+151 2.31145e+151 -1.18293e+151 5.93026e+150 -2.91176e+150 1.40001e+150 -6.59053e+149 3.037e+149 -1.36969e+149 6.04446e+148 -2.60953e+148 1.10186e+148 -4.54826e+147 1.8318e+147 -7.10743e+146 2.40665e+146 0
0.0212 0 -1.02528e+148 3.00406e+148 -7.66831e+148 1.88534e+149 -4.52356e+149 1.06133e+150 -2.43618e+150 5.47222e+150 -1.2031e+151 2.58949e+151 -5.45732e+151 1.12636e+152 -2.27708e+152 4.50981e+152 -8.75158e+152 1.66428e+153 -3.10202e+153 5.66761e+153 -1.01519e+154 1.78299e+154 -3.07082e+154 5.18695e+154 -8.59356e+154 1.39664e+155 -2.22683e+155 3.48358e+155 -5.34737e+155 8.05504e+155 -1.19082e+156 1.72785e+156 -2.46083e+156 3.44036e+156 -4.72173e+156 6.36211e+156 -8.41644e+156 1.09322e+157 -1.39431e+157 1.74624e+157 -2.14764e+157 2.59386e+157 -3.07666e+157 3.58401e+157 -4.10045e+157 4.60763e+157 -5.08528e+157 5.51255e+157 -5.86945e+157 6.13839e+157 -6.30561e+157 6.36236e+157 -6.30561e+157 6.13839e+157 -5.86945e+157 5.51255e+157 -5.08528e+157 4.60763e+157 -4.10045e+157 3.58401e+157 -3.07666e+157 2.59386e+157 -2.14764e+157 1.74624e+157 -1.39431e+157 1.09322e+157 -8.41644e+156 6.36211e+156 -4.72173e+156 3.44036e+156 -2.46083e+156 1.72785e+156 -1.19082e+156 8.05504e+155 -5.34737e+155 3.48358e+155 -2.22683e+155 1.39664e+155 -8.59356e+154 5.18695e+154 -3.07082e+154 1.78299e+154 -1.01519e+154 5.66761e+153 -3.10202e+153 1.66428e+153 -8.75158e+152 4.50981e+152 -2.27708e+152 1.12636e+152 -5.45732e+151 2.58949e+151 -1.2031e+151 5.47222e+150 -2.43618e+150 1.06133e+150 -4.52357e+149 1.88535e+149 -7.66834e+148 3.00408e+148 -1.02529e+148 0
0.0214 0 4.34651e+149 -1.26378e+150 3.19594e+150 -7.78245e+150 1.84975e+151 -4.30043e+151 9.78413e+151 -2.17897e+152 4.75105e+152 -1.01442e+153 2.12135e+153 -4.34561e+153 8.72181e+153 -1.71533e+154 3.3063e+154 -6.24674e+154 1.15702e+155 -2.1012e+155 3.74184e+155 -6.53506e+155 1.11947e+156 -1.88113e+156 3.10115e+156 -5.01607e+156 7.96135e+156 -1.24003e+157 1.89556e+157 -2.84408e+157 4.1887e+157 -6.05596e+157 8.59575e+157 -1.19788e+158 1.63906e+158 -2.20221e+158 2.90556e+158 -3.76468e+158 4.79046e+158 -5.98682e+158 7.34858e+158 -8.85964e+158 1.04918e+159 -1.22043e+159 1.39453e+159 -1.56529e+159 1.72596e+159 -1.86956e+159 1.98943e+159 -2.07971e+159 2.13583e+159 -2.15487e+159 2.13583e+159 -2.07971e+159 1.98943e+159 -1.86956e+159 1.72596e+159 -1.56529e+159 1.39453e+159 -1.22043e+159 1.04918e+159 -8.85964e+158 7.34858e+158 -5.98682e+158 4.79046e+158 -3.76468e+158 2.90556e+158 -2.20221e+158 1.63906e+158 -1.19788e+158 8.59575e+157 -6.05596e+157 4.1887e+157 -2.84408e+157 1.89556e+157 -1.24003e+157 7.96135e+156 -5.01607e+156 3.10115e+156 -1.88113e+156 1.11947e+156 -6.53506e+155 3.74184e+155 -2.1012e+155 1.15702e+155 -6.24674e+154 3.3063e+154 -1.71533e+154 8.72181e+153 -4.34561e+153 2.12135e+153 -1.01442e+153 4.75105e+152 -2.17897e+152 9.78413e+151 -4.30043e+151 1.84975e+151 -7.78247e+150 3.19595e+150 -1.26379e+150 4.34655e+149 0
0.0216 0 -1.83387e+151 5.29259e+151 -1.32628e+152 3.19949e+152 -7.53493e+152 1.73618e+153 -3.91601e+153 8.64835e+153 -1.87045e+154 3.96246e+154 -8.22363e+154 1.67231e+155 -3.33267e+155 6.50968e+155 -1.24647e+156 2.34003e+156 -4.30763e+156 7.77657e+156 -1.37697e+157 2.39168e+157 -4.07539e+157 6.81355e+157 -1.11779e+158 1.79959e+158 -2.84352e+158 4.41006e+158 -6.71395e+158 1.00344e+159 -1.47239e+159 2.12128e+159 -3.00091e+159 4.16881e+159 -5.6873e+159 7.62005e+159 -1.00275e+160 1.29608e+160 -1.6455e+160 2.05215e+160 -2.5141e+160 3.02577e+160 -3.57752e+160 4.15561e+160 -4.7425e+160 5.31751e+160 -5.85799e+160 6.34066e+160 -6.7433e+160 7.0464e+160 -7.23475e+160 7.29864e+160 -7.23475e+160 7.0464e+160 -6.7433e+160 6.34066e+160 -5.85799e+160 5.31751e+160 -4.7425e+160 4.15561e+160 -3.57752e+160 3.02577e+160 -2.5141e+160 2.05215e+160 -1.6455e+160 1.29608e+160 -1.00275e+160 7.62005e+159 -5.6873e+159 4.16881e+159 -3.00091e+159 2.12128e+159 -1.47239e+159 1.00344e+159 -6.71395e+158 4.41006e+158 -2.84352e+158 1.79959e+158 -1.11779e+158 6.81355e+157 -4.07539e+157 2.39168e+157 -1.37697e+157 7.77657e+156 -4.30763e+156 2.34003e+156 -1.24647e+156 6.50968e+155 -3.33267e+155 1.67231e+155 -8.22363e+154 3.96246e+154 -1.87045e+154 8.64835e+153 -3.91601e+153 1.73618e+153 -7.53494e+152 3.19949e+152 -1.32628e+152 5.29261e+151 -1.83389e+151 0
0.0218 0 7.70187e+152 -2.20678e+153 5.48111e+153 -1.31021e+154 3.05795e+154 -6.98474e+154 1.56215e+155 -3.42176e+155 7.34204e+155 -1.54348e+156 3.1796e+156 -6.41957e+156 1.27048e+157 -2.46503e+157 4.68956e+157 -8.74899e+157 1.60087e+158 -2.87331e+158 5.0593e+158 -8.74035e+158 1.48165e+159 -2.46485e+159 4.02442e+159 -6.44954e+159 1.01463e+160 -1.56702e+160 2.37613e+160 -3.53776e+160 5.17226e+160 -7.42607e+160 1.04711e+161 -1.45015e+161 1.9726e+161 -2.63574e+161 3.45959e+161 -4.46093e+161 5.65101e+161 -7.03308e+161 8.60004e+161 -1.03325e+162 1.21978e+162 -1.41492e+162 1.61277e+162 -1.80641e+162 1.98824e+162 -2.15049e+162 2.28575e+162 -2.38753e+162 2.45075e+162 -2.47219e+162 2.45075e+162 -2.38753e+162 2.28575e+162 -2.15049e+162 1.98824e+162 -1.80641e+162 1.61277e+162 -1.41492e+162 1.21978e+162 -1.03325e+162 8.60004e+161 -7.03308e+161 5.65101e+161 -4.46093e+161 3.45959e+161 -2.63574e+161 1.9726e+161 -1.45015e+161 1.04711e+161 -7.42607e+160 5.17226e+160 -3.53776e+160 2.37613e+160 -1.56702e+160 1.01463e+160 -6.44954e+159 4.02442e+159 -2.46485e+159 1.48165e+159 -8.74035e+158 5.0593e+158 -2.87331e+158 1.60087e+158 -8.74899e+157 4.68956e+157 -2.46503e+157 1.27048e+157 -6.41957e+156 3.1796e+156 -1.54348e+156 7.34204e+155 -3.42176e+155 1.56215e+155 -6.98474e+154 3.05796e+154 -1.31021e+154 5.48113e+153 -2.20679e+153 7.70191e+152 0
0.022 0 -3.22023e+154 9.16231e+154 -2.2561e+155 5.34499e+155 -1.23657e+156 2.80044e+156 -6.21157e+156 1.34972e+157 -2.87368e+157 5.99595e+157 -1.22623e+158 2.4584e+158 -4.83238e+158 9.31459e+158 -1.76084e+159 3.26502e+159 -5.93909e+159 1.05992e+160 -1.85609e+160 3.18967e+160 -5.37971e+160 8.90604e+160 -1.44732e+161 2.30909e+161 -3.61703e+161 5.56333e+161 -8.40283e+161 1.2464e+162 -1.81578e+162 2.5982e+162 -3.65186e+162 5.04215e+162 -6.83915e+162 9.11378e+162 -1.19324e+163 1.535e+163 -1.94027e+163 2.40994e+163 -2.94143e+163 3.52803e+163 -4.15858e+163 4.81732e+163 -5.48438e+163 6.13649e+163 -6.74825e+163 7.29372e+163 -7.74816e+163 8.08994e+163 -8.30218e+163 8.37415e+163 -8.30218e+163 8.08994e+163 -7.74816e+163 7.29372e+163 -6.74825e+163 6.13649e+163 -5.48438e+163 4.81732e+163 -4.15858e+163 3.52803e+163 -2.94143e+163 2.40994e+163 -1.94027e+163 1.535e+163 -1.19324e+163 9.11378e+162 -6.83915e+162 5.04215e+162 -3.65186e+162 2.5982e+162 -1.81578e+162 1.2464e+162 -8.40283e+161 5.56333e+161 -3.61703e+161 2.30909e+161 -1.44732e+161 8.90604e+160 -5.37971e+160 3.18967e+160 -1.85609e+160 1.05992e+160 -5.93909e+159 3.26502e+159 -1.76084e+159 9.31459e+158 -4.83238e+158 2.4584e+158 -1.22623e+158 5.99595e+157 -2.87368e+157 1.34972e+157 -6.21157e+156 2.80044e+156 -1.23657e+156 5.34499e+155 -2.2561e+155 9.16234e+154 -3.22025e+154 0
0.0222 0 1.34061e+156 -3.78849e+156 9.25034e+156 -2.17247e+157 4.98302e+157 -1.1191e+158 2.4622e+158 -5.30834e+158 1.12163e+159 -2.32314e+159 4.71734e+159 -9.39261e+159 1.83402e+160 -3.51247e+160 6.59886e+160 -1.21627e+161 2.19964e+161 -3.90375e+161 6.79945e+161 -1.16244e+162 1.95085e+162 -3.21419e+162 5.19946e+162 -8.2589e+162 1.28826e+163 -1.97349e+163 2.96929e+163 -4.38823e+163 6.37056e+163 -9.08542e+163 1.27298e+164 -1.75239e+164 2.37027e+164 -3.15028e+164 4.11438e+164 -5.28061e+164 6.66052e+164 -8.25646e+164 1.00591e+165 -1.20452e+165 1.41767e+165 -1.64005e+165 1.86496e+165 -2.08458e+165 2.29043e+165 -2.47382e+165 2.62652e+165 -2.74131e+165 2.81257e+165 -2.83673e+165 2.81257e+165 -2.74131e+165 2.62652e+165 -2.47382e+165 2.29043e+165 -2.08458e+165 1.86496e+165 -1.64005e+165 1.41767e+165 -1.20452e+165 1.00591e+165 -8.25646e+164 6.66052e+164 -5.28061e+164 4.11438e+164 -3.15028e+164 2.37027e+164 -1.75239e+164 1.27298e+164 -9.08542e+163 6.37056e+163 -4.38823e+163 2.96929e+163 -1.97349e+163 1.28826e+163 -8.2589e+162 5.19946e+162 -3.21419e+162 1.95085e+162 -1.16244e+162 6.79945e+161 -3.90375e+161 2.19964e+161 -1.21627e+161 6.59886e+160 -3.51247e+160 1.83402e+160 -9.39261e+159 4.71734e+159 -2.32314e+159 1.12163e+159 -5.30834e+158 2.4622e+158 -1.1191e+158 4.98302e+157 -2.17247e+157 9.25035e+156 -3.7885e+156 1.34062e+156 0
0.0224 0 -5.55784e+157 1.56026e+158 -3.7785e+158 8.79855e+158 -2.00123e+159 4.45782e+159 -9.73043e+159 2.08175e+160 -4.36606e+160 8.97809e+160 -1.81042e+161 3.58045e+161 -6.94582e+161 1.32189e+162 -2.46835e+162 4.52287e+162 -8.13338e+162 1.43558e+163 -2.48731e+163 4.23082e+163 -7.06571e+163 1.15869e+164 -1.86594e+164 2.95112e+164 -4.58427e+164 6.99493e+164 -1.04848e+165 1.54395e+165 -2.23373e+165 3.17529e+165 -4.43525e+165 6.08778e+165 -8.21167e+165 1.08857e+166 -1.41827e+166 1.81617e+166 -2.28596e+166 2.82821e+166 -3.43954e+166 4.11198e+166 -4.83255e+166 5.58327e+166 -6.34158e+166 7.08131e+166 -7.77399e+166 8.39066e+166 -8.9038e+166 9.28937e+166 -9.52865e+166 9.60976e+166 -9.52865e+166 9.28937e+166 -8.9038e+166 8.39066e+166 -7.77399e+166 7.08131e+166 -6.34158e+166 5.58327e+166 -4.83255e+166 4.11198e+166 -3.43954e+166 2.82821e+166 -2.28596e+166 1.81617e+166 -1.41827e+166 1.08857e+166 -8.21167e+165 6.08778e+165 -4.43525e+165 3.17529e+165 -2.23373e+165 1.54395e+165 -1.04848e+165 6.99493e+164 -4.58427e+164 2.95112e+164 -1.86594e+164 1.15869e+164 -7.06571e+163 4.23082e+163 -2.48731e+163 1.43558e+163 -8.13338e+162 4.52287e+162 -2.46835e+162 1.32189e+162 -6.94582e+161 3.58045e+161 -1.81042e+161 8.97809e+160 -4.36606e+160 2.08175e+160 -9.73043e+159 4.45782e+159 -2.00123e+159 8.79855e+158 -3.7785e+158 1.56026e+158 -5.55786e+157 0
0.0226 0 2.29483e+159 -6.40106e+159 1.53778e+160 -3.55112e+160 8.01086e+160 -1.77022e+161 3.83411e+161 -8.14131e+161 1.69508e+162 -3.46114e+162 6.93182e+162 -1.36187e+163 2.6251e+163 -4.96516e+163 9.21623e+163 -1.67903e+164 3.00262e+164 -5.27141e+164 9.08624e+164 -1.53786e+165 2.55606e+165 -4.17238e+165 6.68953e+165 -1.05352e+166 1.62992e+166 -2.47738e+166 3.69964e+166 -5.4287e+166 7.82766e+166 -1.10916e+167 1.54459e+167 -2.11402e+167 2.84385e+167 -3.76037e+167 4.88763e+167 -6.24497e+167 7.84414e+167 -9.68633e+167 1.17595e+168 -1.40361e+168 1.6472e+168 -1.90064e+168 2.15633e+168 -2.4055e+168 2.63861e+168 -2.84598e+168 3.01844e+168 -3.14796e+168 3.22832e+168 -3.25556e+168 3.22832e+168 -3.14796e+168 3.01844e+168 -2.84598e+168 2.63861e+168 -2.4055e+168 2.15633e+168 -1.90064e+168 1.6472e+168 -1.40361e+168 1.17595e+168 -9.68633e+167 7.84414e+167 -6.24497e+167 4.88763e+167 -3.76037e+167 2.84385e+167 -2.11402e+167 1.54459e+167 -1.10916e+167 7.82766e+166 -5.4287e+166 3.69964e+166 -2.47738e+166 1.62992e+166 -1.05352e+166 6.68953e+165 -4.17238e+165 2.55606e+165 -1.53786e+165 9.08624e+164 -5.27141e+164 3.00262e+164 -1.67903e+164 9.21623e+163 -4.96516e+163 2.6251e+163 -1.36187e+163 6.93182e+162 -3.46114e+162 1.69508e+162 -8.14131e+161 3.83411e+161 -1.77022e+161 8.01087e+160 -3.55112e+160 1.53778e+160 -6.40107e+159 2.29483e+159 0
0.0228 0 -9.43824e+160 2.61626e+161 -6.23632e+161 1.42844e+162 -3.19654e+162 7.00849e+162 -1.50647e+163 3.17533e+163 -6.56423e+163 1.3311e+164 -2.64809e+164 5.16903e+164 -9.90144e+164 1.86147e+165 -3.43506e+165 6.22279e+165 -1.10677e+166 1.93286e+166 -3.31479e+166 5.58303e+166 -9.23598e+166 1.50084e+167 -2.39588e+167 3.75757e+167 -5.79026e+167 8.7674e+167 -1.30454e+168 1.90759e+168 -2.74149e+168 3.87246e+168 -5.37664e+168 7.33812e+168 -9.84533e+168 1.29858e+169 -1.68392e+169 2.14687e+169 -2.69117e+169 3.31697e+169 -4.01998e+169 4.79072e+169 -5.61417e+169 6.46978e+169 -7.33199e+169 8.17132e+169 -8.95588e+169 9.6533e+169 -1.0233e+170 1.06681e+170 -1.0938e+170 1.10295e+170 -1.0938e+170 1.06681e+170 -1.0233e+170 9.6533e+169 -8.95588e+169 8.17132e+169 -7.33199e+169 6.46978e+169 -5.61417e+169 4.79072e+169 -4.01998e+169 3.31697e+169 -2.69117e+169 2.14687e+169 -1.68392e+169 1.29858e+169 -9.84533e+168 7.33812e+168 -5.37664e+168 3.87246e+168 -2.74149e+168 1.90759e+168 -1.30454e+168 8.7674e+167 -5.79026e+167 3.75757e+167 -2.39588e+167 1.50084e+167 -9.23598e+166 5.58303e+166 -3.31479e+166 1.93286e+166 -1.10677e+166 6.22279e+165 -3.43506e+165 1.86147e+165 -9.90144e+164 5.16903e+164 -2.64809e+164 1.3311e+164 -6.56423e+163 3.17533e+163 -1.50647e+163 7.00849e+162 -3.19654e+162 1.42844e+162 -6.23633e+161 2.61627e+161 -9.43826e+160 0
0.023 0 3.86705e+162 -1.06546e+163 2.52041e+163 -5.7272e+163 1.27157e+164 -2.76664e+164 5.90274e+164 -1.23523e+165 2.53574e+165 -5.10729e+165 1.0094e+166 -1.95787e+166 3.72739e+166 -6.966e+166 1.27811e+167 -2.30258e+167 4.07346e+167 -7.07725e+167 1.20771e+168 -2.02439e+168 3.33354e+168 -5.39305e+168 8.57266e+168 -1.33902e+169 2.05532e+169 -3.10047e+169 4.59686e+169 -6.699e+169 9.59626e+169 -1.35133e+170 1.87076e+170 -2.54619e+170 3.40725e+170 -4.48309e+170 5.80006e+170 -7.37881e+170 9.23116e+170 -1.13569e+171 1.37406e+171 -1.63499e+171 1.91336e+171 -2.20222e+171 2.49297e+171 -2.77572e+171 3.03979e+171 -3.27437e+171 3.46922e+171 -3.61543e+171 3.70609e+171 -3.73681e+171 3.70609e+171 -3.61543e+171 3.46922e+171 -3.27437e+171 3.03979e+171 -2.77572e+171 2.49297e+171 -2.20222e+171 1.91336e+171 -1.63499e+171 1.37406e+171 -1.13569e+171 9.23116e+170 -7.37881e+170 5.80006e+170 -4.48309e+170 3.40725e+170 -2.54619e+170 1.87076e+170 -1.35133e+170 9.59626e+169 -6.699e+169 4.59686e+169 -3.10047e+169 2.05532e+169 -1.33902e+169 8.57266e+168 -5.39305e+168 3.33354e+168 -2.02439e+168 1.20771e+168 -7.07725e+167 4.07346e+167 -2.30258e+167 1.27811e+167 -6.966e+166 3.72739e+166 -1.95787e+166 1.0094e+166 -5.10729e+165 2.53574e+165 -1.23523e+165 5.90275e+164 -2.76664e+164 1.27157e+164 -5.7272e+163 2.52041e+163 -1.06546e+163 3.86706e+162 0
0.0232 0 -1.57858e+164 4.32374e+164 -1.01523e+165 2.28903e+165 -5.04313e+165 1.08905e+166 -2.30665e+166 4.79296e+166 -9.77202e+166 1.95517e+167 -3.83942e+167 7.40087e+167 -1.40052e+168 2.60219e+168 -4.74768e+168 8.50676e+168 -1.49705e+169 2.58784e+169 -4.39455e+169 7.33173e+169 -1.20186e+170 1.93595e+170 -3.06451e+170 4.76751e+170 -7.28984e+170 1.09565e+171 -1.61875e+171 2.35113e+171 -3.35725e+171 4.71335e+171 -6.50636e+171 8.83145e+171 -1.17878e+172 1.54725e+172 -1.99727e+172 2.53557e+172 -3.16589e+172 3.88788e+172 -4.69613e+172 5.57946e+172 -6.52048e+172 7.49572e+172 -8.47624e+172 9.42882e+172 -1.03177e+173 1.11068e+173 -1.17618e+173 1.22531e+173 -1.25577e+173 1.26609e+173 -1.25577e+173 1.22531e+173 -1.17618e+173 1.11068e+173 -1.03177e+173 9.42882e+172 -8.47624e+172 7.49572e+172 -6.52048e+172 5.57946e+172 -4.69613e+172 3.88788e+172 -3.16589e+172 2.53557e+172 -1.99727e+172 1.54725e+172 -1.17878e+172 8.83145e+171 -6.50636e+171 4.71335e+171 -3.35725e+171 2.35113e+171 -1.61875e+171 1.09565e+171 -7.28984e+170 4.76751e+170 -3.06451e+170 1.93595e+170 -1.20186e+170 7.33173e+169 -4.39455e+169 2.58784e+169 -1.49705e+169 8.50676e+168 -4.74768e+168 2.60219e+168 -1.40052e+168 7.40087e+167 -3.83942e+167 1.95517e+167 -9.77202e+166 4.79296e+166 -2.30665e+166 1.08905e+166 -5.04313e+165 2.28903e+165 -1.01523e+165 4.32375e+164 -1.57858e+164 0
0.0234 0 6.42097e+165 -1.74864e+166 4.07615e+166 -9.1207e+166 1.99433e+167 -4.27512e+167 8.99035e+167 -1.85519e+168 3.75708e+168 -7.46835e+168 1.45736e+169 -2.79211e+169 5.25261e+169 -9.70385e+169 1.76071e+170 -3.13802e+170 5.49401e+170 -9.45005e+170 1.5971e+171 -2.65228e+171 4.32852e+171 -6.94264e+171 1.09449e+172 -1.69603e+172 2.58359e+172 -3.8691e+172 5.6967e+172 -8.24691e+172 1.17392e+173 -1.64321e+173 2.26192e+173 -3.06205e+173 4.07681e+173 -5.33853e+173 6.87596e+173 -8.71112e+173 1.08558e+174 -1.33078e+174 1.60482e+174 -1.90384e+174 2.22196e+174 -2.55122e+174 2.8819e+174 -3.20284e+174 3.50208e+174 -3.76751e+174 3.98775e+174 -4.15287e+174 4.2552e+174 -4.28987e+174 4.2552e+174 -4.15287e+174 3.98775e+174 -3.76751e+174 3.50208e+174 -3.20284e+174 2.8819e+174 -2.55122e+174 2.22196e+174 -1.90384e+174 1.60482e+174 -1.33078e+174 1.08558e+174 -8.71112e+173 6.87596e+173 -5.33853e+173 4.07681e+173 -3.06205e+173 2.26192e+173 -1.64321e+173 1.17392e+173 -8.24691e+172 5.6967e+172 -3.8691e+172 2.58359e+172 -1.69603e+172 1.09449e+172 -6.94264e+171 4.32852e+171 -2.65228e+171 1.5971e+171 -9.45005e+170 5.49401e+170 -3.13802e+170 1.76071e+170 -9.70385e+169 5.25261e+169 -2.79211e+169 1.45736e+169 -7.46835e+168 3.75708e+168 -1.85519e+168 8.99035e+167 -4.27512e+167 1.99433e+167 -9.1207e+166 4.07615e+166 -1.74864e+166 6.42098e+165 0
0.0236 0 -2.60271e+167 7.04857e+167 -1.63144e+168 3.62335e+168 -7.86444e+168 1.67373e+169 -3.49519e+169 7.1636e+169 -1.44123e+170 2.84665e+170 -5.52067e+170 1.05138e+171 -1.96645e+171 3.61259e+171 -6.51945e+171 1.15586e+172 -2.01346e+172 3.44644e+172 -5.79731e+172 9.58404e+172 -1.55731e+173 2.48737e+173 -3.90552e+173 6.02869e+173 -9.14965e+173 1.36538e+174 -2.00353e+174 2.89109e+174 -4.10275e+174 5.72612e+174 -7.86032e+174 1.0613e+175 -1.40952e+175 1.84146e+175 -2.36662e+175 2.99217e+175 -3.72179e+175 4.55448e+175 -5.48356e+175 6.49582e+175 -7.57121e+175 8.68292e+175 -9.79817e+175 1.08796e+176 -1.1887e+176 1.278e+176 -1.35205e+176 1.40755e+176 -1.44193e+176 1.45358e+176 -1.44193e+176 1.40755e+176 -1.35205e+176 1.278e+176 -1.1887e+176 1.08796e+176 -9.79817e+175 8.68292e+175 -7.57121e+175 6.49582e+175 -5.48356e+175 4.55448e+175 -3.72179e+175 2.99217e+175 -2.36662e+175 1.84146e+175 -1.40952e+175 1.0613e+175 -7.86032e+174 5.72612e+174 -4.10275e+174 2.89109e+174 -2.00353e+174 1.36538e+174 -9.14965e+173 6.02869e+173 -3.90552e+173 2.48737e+173 -1.55731e+173 9.58404e+172 -5.79731e+172 3.44644e+172 -2.01346e+172 1.15586e+172 -6.51945e+171 3.61259e+171 -1.96645e+171 1.05138e+171 -5.52067e+170 2.84665e+170 -1.44123e+170 7.1636e+169 -3.49519e+169 1.67373e+169 -7.86444e+168 3.62335e+168 -1.63144e+168 7.04858e+167 -2.60271e+167 0
0.0238 0 1.05145e+169 -2.83206e+169 6.50977e+169 -1.43528e+170 3.09276e+170 -6.53572e+170 1.35549e+171 -2.7597e+171 5.51643e+171 -1.08278e+172 2.0872e+172 -3.95166e+172 7.34915e+172 -1.34272e+173 2.41028e+173 -4.25138e+173 7.36911e+173 -1.25535e+174 2.10191e+174 -3.45943e+174 5.59721e+174 -8.90327e+174 1.39242e+175 -2.14125e+175 3.23795e+175 -4.81512e+175 7.04217e+175 -1.01296e+176 1.43316e+176 -1.9945e+176 2.73043e+176 -3.67714e+176 4.87179e+176 -6.3502e+176 8.14373e+176 -1.02757e+177 1.27577e+177 -1.55853e+177 1.8735e+177 -2.21616e+177 2.5797e+177 -2.95506e+177 3.33121e+177 -3.69559e+177 4.03477e+177 -4.33523e+177 4.58426e+177 -4.77082e+177 4.88637e+177 -4.9255e+177 4.88637e+177 -4.77082e+177 4.58426e+177 -4.33523e+177 4.03477e+177 -3.69559e+177 3.33121e+177 -2.95506e+177 2.5797e+177 -2.21616e+177 1.8735e+177 -1.55853e+177 1.27577e+177 -1.02757e+177 8.14373e+176 -6.3502e+176 4.87179e+176 -3.67714e+176 2.73043e+176 -1.9945e+176 1.43316e+176 -1.01296e+176 7.04217e+175 -4.81512e+175 3.23795e+175 -2.14125e+175 1.39242e+175 -8.90327e+174 5.59721e+174 -3.45943e+174 2.10191e+174 -1.25535e+174 7.36911e+173 -4.25138e+173 2.41028e+173 -1.34272e+173 7.34915e+172 -3.95166e+172 2.0872e+172 -1.08278e+172 5.51643e+171 -2.7597e+171 1.35549e+171 -6.53572e+170 3.09276e+170 -1.43528e+170 6.50977e+169 -2.83206e+169 1.05145e+169 0
0.024 0 -4.23377e+170 1.13434e+171 -2.58983e+171 5.66943e+171 -1.21302e+172 2.54568e+172 -5.24423e+172 1.06074e+173 -2.10695e+173 4.11026e+173 -7.87604e+173 1.48259e+174 -2.74193e+174 4.98263e+174 -8.89765e+174 1.56152e+175 -2.69351e+175 4.56694e+175 -7.61216e+175 1.24739e+176 -2.00975e+176 3.18394e+176 -4.9602e+176 7.59937e+176 -1.14506e+177 1.697e+177 -2.47378e+177 3.54728e+177 -5.00388e+177 6.94416e+177 -9.48102e+177 1.2736e+178 -1.68336e+178 2.18927e+178 -2.8017e+178 3.52824e+178 -4.37245e+178 5.33255e+178 -6.40031e+178 7.56024e+178 -8.7892e+178 1.00566e+179 -1.13253e+179 1.25532e+179 -1.36953e+179 1.47063e+179 -1.55438e+179 1.6171e+179 -1.65593e+179 1.66908e+179 -1.65593e+179 1.6171e+179 -1.55438e+179 1.47063e+179 -1.36953e+179 1.25532e+179 -1.13253e+179 1.00566e+179 -8.7892e+178 7.56024e+178 -6.40031e+178 5.33255e+178 -4.37245e+178 3.52824e+178 -2.8017e+178 2.18927e+178 -1.68336e+178 1.2736e+178 -9.48102e+177 6.94416e+177 -5.00388e+177 3.54728e+177 -2.47378e+177 1.697e+177 -1.14506e+177 7.59937e+176 -4.9602e+176 3.18394e+176 -2.00975e+176 1.24739e+176 -7.61216e+175 4.56694e+175 -2.69351e+175 1.56152e+175 -8.89765e+174 4.98263e+174 -2.74193e+174 1.48259e+174 -7.87604e+173 4.11026e+173 -2.10695e+173 1.06074e+173 -5.24423e+172 2.54568e+172 -1.21302e+172 5.66943e+171 -2.58983e+171 1.13434e+171 -4.23378e+170 0
0.0242 0 1.69936e+172 -4.52967e+172 1.02736e+173 -2.23335e+173 4.74528e+173 -9.89114e+173 2.02421e+174 -4.06818e+174 8.03053e+174 -1.55719e+175 2.96651e+175 -5.55267e+175 1.02131e+176 -1.84613e+176 3.27984e+176 -5.72763e+176 9.83259e+176 -1.65948e+177 2.75372e+177 -4.49316e+177 7.2094e+177 -1.13762e+178 1.76552e+178 -2.69501e+178 4.04657e+178 -5.97697e+178 8.68494e+178 -1.24157e+179 1.74628e+179 -2.4167e+179 3.29091e+179 -4.40976e+179 5.81483e+179 -7.54574e+179 9.63662e+179 -1.21122e+180 1.49834e+180 -1.82431e+180 2.18627e+180 -2.57891e+180 2.99437e+180 -3.42232e+180 3.85027e+180 -4.26406e+180 4.64863e+180 -4.98885e+180 5.27054e+180 -5.4814e+180 5.61193e+180 -5.65613e+180 5.61193e+180 -5.4814e+180 5.27054e+180 -4.98885e+180 4.64863e+180 -4.26406e+180 3.85027e+180 -3.42232e+180 2.99437e+180 -2.57891e+180 2.18627e+180 -1.82431e+180 1.49834e+180 -1.21122e+180 9.63662e+179 -7.54574e+179 5.81483e+179 -4.40976e+179 3.29091e+179 -2.4167e+179 1.74628e+179 -1.24157e+179 8.68494e+178 -5.97697e+178 4.04657e+178 -2.69501e+178 1.76552e+178 -1.13762e+178 7.2094e+177 -4.49316e+177 2.75372e+177 -1.65948e+177 9.83259e+176 -5.72763e+176 3.27984e+176 -1.84613e+176 1.02131e+176 -5.55267e+175 2.96651e+175 -1.55719e+175 8.03053e+174 -4.06818e+174 2.02421e+174 -9.89114e+173 4.74528e+173 -2.23335e+173 1.02736e+173 -4.52967e+172 1.69937e+172 0
0.0244 0 -6.79992e+173 1.80345e+174 -4.06405e+174 8.7744e+174 -1.85166e+175 3.83399e+175 -7.79555e+175 1.5569e+176 -3.0546e+176 5.88822e+176 -1.11532e+177 2.07608e+177 -3.7981e+177 6.82982e+177 -1.2073e+178 2.0981e+178 -3.58492e+178 6.02301e+178 -9.95093e+178 1.61683e+179 -2.58375e+179 4.06119e+179 -6.27916e+179 9.55051e+179 -1.42907e+180 2.10385e+180 -3.0474e+180 4.34335e+180 -6.0915e+180 8.40714e+180 -1.14187e+181 1.52635e+181 -2.00805e+181 2.60014e+181 -3.31388e+181 4.15728e+181 -5.13369e+181 6.24039e+181 -7.46734e+181 8.7964e+181 -1.02009e+182 1.16459e+182 -1.30895e+182 1.44841e+182 -1.57791e+182 1.69241e+182 -1.78716e+182 1.85806e+182 -1.90194e+182 1.9168e+182 -1.90194e+182 1.85806e+182 -1.78716e+182 1.69241e+182 -1.57791e+182 1.44841e+182 -1.30895e+182 1.16459e+182 -1.02009e+182 8.7964e+181 -7.46734e+181 6.24039e+181 -5.13369e+181 4.15728e+181 -3.31388e+181 2.60014e+181 -2.00805e+181 1.52635e+181 -1.14187e+181 8.40714e+180 -6.0915e+180 4.34335e+180 -3.0474e+180 2.10385e+180 -1.42907e+180 9.55051e+179 -6.27916e+179 4.06119e+179 -2.58375e+179 1.61683e+179 -9.95093e+178 6.02301e+178 -3.58492e+178 2.0981e+178 -1.2073e+178 6.82982e+177 -3.7981e+177 2.07608e+177 -1.11532e+177 5.88822e+176 -3.0546e+176 1.5569e+176 -7.79555e+175 3.83399e+175 -1.85166e+175 8.7744e+174 -4.06405e+174 1.80345e+174 -6.79992e+173 0
0.0246 0 2.71279e+175 -7.15969e+175 1.60328e+176 -3.4384e+176 7.20769e+176 -1.48268e+177 2.99558e+177 -5.94584e+177 1.1596e+178 -2.22237e+178 4.18588e+178 -7.74935e+178 1.41025e+179 -2.52302e+179 4.43794e+179 -7.67569e+179 1.30547e+180 -2.18357e+180 3.59212e+180 -5.81239e+180 9.25143e+180 -1.44859e+181 2.23148e+181 -3.38207e+181 5.04357e+181 -7.40096e+181 1.0687e+182 -1.51868e+182 2.12393e+182 -2.92348e+182 3.96065e+182 -5.2815e+182 6.93254e+182 -8.9575e+182 1.13935e+183 -1.42666e+183 1.75868e+183 -2.13438e+183 2.55027e+183 -3.00014e+183 3.47495e+183 -3.96291e+183 4.44987e+183 -4.91989e+183 5.35605e+183 -5.74142e+183 6.06016e+183 -6.29858e+183 6.44609e+183 -6.49603e+183 6.44609e+183 -6.29858e+183 6.06016e+183 -5.74142e+183 5.35605e+183 -4.91989e+183 4.44987e+183 -3.96291e+183 3.47495e+183 -3.00014e+183 2.55027e+183 -2.13438e+183 1.75868e+183 -1.42666e+183 1.13935e+183 -8.9575e+182 6.93254e+182 -5.2815e+182 3.96065e+182 -2.92348e+182 2.12393e+182 -1.51868e+182 1.0687e+182 -7.40096e+181 5.04357e+181 -3.38207e+181 2.23148e+181 -1.44859e+181 9.25143e+180 -5.81239e+180 3.59212e+180 -2.18357e+180 1.30547e+180 -7.67569e+179 4.43794e+179 -2.52302e+179 1.41025e+179 -7.74935e+178 4.18588e+178 -2.22237e+178 1.1596e+178 -5.94584e+177 2.99558e+177 -1.48268e+177 7.20769e+176 -3.4384e+176 1.60328e+176 -7.15969e+175 2.71279e+175 0
0.0248 0 -1.0791e+177 2.83446e+177 -6.30825e+177 1.34401e+178 -2.79895e+178 5.72083e+178 -1.14864e+179 2.26613e+179 -4.39368e+179 8.37262e+179 -1.56831e+180 2.88792e+180 -5.22835e+180 9.30703e+180 -1.62916e+181 2.80455e+181 -4.74836e+181 7.90757e+181 -1.29537e+182 2.08752e+182 -3.30966e+182 5.16277e+182 -7.92425e+182 1.19684e+183 -1.77887e+183 2.60201e+183 -3.74587e+183 5.3076e+183 -7.40232e+183 1.01621e+184 -1.37329e+184 1.82695e+184 -2.39272e+184 3.08514e+184 -3.91644e+184 4.89504e+184 -6.02395e+184 7.2993e+184 -8.70897e+184 1.02317e+185 -1.18369e+185 1.34846e+185 -1.51274e+185 1.67116e+185 -1.81806e+185 1.94778e+185 -2.05501e+185 2.13519e+185 -2.18479e+185 2.20158e+185 -2.18479e+185 2.13519e+185 -2.05501e+185 1.94778e+185 -1.81806e+185 1.67116e+185 -1.51274e+185 1.34846e+185 -1.18369e+185 1.02317e+185 -8.70897e+184 7.2993e+184 -6.02395e+184 4.89504e+184 -3.91644e+184 3.08514e+184 -2.39272e+184 1.82695e+184 -1.37329e+184 1.01621e+184 -7.40232e+183 5.3076e+183 -3.74587e+183 2.60201e+183 -1.77887e+183 1.19684e+183 -7.92425e+182 5.16277e+182 -3.30966e+182 2.08752e+182 -1.29537e+182 7.90757e+181 -4.74836e+181 2.80455e+181 -1.62916e+181 9.30703e+180 -5.22835e+180 2.88792e+180 -1.56831e+180 8.37262e+179 -4.39368e+179 2.26613e+179 -1.14864e+179 5.72083e+178 -2.79895e+178 1.34401e+178 -6.30825e+177 2.83446e+177 -1.0791e+177 0
0.025 0 4.28029e+178 -1.11909e+179 2.47563e+179 -5.24065e+179 1.08439e+180 -2.2025e+180 4.39521e+180 -8.61984e+180 1.66164e+181 -3.14875e+181 5.86615e+181 -1.07454e+182 1.93549e+182 -3.42844e+182 5.97282e+182 -1.02347e+183 1.72513e+183 -2.86058e+183 4.66663e+183 -7.49037e+183 1.183e+184 -1.83854e+184 2.81192e+184 -4.2325e+184 6.27021e+184 -9.14288e+184 1.31227e+185 -1.85407e+185 2.57877e+185 -3.53103e+185 4.76008e+185 -6.31782e+185 8.25618e+185 -1.06234e+186 1.34599e+186 -1.67927e+186 2.06308e+186 -2.49599e+186 2.97378e+186 -3.4892e+186 4.03184e+186 -4.58829e+186 5.1425e+186 -5.6765e+186 6.17131e+186 -6.60795e+186 6.96875e+186 -7.23843e+186 7.40521e+186 -7.46165e+186 7.40521e+186 -7.23843e+186 6.96875e+186 -6.60795e+186 6.17131e+186 -5.6765e+186 5.1425e+186 -4.58829e+186 4.03184e+186 -3.4892e+186 2.97378e+186 -2.49599e+186 2.06308e+186 -1.67927e+186 1.34599e+186 -1.06234e+186 8.25618e+185 -6.31782e+185 4.76008e+185 -3.53103e+185 2.57877e+185 -1.85407e+185 1.31227e+185 -9.14288e+184 6.27021e+184 -4.2325e+184 2.81192e+184 -1.83854e+184 1.183e+184 -7.49037e+183 4.66663e+183 -2.86058e+183 1.72513e+183 -1.02347e+183 5.97282e+182 -3.42844e+182 1.93549e+182 -1.07454e+182 5.86615e+181 -3.14875e+181 1.66164e+181 -8.61984e+180 4.39521e+180 -2.2025e+180 1.08439e+180 -5.24065e+179 2.47563e+179 -1.11909e+179 4.28029e+178 0
0.0252 0 -1.69311e+180 4.40667e+180 -9.69108e+180 2.0386e+181 -4.19172e+181 8.46136e+181 -1.67839e+182 3.27248e+182 -6.27267e+182 1.18214e+183 -2.19063e+183 3.99205e+183 -7.1547e+183 1.26123e+184 -2.18697e+184 3.73053e+184 -6.26061e+184 1.03374e+185 -1.67954e+185 2.68524e+185 -4.22493e+185 6.54225e+185 -9.97093e+185 1.49579e+186 -2.2088e+186 3.21083e+186 -4.5949e+186 6.47376e+186 -8.98003e+186 1.22648e+187 -1.64938e+187 2.18414e+187 -2.8481e+187 3.65728e+187 -4.62495e+187 5.75989e+187 -7.06468e+187 8.53405e+187 -1.01534e+188 1.1898e+188 -1.37325e+188 1.56117e+188 -1.74814e+188 1.92815e+188 -2.09483e+188 2.24183e+188 -2.36323e+188 2.45394e+188 -2.51002e+188 2.529e+188 -2.51002e+188 2.45394e+188 -2.36323e+188 2.24183e+188 -2.09483e+188 1.92815e+188 -1.74814e+188 1.56117e+188 -1.37325e+188 1.1898e+188 -1.01534e+188 8.53405e+187 -7.06468e+187 5.75989e+187 -4.62495e+187 3.65728e+187 -2.8481e+187 2.18414e+187 -1.64938e+187 1.22648e+187 -8.98003e+186 6.47376e+186 -4.5949e+186 3.21083e+186 -2.2088e+186 1.49579e+186 -9.97093e+185 6.54225e+185 -4.22493e+185 2.68524e+185 -1.67954e+185 1.03374e+185 -6.26061e+184 3.73053e+184 -2.18697e+184 1.26123e+184 -7.1547e+183 3.99205e+183 -2.19063e+183 1.18214e+183 -6.27267e+182 3.27248e+182 -1.67839e+182 8.46136e+181 -4.19172e+181 2.0386e+181 -9.69109e+180 4.40668e+180 -1.69311e+180 0
0.0254 0 6.67926e+181 -1.73076e+182 3.78439e+182 -7.91176e+182 1.61676e+183 -3.24383e+183 6.39658e+183 -1.24006e+184 2.36374e+184 -4.43068e+184 8.16764e+184 -1.48088e+185 2.64108e+185 -4.63359e+185 7.99771e+185 -1.35819e+186 2.26954e+186 -3.73189e+186 6.03902e+186 -9.6179e+186 1.50765e+187 -2.32623e+187 3.53317e+187 -5.28279e+187 7.7763e+187 -1.12698e+188 1.60811e+188 -2.2594e+188 3.12585e+188 -4.25854e+188 5.71333e+188 -7.54868e+188 9.82249e+188 -1.2588e+189 1.58888e+189 -1.97533e+189 2.41887e+189 -2.91757e+189 3.46641e+189 -4.05691e+189 4.67711e+189 -5.31171e+189 5.94256e+189 -6.5494e+189 7.11088e+189 -7.60578e+189 8.01433e+189 -8.31947e+189 8.50809e+189 -8.57191e+189 8.50809e+189 -8.31947e+189 8.01433e+189 -7.60578e+189 7.11088e+189 -6.5494e+189 5.94256e+189 -5.31171e+189 4.67711e+189 -4.05691e+189 3.46641e+189 -2.91757e+189 2.41887e+189 -1.97533e+189 1.58888e+189 -1.2588e+189 9.82249e+188 -7.54868e+188 5.71333e+188 -4.25854e+188 3.12585e+188 -2.2594e+188 1.60811e+188 -1.12698e+188 7.7763e+187 -5.28279e+187 3.53317e+187 -2.32623e+187 1.50765e+187 -9.6179e+186 6.03902e+186 -3.73189e+186 2.26954e+186 -1.35819e+186 7.99771e+185 -4.63359e+185 2.64108e+185 -1.48088e+185 8.16764e+184 -4.43068e+184 2.36374e+184 -1.24006e+184 6.39658e+183 -3.24383e+183 1.61676e+183 -7.91176e+182 3.78439e+182 -1.73076e+182 6.67926e+181 0
0.0256 0 -2.62806e+183 6.78072e+183 -1.4743e+184 3.0636e+184 -6.22251e+184 1.24106e+185 -2.43313e+185 4.69042e+185 -8.89191e+185 1.65791e+186 -3.04057e+186 5.48546e+186 -9.73591e+186 1.70013e+187 -2.92121e+187 4.93921e+187 -8.2186e+187 1.34591e+188 -2.1694e+188 3.44194e+188 -5.37567e+188 8.26524e+188 -1.25112e+189 1.86459e+189 -2.73615e+189 3.95354e+189 -5.62531e+189 7.88208e+189 -1.08765e+190 1.47812e+190 -1.97843e+190 2.6082e+190 -3.38675e+190 4.33176e+190 -5.45755e+190 6.77326e+190 -8.28086e+190 9.9734e+190 -1.18334e+191 1.38321e+191 -1.59289e+191 1.8072e+191 -2.02006e+191 2.22464e+191 -2.4138e+191 2.58044e+191 -2.71793e+191 2.82059e+191 -2.88403e+191 2.90549e+191 -2.88403e+191 2.82059e+191 -2.71793e+191 2.58044e+191 -2.4138e+191 2.22464e+191 -2.02006e+191 1.8072e+191 -1.59289e+191 1.38321e+191 -1.18334e+191 9.9734e+190 -8.28086e+190 6.77326e+190 -5.45755e+190 4.33176e+190 -3.38675e+190 2.6082e+190 -1.97843e+190 1.47812e+190 -1.08765e+190 7.88208e+189 -5.62531e+189 3.95354e+189 -2.73615e+189 1.86459e+189 -1.25112e+189 8.26524e+188 -5.37567e+188 3.44194e+188 -2.1694e+188 1.34591e+188 -8.2186e+187 4.93921e+187 -2.92121e+187 1.70013e+187 -9.73591e+186 5.48546e+186 -3.04057e+186 1.65791e+186 -8.89191e+185 4.69042e+185 -2.43313e+185 1.24106e+185 -6.22251e+184 3.0636e+184 -1.4743e+184 6.78072e+183 -2.62806e+183 0
0.0258 0 1.03142e+185 -2.65004e+185 5.73016e+185 -1.18368e+186 2.38989e+186 -4.73878e+186 9.23773e+186 -1.77096e+187 3.33933e+187 -6.19388e+187 1.13021e+188 -2.02904e+188 3.58419e+188 -6.23016e+188 1.06573e+189 -1.79422e+189 2.97309e+189 -4.84932e+189 7.78615e+189 -1.23073e+190 1.91526e+190 -2.93458e+190 4.42733e+190 -6.57717e+190 9.62194e+190 -1.38623e+191 1.96686e+191 -2.74855e+191 3.78306e+191 -5.12872e+191 6.84889e+191 -9.00932e+191 1.16746e+192 -1.49033e+192 1.87425e+192 -2.32215e+192 2.83456e+192 -3.40895e+192 4.03931e+192 -4.7158e+192 5.42467e+192 -6.14849e+192 6.8667e+192 -7.55645e+192 8.19376e+192 -8.75486e+192 9.21762e+192 -9.56302e+192 9.77643e+192 -9.84861e+192 9.77643e+192 -9.56302e+192 9.21762e+192 -8.75486e+192 8.19376e+192 -7.55645e+192 6.8667e+192 -6.14849e+192 5.42467e+192 -4.7158e+192 4.03931e+192 -3.40895e+192 2.83456e+192 -2.32215e+192 1.87425e+192 -1.49033e+192 1.16746e+192 -9.00932e+191 6.84889e+191 -5.12872e+191 3.78306e+191 -2.74855e+191 1.96686e+191 -1.38623e+191 9.62194e+190 -6.57717e+190 4.42733e+190 -2.93458e+190 1.91526e+190 -1.23073e+190 7.78615e+189 -4.84932e+189 2.97309e+189 -1.79422e+189 1.06573e+189 -6.23016e+188 3.58419e+188 -2.02904e+188 1.13021e+188 -6.19388e+187 3.33933e+187 -1.77096e+187 9.23773e+186 -4.73878e+186 2.38989e+186 -1.18368e+186 5.73016e+185 -2.65004e+185 1.03142e+185 0
0.026 0 -4.03794e+186 1.03323e+187 -2.22211e+187 4.56357e+187 -9.16026e+187 1.80593e+188 -3.50082e+188 6.67502e+188 -1.25202e+189 2.31041e+189 -4.19496e+189 7.49491e+189 -1.31777e+190 2.28026e+190 -3.88361e+190 6.51063e+190 -1.07443e+191 1.74557e+191 -2.79205e+191 4.3971e+191 -6.81857e+191 1.04119e+192 -1.56568e+192 2.31865e+192 -3.38179e+192 4.85807e+192 -6.87391e+192 9.5805e+192 -1.31533e+193 1.77895e+193 -2.37022e+193 3.11121e+193 -4.02345e+193 5.12639e+193 -6.43549e+193 7.96014e+193 -9.70156e+193 1.16508e+194 -1.3787e+194 1.60767e+194 -1.84733e+194 2.09179e+194 -2.33414e+194 2.5667e+194 -2.78143e+194 2.97038e+194 -3.12615e+194 3.24237e+194 -3.31416e+194 3.33844e+194 -3.31416e+194 3.24237e+194 -3.12615e+194 2.97038e+194 -2.78143e+194 2.5667e+194 -2.33414e+194 2.09179e+194 -1.84733e+194 1.60767e+194 -1.3787e+194 1.16508e+194 -9.70156e+193 7.96014e+193 -6.43549e+193 5.12639e+193 -4.02345e+193 3.11121e+193 -2.37022e+193 1.77895e+193 -1.31533e+193 9.5805e+192 -6.87391e+192 4.85807e+192 -3.38179e+192 2.31865e+192 -1.56568e+192 1.04119e+192 -6.81857e+191 4.3971e+191 -2.79205e+191 1.74557e+191 -1.07443e+191 6.51063e+190 -3.88361e+190 2.28026e+190 -1.31777e+190 7.49491e+189 -4.19496e+189 2.31041e+189 -1.25202e+189 6.67502e+188 -3.50082e+188 1.80593e+188 -9.16026e+187 4.56357e+187 -2.22212e+187 1.03323e+187 -4.03794e+186 0
0.0262 0 1.57701e+188 -4.01913e+188 8.59823e+188 -1.75577e+189 3.50409e+189 -6.86939e+189 1.32434e+190 -2.51166e+190 4.68669e+190 -8.60513e+190 1.5548e+191 -2.76476e+191 4.8388e+191 -8.33589e+191 1.41362e+192 -2.36001e+192 3.87904e+192 -6.27759e+192 1.00035e+193 -1.56972e+193 2.4257e+193 -3.69163e+193 5.53337e+193 -8.16914e+193 1.18795e+194 -1.70169e+194 2.40126e+194 -3.33808e+194 4.57161e+194 -6.16845e+194 8.20035e+194 -1.07413e+195 1.3863e+195 -1.76302e+195 2.20934e+195 -2.72828e+195 3.32007e+195 -3.9815e+195 4.70543e+195 -5.48041e+195 6.29066e+195 -7.11632e+195 7.93412e+195 -8.71829e+195 9.44186e+195 -1.00782e+196 1.06025e+196 -1.09936e+196 1.12352e+196 -1.13168e+196 1.12352e+196 -1.09936e+196 1.06025e+196 -1.00782e+196 9.44186e+195 -8.71829e+195 7.93412e+195 -7.11632e+195 6.29066e+195 -5.48041e+195 4.70543e+195 -3.9815e+195 3.32007e+195 -2.72828e+195 2.20934e+195 -1.76302e+195 1.3863e+195 -1.07413e+195 8.20035e+194 -6.16845e+194 4.57161e+194 -3.33808e+194 2.40126e+194 -1.70169e+194 1.18795e+194 -8.16914e+193 5.53337e+193 -3.69163e+193 2.4257e+193 -1.56972e+193 1.00035e+193 -6.27759e+192 3.87904e+192 -2.36001e+192 1.41362e+192 -8.33589e+191 4.8388e+191 -2.76476e+191 1.5548e+191 -8.60513e+190 4.68669e+190 -2.51166e+190 1.32434e+190 -6.86939e+189 3.50409e+189 -1.75577e+189 8.59823e+188 -4.01913e+188 1.57701e+188 0
0.0264 0 -6.14447e+189 1.55987e+190 -3.31985e+190 6.74132e+190 -1.33784e+191 2.60818e+191 -5.00119e+191 9.43526e+191 -1.75163e+192 3.20026e+192 -5.75462e+192 1.01853e+193 -1.77458e+193 3.04378e+193 -5.13992e+193 8.54592e+193 -1.3991e+194 2.25559e+194 -3.58108e+194 5.59939e+194 -8.62315e+194 1.30802e+195 -1.95437e+195 2.87654e+195 -4.17085e+195 5.95786e+195 -8.38469e+195 1.16261e+196 -1.58836e+196 2.13821e+196 -2.8363e+196 3.70742e+196 -4.77554e+196 6.06203e+196 -7.58355e+196 9.34967e+196 -1.13606e+197 1.3605e+197 -1.60582e+197 1.86812e+197 -2.14206e+197 2.42093e+197 -2.69691e+197 2.96133e+197 -3.20516e+197 3.41948e+197 -3.59599e+197 3.72761e+197 -3.80888e+197 3.83636e+197 -3.80888e+197 3.72761e+197 -3.59599e+197 3.41948e+197 -3.20516e+197 2.96133e+197 -2.69691e+197 2.42093e+197 -2.14206e+197 1.86812e+197 -1.60582e+197 1.3605e+197 -1.13606e+197 9.34967e+196 -7.58355e+196 6.06203e+196 -4.77554e+196 3.70742e+196 -2.8363e+196 2.13821e+196 -1.58836e+196 1.16261e+196 -8.38469e+195 5.95786e+195 -4.17085e+195 2.87654e+195 -1.95437e+195 1.30802e+195 -8.62315e+194 5.59939e+194 -3.58108e+194 2.25559e+194 -1.3991e+194 8.54592e+193 -5.13992e+193 3.04378e+193 -1.77458e+193 1.01853e+193 -5.75462e+192 3.20026e+192 -1.75163e+192 9.43526e+191 -5.00119e+191 2.60818e+191 -1.33784e+191 6.74132e+190 -3.31985e+190 1.55987e+190 -6.14447e+189 0
0.0266 0 2.38857e+191 -6.04067e+191 1.27914e+192 -2.5832e+192 5.09812e+192 -9.88509e+192 1.88542e+193 -3.53873e+193 6.5367e+193 -1.18846e+194 2.127e+194 -3.74746e+194 6.50025e+194 -1.11014e+195 1.86687e+195 -3.09149e+195 5.04161e+195 -8.09738e+195 1.28092e+196 -1.99585e+196 3.06329e+196 -4.63154e+196 6.89864e+196 -1.01233e+197 1.46362e+197 -2.08496e+197 2.92651e+197 -4.04766e+197 5.51668e+197 -7.4095e+197 9.80734e+197 -1.27933e+198 1.64472e+198 -2.08401e+198 2.60263e+198 -3.20365e+198 3.88694e+198 -4.64848e+198 5.47978e+198 -6.36757e+198 7.29373e+198 -8.23568e+198 9.16703e+198 -1.00587e+199 1.08804e+199 -1.16023e+199 1.21966e+199 -1.26396e+199 1.2913e+199 -1.30055e+199 1.2913e+199 -1.26396e+199 1.21966e+199 -1.16023e+199 1.08804e+199 -1.00587e+199 9.16703e+198 -8.23568e+198 7.29373e+198 -6.36757e+198 5.47978e+198 -4.64848e+198 3.88694e+198 -3.20365e+198 2.60263e+198 -2.08401e+198 1.64472e+198 -1.27933e+198 9.80734e+197 -7.4095e+197 5.51668e+197 -4.04766e+197 2.92651e+197 -2.08496e+197 1.46362e+197 -1.01233e+197 6.89864e+196 -4.63154e+196 3.06329e+196 -1.99585e+196 1.28092e+196 -8.09738e+195 5.04161e+195 -3.09149e+195 1.86687e+195 -1.11014e+195 6.50025e+194 -3.74746e+194 2.127e+194 -1.18846e+194 6.5367e+193 -3.53873e+193 1.88542e+193 -9.88509e+192 5.09812e+192 -2.5832e+192 1.27914e+192 -6.04067e+191 2.38857e+191 0
0.0268 0 -9.26446e+192 2.33427e+193 -4.91849e+193 9.87941e+193 -1.93918e+194 3.73994e+194 -7.0962e+194 1.32513e+195 -2.43573e+195 4.40735e+195 -7.85129e+195 1.37707e+196 -2.37822e+196 4.04448e+196 -6.77361e+196 1.11726e+197 -1.81505e+197 2.90441e+197 -4.57809e+197 7.10876e+197 -1.08745e+198 1.63893e+198 -2.43368e+198 3.56075e+198 -5.13352e+198 7.293e+198 -1.02102e+199 1.40868e+199 -1.9154e+199 2.56682e+199 -3.39026e+199 4.41354e+199 -5.66333e+199 7.16309e+199 -8.93068e+199 1.09758e+200 -1.32974e+200 1.58812e+200 -1.86981e+200 2.17029e+200 -2.48343e+200 2.8016e+200 -3.11592e+200 3.41663e+200 -3.69356e+200 3.93671e+200 -4.13681e+200 4.28592e+200 -4.37795e+200 4.40906e+200 -4.37795e+200 4.28592e+200 -4.13681e+200 3.93671e+200 -3.69356e+200 3.41663e+200 -3.11592e+200 2.8016e+200 -2.48343e+200 2.17029e+200 -1.86981e+200 1.58812e+200 -1.32974e+200 1.09758e+200 -8.93068e+199 7.16309e+199 -5.66333e+199 4.41354e+199 -3.39026e+199 2.56682e+199 -1.9154e+199 1.40868e+199 -1.02102e+199 7.293e+198 -5.13352e+198 3.56075e+198 -2.43368e+198 1.63893e+198 -1.08745e+198 7.10876e+197 -4.57809e+197 2.90441e+197 -1.81505e+197 1.11726e+197 -6.77361e+196 4.04448e+196 -2.37822e+196 1.37707e+196 -7.85129e+195 4.40735e+195 -2.43573e+195 1.32513e+195 -7.0962e+194 3.73994e+194 -1.93918e+194 9.87941e+193 -4.91849e+193 2.33427e+193 -9.26446e+192 0
0.027 0 3.58554e+194 -9.00131e+194 1.88747e+195 -3.77122e+195 7.36288e+195 -1.41256e+196 2.66649e+196 -4.95456e+196 9.06293e+196 -1.6322e+197 2.89435e+197 -5.05406e+197 8.69104e+197 -1.47189e+198 2.45518e+198 -4.03388e+198 6.52863e+198 -1.0409e+199 1.63496e+199 -2.53013e+199 3.85781e+199 -5.79593e+199 8.58049e+199 -1.25178e+200 1.79967e+200 -2.5499e+200 3.56073e+200 -4.9007e+200 6.64811e+200 -8.88942e+200 1.17165e+201 -1.52227e+201 1.94967e+201 -2.46164e+201 3.06401e+201 -3.75986e+201 4.5486e+201 -5.42524e+201 6.37976e+201 -7.39676e+201 8.45549e+201 -9.53021e+201 1.0591e+202 -1.16052e+202 1.25386e+202 -1.33577e+202 1.40315e+202 -1.45334e+202 1.48431e+202 -1.49478e+202 1.48431e+202 -1.45334e+202 1.40315e+202 -1.33577e+202 1.25386e+202 -1.16052e+202 1.0591e+202 -9.53021e+201 8.45549e+201 -7.39676e+201 6.37976e+201 -5.42524e+201 4.5486e+201 -3.75986e+201 3.06401e+201 -2.46164e+201 1.94967e+201 -1.52227e+201 1.17165e+201 -8.88942e+200 6.64811e+200 -4.9007e+200 3.56073e+200 -2.5499e+200 1.79967e+200 -1.25178e+200 8.58049e+199 -5.79593e+199 3.85781e+199 -2.53013e+199 1.63496e+199 -1.0409e+199 6.52863e+198 -4.03388e+198 2.45518e+198 -1.47189e+198 8.69104e+197 -5.05406e+197 2.89435e+197 -1.6322e+197 9.06293e+196 -4.95456e+196 2.66649e+196 -1.41256e+196 7.36288e+195 -3.77122e+195 1.88747e+195 -9.00131e+194 3.58554e+194 0
0.0272 0 -1.38473e+196 3.46397e+196 -7.22908e+196 1.43691e+197 -2.79072e+197 5.32634e+197 -1.00039e+198 1.8497e+198 -3.36739e+198 6.0365e+198 -1.06564e+199 1.85271e+199 -3.17251e+199 5.35093e+199 -8.89025e+199 1.45508e+200 -2.34625e+200 3.72738e+200 -5.83444e+200 8.99882e+200 -1.36768e+201 2.04843e+201 -3.02355e+201 4.39835e+201 -6.30611e+201 8.91148e+201 -1.24129e+202 1.70432e+202 -2.30672e+202 3.07769e+202 -4.04813e+202 5.24924e+202 -6.71066e+202 8.45811e+202 -1.05107e+203 1.28781e+203 -1.55576e+203 1.85318e+203 -2.17661e+203 2.52082e+203 -2.87879e+203 3.24182e+203 -3.59987e+203 3.94191e+203 -4.25653e+203 4.53247e+203 -4.75937e+203 4.92834e+203 -5.03258e+203 5.06782e+203 -5.03258e+203 4.92834e+203 -4.75937e+203 4.53247e+203 -4.25653e+203 3.94191e+203 -3.59987e+203 3.24182e+203 -2.87879e+203 2.52082e+203 -2.17661e+203 1.85318e+203 -1.55576e+203 1.28781e+203 -1.05107e+203 8.45811e+202 -6.71066e+202 5.24924e+202 -4.04813e+202 3.07769e+202 -2.30672e+202 1.70432e+202 -1.24129e+202 8.91148e+201 -6.30611e+201 4.39835e+201 -3.02355e+201 2.04843e+201 -1.36768e+201 8.99882e+200 -5.83444e+200 3.72738e+200 -2.34625e+200 1.45508e+200 -8.89025e+199 5.35093e+199 -3.17251e+199 1.85271e+199 -1.06564e+199 6.0365e+198 -3.36739e+198 1.8497e+198 -1.00039e+198 5.32634e+197 -2.79072e+197 1.43691e+197 -7.22908e+196 3.46397e+196 -1.38473e+196 0
0.0274 0 5.33673e+197 -1.33038e+198 2.76352e+198 -5.4651e+198 1.05594e+199 -2.00514e+199 3.74739e+199 -6.89548e+199 1.24945e+200 -2.22962e+200 3.91865e+200 -6.78373e+200 1.1568e+201 -1.94327e+201 3.21605e+201 -5.24391e+201 8.42475e+201 -1.33368e+202 2.0805e+202 -3.19836e+202 4.84564e+202 -7.2354e+202 1.06484e+203 -1.54466e+203 2.20866e+203 -3.1131e+203 4.32555e+203 -5.92502e+203 8.00121e+203 -1.06526e+204 1.3983e+204 -1.80969e+204 2.30932e+204 -2.90568e+204 3.60503e+204 -4.41041e+204 5.32066e+204 -6.32965e+204 7.42556e+204 -8.59057e+204 9.8009e+204 -1.10272e+205 1.22357e+205 -1.33894e+205 1.44499e+205 -1.53796e+205 1.61438e+205 -1.67126e+205 1.70635e+205 -1.71821e+205 1.70635e+205 -1.67126e+205 1.61438e+205 -1.53796e+205 1.44499e+205 -1.33894e+205 1.22357e+205 -1.10272e+205 9.8009e+204 -8.59057e+204 7.42556e+204 -6.32965e+204 5.32066e+204 -4.41041e+204 3.60503e+204 -2.90568e+204 2.30932e+204 -1.80969e+204 1.3983e+204 -1.06526e+204 8.00121e+203 -5.92502e+203 4.32555e+203 -3.1131e+203 2.20866e+203 -1.54466e+203 1.06484e+203 -7.2354e+202 4.84564e+202 -3.19836e+202 2.0805e+202 -1.33368e+202 8.42475e+201 -5.24391e+201 3.21605e+201 -1.94327e+201 1.1568e+201 -6.78373e+200 3.91865e+200 -2.22962e+200 1.24945e+200 -6.89548e+199 3.74739e+199 -2.00514e+199 1.05594e+199 -5.4651e+198 2.76352e+198 -1.33038e+198 5.33673e+197 0
0.0276 0 -2.0526e+199 5.09954e+199 -1.05448e+200 2.07492e+200 -3.98879e+200 7.53656e+200 -1.40164e+201 2.56689e+201 -4.62973e+201 8.22471e+201 -1.43925e+202 2.48105e+202 -4.21353e+202 7.05015e+202 -1.1623e+203 1.88815e+203 -3.02257e+203 4.7683e+203 -7.41348e+203 1.13599e+204 -1.71571e+204 2.55417e+204 -3.74814e+204 5.422e+204 -7.73214e+204 1.08707e+205 -1.50676e+205 2.05912e+205 -2.77448e+205 3.68606e+205 -4.82878e+205 6.23761e+205 -7.94545e+205 9.98046e+205 -1.2363e+206 1.51027e+206 -1.81947e+206 2.16176e+206 -2.53309e+206 2.92739e+206 -3.33663e+206 3.7509e+206 -4.15882e+206 4.54796e+206 -4.90546e+206 5.2187e+206 -5.47606e+206 5.66761e+206 -5.78572e+206 5.82564e+206 -5.78572e+206 5.66761e+206 -5.47606e+206 5.2187e+206 -4.90546e+206 4.54796e+206 -4.15882e+206 3.7509e+206 -3.33663e+206 2.92739e+206 -2.53309e+206 2.16176e+206 -1.81947e+206 1.51027e+206 -1.2363e+206 9.98046e+205 -7.94545e+205 6.23761e+205 -4.82878e+205 3.68606e+205 -2.77448e+205 2.05912e+205 -1.50676e+205 1.08707e+205 -7.73214e+204 5.422e+204 -3.74814e+204 2.55417e+204 -1.71571e+204 1.13599e+204 -7.41348e+203 4.7683e+203 -3.02257e+203 1.88815e+203 -1.1623e+203 7.05015e+202 -4.21353e+202 2.48105e+202 -1.43925e+202 8.22471e+201 -4.62973e+201 2.56689e+201 -1.40164e+201 7.53656e+200 -3.98879e+200 2.07492e+200 -1.05448e+200 5.09954e+199 -2.0526e+199 0
0.0278 0 7.87909e+200 -1.95102e+201 4.01632e+201 -7.86427e+201 1.50429e+202 -2.82832e+202 5.23487e+202 -9.54216e+202 1.71325e+203 -3.03019e+203 5.27989e+203 -9.06396e+203 1.53313e+204 -2.55526e+204 4.19675e+204 -6.79268e+204 1.08354e+205 -1.70351e+205 2.63977e+205 -4.03213e+205 6.07112e+205 -9.01137e+205 1.31862e+206 -1.90229e+206 2.70569e+206 -3.79439e+206 5.2467e+206 -7.15363e+206 9.61784e+206 -1.27513e+207 1.66713e+207 -2.14951e+207 2.73321e+207 -3.42754e+207 4.23917e+207 -5.17103e+207 6.22129e+207 -7.38244e+207 8.6406e+207 -9.97516e+207 1.13589e+208 -1.27584e+208 1.41353e+208 -1.5448e+208 1.66532e+208 -1.77087e+208 1.85755e+208 -1.92205e+208 1.96181e+208 -1.97525e+208 1.96181e+208 -1.92205e+208 1.85755e+208 -1.77087e+208 1.66532e+208 -1.5448e+208 1.41353e+208 -1.27584e+208 1.13589e+208 -9.97516e+207 8.6406e+207 -7.38244e+207 6.22129e+207 -5.17103e+207 4.23917e+207 -3.42754e+207 2.73321e+207 -2.14951e+207 1.66713e+207 -1.27513e+207 9.61784e+206 -7.15363e+206 5.2467e+206 -3.79439e+206 2.70569e+206 -1.90229e+206 1.31862e+206 -9.01137e+205 6.07112e+205 -4.03213e+205 2.63977e+205 -1.70351e+205 1.08354e+205 -6.79268e+204 4.19675e+204 -2.55526e+204 1.53313e+204 -9.06396e+203 5.27989e+203 -3.03019e+203 1.71325e+203 -9.54216e+202 5.23487e+202 -2.82832e+202 1.50429e+202 -7.86427e+201 4.01632e+201 -1.95102e+201 7.87909e+200 0
0.028 0 -3.01863e+202 7.45054e+202 -1.52704e+203 2.97569e+203 -5.66413e+203 1.05981e+204 -1.95232e+204 3.54238e+204 -6.33179e+204 1.11503e+205 -1.93469e+205 3.30772e+205 -5.57271e+205 9.25235e+205 -1.51396e+206 2.44161e+206 -3.88118e+206 6.08136e+206 -9.39313e+206 1.43026e+207 -2.14701e+207 3.17753e+207 -4.63663e+207 6.67097e+207 -9.46385e+207 1.32391e+208 -1.8263e+208 2.48445e+208 -3.33307e+208 4.40992e+208 -5.75441e+208 7.40576e+208 -9.40042e+208 1.17692e+209 -1.45338e+209 1.77032e+209 -2.12704e+209 2.52092e+209 -2.94721e+209 3.3989e+209 -3.86677e+209 4.33956e+209 -4.80438e+209 5.24719e+209 -5.65351e+209 6.00919e+209 -6.30118e+209 6.51838e+209 -6.65226e+209 6.69749e+209 -6.65226e+209 6.51838e+209 -6.30118e+209 6.00919e+209 -5.65351e+209 5.24719e+209 -4.80438e+209 4.33956e+209 -3.86677e+209 3.3989e+209 -2.94721e+209 2.52092e+209 -2.12704e+209 1.77032e+209 -1.45338e+209 1.17692e+209 -9.40042e+208 7.40576e+208 -5.75441e+208 4.40992e+208 -3.33307e+208 2.48445e+208 -1.8263e+208 1.32391e+208 -9.46385e+207 6.67097e+207 -4.63663e+207 3.17753e+207 -2.14701e+207 1.43026e+207 -9.39313e+206 6.08136e+206 -3.88118e+206 2.44161e+206 -1.51396e+206 9.25235e+205 -5.57271e+205 3.30772e+205 -1.93469e+205 1.11503e+205 -6.33179e+204 3.54238e+204 -1.95232e+204 1.05981e+204 -5.66413e+203 2.97569e+203 -1.52704e+203 7.45054e+202 -3.01863e+202 0
0.0282 0 1.15432e+204 -2.84005e+204 5.79595e+204 -1.1241e+205 2.12941e+205 -3.96539e+205 7.27092e+205 -1.31331e+206 2.33715e+206 -4.09817e+206 7.08127e+206 -1.20581e+207 2.02357e+207 -3.34704e+207 5.45669e+207 -8.76898e+207 1.38914e+208 -2.16941e+208 3.34009e+208 -5.07014e+208 7.5883e+208 -1.11983e+209 1.62954e+209 -2.3383e+209 3.30882e+209 -4.61746e+209 6.35485e+209 -8.62571e+209 1.15475e+210 -1.52474e+210 1.98578e+210 -2.55101e+210 3.23255e+210 -4.04057e+210 4.98215e+210 -6.06005e+210 7.27159e+210 -8.60768e+210 1.0052e+211 -1.15808e+211 1.31628e+211 -1.47601e+211 1.63292e+211 -1.78231e+211 1.9193e+211 -2.03916e+211 2.13753e+211 -2.21067e+211 2.25575e+211 -2.27098e+211 2.25575e+211 -2.21067e+211 2.13753e+211 -2.03916e+211 1.9193e+211 -1.78231e+211 1.63292e+211 -1.47601e+211 1.31628e+211 -1.15808e+211 1.0052e+211 -8.60768e+210 7.27159e+210 -6.06005e+210 4.98215e+210 -4.04057e+210 3.23255e+210 -2.55101e+210 1.98578e+210 -1.52474e+210 1.15475e+210 -8.62571e+209 6.35485e+209 -4.61746e+209 3.30882e+209 -2.3383e+209 1.62954e+209 -1.11983e+209 7.5883e+208 -5.07014e+208 3.34009e+208 -2.16941e+208 1.38914e+208 -8.76898e+207 5.45669e+207 -3.34704e+207 2.02357e+207 -1.20581e+207 7.08127e+206 -4.09817e+206 2.33715e+206 -1.31331e+206 7.27092e+205 -3.96539e+205 2.12941e+205 -1.1241e+205 5.79595e+204 -2.84005e+204 1.15432e+204 0
0.0284 0 -4.40597e+205 1.08068e+206 -2.19618e+206 4.23964e+206 -7.99325e+206 1.48155e+207 -2.70416e+207 4.86264e+207 -8.61609e+207 1.50448e+208 -2.589e+208 4.39113e+208 -7.34085e+208 1.20967e+209 -1.96503e+209 3.14681e+209 -4.96818e+209 7.73344e+209 -1.18691e+210 1.79621e+210 -2.68044e+210 3.94445e+210 -5.72423e+210 8.19248e+210 -1.15638e+211 1.60985e+211 -2.21049e+211 2.9938e+211 -3.9995e+211 5.27046e+211 -6.85118e+211 8.78551e+211 -1.11139e+212 1.38699e+212 -1.70765e+212 2.07422e+212 -2.48568e+212 2.93888e+212 -3.42824e+212 3.94566e+212 -4.4806e+212 5.02024e+212 -5.54996e+212 6.05394e+212 -6.51586e+212 6.91982e+212 -7.2512e+212 7.49754e+212 -7.64934e+212 7.70062e+212 -7.64934e+212 7.49754e+212 -7.2512e+212 6.91982e+212 -6.51586e+212 6.05394e+212 -5.54996e+212 5.02024e+212 -4.4806e+212 3.94566e+212 -3.42824e+212 2.93888e+212 -2.48568e+212 2.07422e+212 -1.70765e+212 1.38699e+212 -1.11139e+212 8.78551e+211 -6.85118e+211 5.27046e+211 -3.9995e+211 2.9938e+211 -2.21049e+211 1.60985e+211 -1.15638e+211 8.19248e+210 -5.72423e+210 3.94445e+210 -2.68044e+210 1.79621e+210 -1.18691e+210 7.73344e+209 -4.96818e+209 3.14681e+209 -1.96503e+209 1.20967e+209 -7.34085e+208 4.39113e+208 -2.589e+208 1.50448e+208 -8.61609e+207 4.86264e+207 -2.70416e+207 1.48155e+207 -7.99325e+206 4.23964e+206 -2.19618e+206 1.08068e+206 -4.40597e+205 0
0.0286 0 1.67872e+207 -4.10502e+207 8.30797e+207 -1.59652e+208 2.99601e+208 -5.52758e+208 1.00437e+209 -1.79816e+209 3.17258e+209 -5.51682e+209 9.45553e+209 -1.59747e+210 2.66047e+210 -4.36803e+210 7.07033e+210 -1.12835e+211 1.77552e+211 -2.75488e+211 4.215e+211 -6.35962e+211 9.46288e+211 -1.38865e+212 2.00983e+212 -2.86906e+212 4.0397e+212 -5.61055e+212 7.68642e+212 -1.03877e+213 1.38486e+213 -1.82136e+213 2.36321e+213 -3.02509e+213 3.82044e+213 -4.76037e+213 5.85231e+213 -7.0988e+213 8.49614e+213 -1.00333e+214 1.16913e+214 -1.34426e+214 1.52514e+214 -1.70746e+214 1.8863e+214 -2.05634e+214 2.21209e+214 -2.34824e+214 2.45989e+214 -2.54287e+214 2.59398e+214 -2.61125e+214 2.59398e+214 -2.54287e+214 2.45989e+214 -2.34824e+214 2.21209e+214 -2.05634e+214 1.8863e+214 -1.70746e+214 1.52514e+214 -1.34426e+214 1.16913e+214 -1.00333e+214 8.49614e+213 -7.0988e+213 5.85231e+213 -4.76037e+213 3.82044e+213 -3.02509e+213 2.36321e+213 -1.82136e+213 1.38486e+213 -1.03877e+213 7.68642e+212 -5.61055e+212 4.0397e+212 -2.86906e+212 2.00983e+212 -1.38865e+212 9.46288e+211 -6.35962e+211 4.215e+211 -2.75488e+211 1.77552e+211 -1.12835e+211 7.07033e+210 -4.36803e+210 2.66047e+210 -1.59747e+210 9.45553e+209 -5.51682e+209 3.17258e+209 -1.79816e+209 1.00437e+209 -5.52758e+208 2.99601e+208 -1.59652e+208 8.30797e+207 -4.10502e+207 1.67872e+207 0
0.0288 0 -6.38488e+208 1.55669e+209 -3.13779e+209 6.00279e+209 -1.12133e+210 2.05947e+210 -3.72552e+210 6.64117e+210 -1.16682e+211 2.02073e+211 -3.44971e+211 5.80577e+211 -9.63304e+211 1.57587e+212 -2.54186e+212 4.04281e+212 -6.34071e+212 9.80701e+212 -1.49589e+213 2.25034e+213 -3.33889e+213 4.88629e+213 -7.05339e+213 1.00433e+214 -1.41067e+214 1.95465e+214 -2.67188e+214 3.60318e+214 -4.79389e+214 6.29271e+214 -8.14979e+214 1.04142e+215 -1.31307e+215 1.63359e+215 -2.0054e+215 2.42924e+215 -2.90376e+215 3.42514e+215 -3.98687e+215 4.57961e+215 -5.19126e+215 5.80726e+215 -6.41105e+215 6.98475e+215 -7.50999e+215 7.9689e+215 -8.34508e+215 8.62457e+215 -8.79673e+215 8.85488e+215 -8.79673e+215 8.62457e+215 -8.34508e+215 7.9689e+215 -7.50999e+215 6.98475e+215 -6.41105e+215 5.80726e+215 -5.19126e+215 4.57961e+215 -3.98687e+215 3.42514e+215 -2.90376e+215 2.42924e+215 -2.0054e+215 1.63359e+215 -1.31307e+215 1.04142e+215 -8.14979e+214 6.29271e+214 -4.79389e+214 3.60318e+214 -2.67188e+214 1.95465e+214 -1.41067e+214 1.00433e+214 -7.05339e+213 4.88629e+213 -3.33889e+213 2.25034e+213 -1.49589e+213 9.80701e+212 -6.34071e+212 4.04281e+212 -2.54186e+212 1.57587e+212 -9.63304e+211 5.80577e+211 -3.44971e+211 2.02073e+211 -1.16682e+211 6.64117e+210 -3.72552e+210 2.05947e+210 -1.12133e+210 6.00279e+209 -3.13779e+209 1.55669e+209 -6.38488e+208 0
0.029 0 2.42428e+210 -5.89345e+210 1.18323e+211 -2.25364e+211 4.1909e+211 -7.66284e+211 1.38015e+212 -2.44982e+212 4.28645e+212 -7.39356e+212 1.25728e+213 -2.10797e+213 3.48474e+213 -5.6804e+213 9.13085e+213 -1.44741e+214 2.26277e+214 -3.48884e+214 5.30558e+214 -7.95822e+214 1.17747e+215 -1.7185e+215 2.47421e+215 -3.5142e+215 4.92419e+215 -6.80735e+215 9.28474e+215 -1.24947e+216 1.65904e+216 -2.17359e+216 2.80995e+216 -3.58455e+216 4.51225e+216 -5.60514e+216 6.87105e+216 -8.31214e+216 9.92346e+216 -1.16918e+217 1.3595e+217 -1.56011e+217 1.76695e+217 -1.97508e+217 2.17894e+217 -2.37251e+217 2.54964e+217 -2.70433e+217 2.83108e+217 -2.92524e+217 2.98322e+217 -3.0028e+217 2.98322e+217 -2.92524e+217 2.83108e+217 -2.70433e+217 2.54964e+217 -2.37251e+217 2.17894e+217 -1.97508e+217 1.76695e+217 -1.56011e+217 1.3595e+217 -1.16918e+217 9.92346e+216 -8.31214e+216 6.87105e+216 -5.60514e+216 4.51225e+216 -3.58455e+216 2.80995e+216 -2.17359e+216 1.65904e+216 -1.24947e+216 9.28474e+215 -6.80735e+215 4.92419e+215 -3.5142e+215 2.47421e+215 -1.7185e+215 1.17747e+215 -7.95822e+214 5.30558e+214 -3.48884e+214 2.26277e+214 -1.44741e+214 9.13085e+213 -5.6804e+213 3.48474e+213 -2.10797e+213 1.25728e+213 -7.39356e+212 4.28645e+212 -2.44982e+212 1.38015e+212 -7.66285e+211 4.1909e+211 -2.25364e+211 1.18323e+211 -5.89345e+210 2.42428e+210 0
0.0292 0 -9.18933e+211 2.2276e+212 -4.45499e+212 8.44854e+212 -1.56415e+213 2.84743e+213 -5.10646e+213 9.02629e+213 -1.5729e+214 2.70233e+214 -4.5777e+214 7.64638e+214 -1.25948e+215 2.04584e+215 -3.27738e+215 5.17817e+215 -8.0694e+215 1.24035e+216 -1.88062e+216 2.81279e+216 -4.15018e+216 6.041e+216 -8.67522e+216 1.22913e+217 -1.71822e+217 2.36993e+217 -3.22541e+217 4.33151e+217 -5.74e+217 7.50612e+217 -9.6864e+217 1.23357e+218 -1.55035e+218 1.92295e+218 -2.35393e+218 2.84388e+218 -3.39101e+218 3.99078e+218 -4.63555e+218 5.31456e+218 -6.01398e+218 6.71723e+218 -7.40554e+218 8.05872e+218 -8.65609e+218 9.17755e+218 -9.60469e+218 9.92188e+218 -1.01172e+219 1.01831e+219 -1.01172e+219 9.92188e+218 -9.60469e+218 9.17755e+218 -8.65609e+218 8.05872e+218 -7.40554e+218 6.71723e+218 -6.01398e+218 5.31456e+218 -4.63555e+218 3.99078e+218 -3.39101e+218 2.84388e+218 -2.35393e+218 1.92295e+218 -1.55035e+218 1.23357e+218 -9.6864e+217 7.50612e+217 -5.74e+217 4.33151e+217 -3.22541e+217 2.36993e+217 -1.71822e+217 1.22913e+217 -8.67522e+216 6.041e+216 -4.15018e+216 2.81279e+216 -1.88062e+216 1.24035e+216 -8.0694e+215 5.17817e+215 -3.27738e+215 2.04584e+215 -1.25948e+215 7.64638e+214 -4.5777e+214 2.70233e+214 -1.5729e+214 9.02629e+213 -5.10646e+213 2.84743e+213 -1.56415e+213 8.44854e+212 -4.45499e+212 2.2276e+212 -9.18933e+211 0
0.0294 0 3.47756e+213 -8.40659e+213 1.67484e+214 -3.1627e+214 5.82988e+214 -1.05671e+215 1.88705e+215 -3.32185e+215 5.76539e+215 -9.86665e+215 1.66507e+216 -2.77105e+216 4.54808e+216 -7.3622e+216 1.17546e+217 -1.85117e+217 2.87571e+217 -4.40685e+217 6.66213e+217 -9.93614e+217 1.46205e+218 -2.12256e+218 3.04042e+218 -4.2973e+218 5.99324e+218 -8.24797e+218 1.12012e+219 -1.50118e+219 1.98545e+219 -2.59153e+219 3.3384e+219 -4.24438e+219 5.32593e+219 -6.59618e+219 8.0633e+219 -9.72896e+219 1.15867e+220 -1.36208e+220 1.58053e+220 -1.81035e+220 2.04686e+220 -2.28449e+220 2.5169e+220 -2.73731e+220 2.93879e+220 -3.11458e+220 3.25853e+220 -3.36539e+220 3.43118e+220 -3.4534e+220 3.43118e+220 -3.36539e+220 3.25853e+220 -3.11458e+220 2.93879e+220 -2.73731e+220 2.5169e+220 -2.28449e+220 2.04686e+220 -1.81035e+220 1.58053e+220 -1.36208e+220 1.15867e+220 -9.72896e+219 8.0633e+219 -6.59618e+219 5.32593e+219 -4.24438e+219 3.3384e+219 -2.59153e+219 1.98545e+219 -1.50118e+219 1.12012e+219 -8.24797e+218 5.99324e+218 -4.2973e+218 3.04042e+218 -2.12256e+218 1.46205e+218 -9.93614e+217 6.66213e+217 -4.40685e+217 2.87571e+217 -1.85117e+217 1.17546e+217 -7.3622e+216 4.54808e+216 -2.77105e+216 1.66507e+216 -9.86665e+215 5.76539e+215 -3.32185e+215 1.88705e+215 -1.05671e+215 5.82988e+214 -3.1627e+214 1.67484e+214 -8.40659e+213 3.47756e+213 0
0.0296 0 -1.31392e+215 3.16761e+215 -6.28722e+215 1.1823e+216 -2.17003e+216 3.91661e+216 -6.96509e+216 1.22112e+217 -2.111e+217 3.59882e+217 -6.05064e+217 1.00332e+218 -1.64094e+218 2.64724e+218 -4.21265e+218 6.6131e+218 -1.02414e+219 1.56474e+219 -2.35869e+219 3.50803e+219 -5.14798e+219 7.45436e+219 -1.06512e+220 1.50183e+220 -2.08971e+220 2.86955e+220 -3.8888e+220 5.20123e+220 -6.86589e+220 8.94541e+220 -1.15034e+221 1.46012e+221 -1.82935e+221 2.26234e+221 -2.76175e+221 3.32798e+221 -3.95875e+221 4.64861e+221 -5.38867e+221 6.16652e+221 -6.96635e+221 7.76929e+221 -8.55407e+221 9.29788e+221 -9.97742e+221 1.05701e+222 -1.10552e+222 1.14153e+222 -1.16369e+222 1.17118e+222 -1.16369e+222 1.14153e+222 -1.10552e+222 1.05701e+222 -9.97742e+221 9.29788e+221 -8.55407e+221 7.76929e+221 -6.96635e+221 6.16652e+221 -5.38867e+221 4.64861e+221 -3.95875e+221 3.32798e+221 -2.76175e+221 2.26234e+221 -1.82935e+221 1.46012e+221 -1.15034e+221 8.94541e+220 -6.86589e+220 5.20123e+220 -3.8888e+220 2.86955e+220 -2.08971e+220 1.50183e+220 -1.06512e+220 7.45436e+219 -5.14798e+219 3.50803e+219 -2.35869e+219 1.56474e+219 -1.02414e+219 6.6131e+218 -4.21265e+218 2.64724e+218 -1.64094e+218 1.00332e+218 -6.05064e+217 3.59882e+217 -2.111e+217 1.22112e+217 -6.96509e+216 3.91661e+216 -2.17003e+216 1.1823e+216 -6.28722e+215 3.16761e+215 -1.31392e+215 0
0.0298 0 4.9566e+216 -1.19176e+217 2.35679e+217 -4.41372e+217 8.0669e+217 -1.44988e+218 2.5678e+218 -4.48387e+218 7.72131e+218 -1.31134e+219 2.19664e+219 -3.62948e+219 5.91556e+219 -9.51118e+219 1.50863e+220 -2.36081e+220 3.64495e+220 -5.55254e+220 8.34606e+220 -1.23788e+221 1.81175e+221 -2.61675e+221 3.72977e+221 -5.24657e+221 7.28377e+221 -9.98019e+221 1.3497e+222 -1.80162e+222 2.37373e+222 -3.0871e+222 3.96309e+222 -5.02217e+222 6.28251e+222 -7.75833e+222 9.45815e+222 -1.13829e+223 1.35245e+223 -1.58641e+223 1.83713e+223 -2.10041e+223 2.37088e+223 -2.64221e+223 2.90721e+223 -3.15823e+223 3.38744e+223 -3.58727e+223 3.75078e+223 -3.87211e+223 3.94677e+223 -3.97198e+223 3.94677e+223 -3.87211e+223 3.75078e+223 -3.58727e+223 3.38744e+223 -3.15823e+223 2.90721e+223 -2.64221e+223 2.37088e+223 -2.10041e+223 1.83713e+223 -1.58641e+223 1.35245e+223 -1.13829e+223 9.45815e+222 -7.75833e+222 6.28251e+222 -5.02217e+222 3.96309e+222 -3.0871e+222 2.37373e+222 -1.80162e+222 1.3497e+222 -9.98019e+221 7.28377e+221 -5.24657e+221 3.72977e+221 -2.61675e+221 1.81175e+221 -1.23788e+221 8.34606e+220 -5.55254e+220 3.64495e+220 -2.36081e+220 1.50863e+220 -9.51118e+219 5.91556e+219 -3.62948e+219 2.19664e+219 -1.31134e+219 7.72131e+218 -4.48387e+218 2.5678e+218 -1.44988e+218 8.0669e+217 -4.41372e+217 2.35679e+217 -1.19176e+217 4.9566e+216 0
0.03 0 -1.86696e+218 4.47719e+218 -8.82208e+218 1.64551e+219 -2.995e+219 5.36076e+219 -9.45582e+219 1.64466e+220 -2.82128e+220 4.77365e+220 -7.96743e+220 1.31182e+221 -2.13079e+221 3.4146e+221 -5.39876e+221 8.42214e+221 -1.29642e+222 1.96916e+222 -2.95155e+222 4.36584e+222 -6.37312e+222 9.18163e+222 -1.30553e+223 1.83217e+223 -2.5379e+223 3.46997e+223 -4.68308e+223 6.23888e+223 -8.20467e+223 1.06514e+224 -1.36508e+224 1.72711e+224 -2.15727e+224 2.66025e+224 -3.23878e+224 3.89304e+224 -4.62011e+224 5.41352e+224 -6.26292e+224 7.15403e+224 -8.06873e+224 8.98559e+224 -9.88049e+224 1.07277e+225 -1.15008e+225 1.21746e+225 -1.27257e+225 1.31346e+225 -1.33862e+225 1.34711e+225 -1.33862e+225 1.31346e+225 -1.27257e+225 1.21746e+225 -1.15008e+225 1.07277e+225 -9.88049e+224 8.98559e+224 -8.06873e+224 7.15403e+224 -6.26292e+224 5.41352e+224 -4.62011e+224 3.89304e+224 -3.23878e+224 2.66025e+224 -2.15727e+224 1.72711e+224 -1.36508e+224 1.06514e+224 -8.20467e+223 6.23888e+223 -4.68308e+223 3.46997e+223 -2.5379e+223 1.83217e+223 -1.30553e+223 9.18163e+222 -6.37312e+222 4.36584e+222 -2.95155e+222 1.96916e+222 -1.29642e+222 8.42214e+221 -5.39876e+221 3.4146e+221 -2.13079e+221 1.31182e+221 -7.96743e+220 4.77365e+220 -2.82128e+220 1.64466e+220 -9.45582e+219 5.36076e+219 -2.995e+219 1.64551e+219 -8.82208e+218 4.47719e+218 -1.86696e+218 0
0.0302 0 7.02155e+219 -1.67955e+220 3.29779e+220 -6.12671e+220 1.11057e+221 -1.97974e+221 3.47816e+221 -6.02611e+221 1.02982e+222 -1.73608e+222 2.88725e+222 -4.73732e+222 7.66896e+222 -1.22495e+223 1.93062e+223 -3.00257e+223 4.60815e+223 -6.97938e+223 1.04323e+224 -1.53899e+224 2.24078e+224 -3.22023e+224 4.56787e+224 -6.3958e+224 8.83985e+224 -1.20608e+225 1.62444e+225 -2.15992e+225 2.83525e+225 -3.67431e+225 4.70112e+225 -5.93852e+225 7.40655e+225 -9.12061e+225 1.10895e+226 -1.33132e+226 1.57816e+226 -1.84722e+226 2.13498e+226 -2.43659e+226 2.74593e+226 -3.05577e+226 3.35798e+226 -3.6439e+226 3.90472e+226 -4.13192e+226 4.3177e+226 -4.45548e+226 4.54024e+226 -4.56885e+226 4.54024e+226 -4.45548e+226 4.3177e+226 -4.13192e+226 3.90472e+226 -3.6439e+226 3.35798e+226 -3.05577e+226 2.74593e+226 -2.43659e+226 2.13498e+226 -1.84722e+226 1.57816e+226 -1.33132e+226 1.10895e+226 -9.12061e+225 7.40655e+225 -5.93852e+225 4.70112e+225 -3.67431e+225 2.83525e+225 -2.15992e+225 1.62444e+225 -1.20608e+225 8.83985e+224 -6.3958e+224 4.56787e+224 -3.22023e+224 2.24078e+224 -1.53899e+224 1.04323e+224 -6.97938e+223 4.60815e+223 -3.00257e+223 1.93062e+223 -1.22495e+223 7.66896e+222 -4.73732e+222 2.88725e+222 -1.73608e+222 1.02982e+222 -6.02611e+221 3.47816e+221 -1.97974e+221 1.11057e+221 -6.12671e+220 3.29779e+220 -1.67955e+220 7.02155e+219 0
0.0304 0 -2.63692e+221 6.29172e+221 -1.23109e+222 2.27823e+222 -4.11308e+222 7.30281e+222 -1.27798e+223 2.2057e+223 -3.75536e+223 6.30787e+223 -1.04536e+224 1.70934e+224 -2.75797e+224 4.39109e+224 -6.89915e+224 1.06974e+225 -1.63698e+225 2.47231e+225 -3.68536e+225 5.42237e+225 -7.87493e+225 1.12893e+226 -1.59761e+226 2.23186e+226 -3.07801e+226 4.19078e+226 -5.63319e+226 7.47583e+226 -9.79541e+226 1.26723e+227 -1.6187e+227 2.04158e+227 -2.54253e+227 3.1266e+227 -3.7966e+227 4.55241e+227 -5.39037e+227 6.3028e+227 -7.27767e+227 8.29853e+227 -9.34469e+227 1.03917e+228 -1.14123e+228 1.23774e+228 -1.32573e+228 1.40234e+228 -1.46497e+228 1.5114e+228 -1.53997e+228 1.54961e+228 -1.53997e+228 1.5114e+228 -1.46497e+228 1.40234e+228 -1.32573e+228 1.23774e+228 -1.14123e+228 1.03917e+228 -9.34469e+227 8.29853e+227 -7.27767e+227 6.3028e+227 -5.39037e+227 4.55241e+227 -3.7966e+227 3.1266e+227 -2.54253e+227 2.04158e+227 -1.6187e+227 1.26723e+227 -9.79541e+226 7.47583e+226 -5.63319e+226 4.19078e+226 -3.07801e+226 2.23186e+226 -1.59761e+226 1.12893e+226 -7.87493e+225 5.42237e+225 -3.68536e+225 2.47231e+225 -1.63698e+225 1.06974e+225 -6.89915e+224 4.39109e+224 -2.75797e+224 1.70934e+224 -1.04536e+224 6.30787e+223 -3.75536e+223 2.2057e+223 -1.27798e+223 7.30281e+222 -4.11308e+222 2.27823e+222 -1.23109e+222 6.29172e+221 -2.63692e+221 0
0.0306 0 9.88863e+222 -2.35366e+223 4.58971e+223 -8.46106e+223 1.5215e+224 -2.69079e+224 4.69063e+224 -8.06515e+224 1.36811e+225 -2.2898e+225 3.78158e+225 -6.16269e+225 9.91082e+225 -1.57294e+226 2.46376e+226 -3.80879e+226 5.81162e+226 -8.75278e+226 1.30122e+227 -1.90954e+227 2.76628e+227 -3.95611e+227 5.58545e+227 -7.78542e+227 1.0714e+228 -1.45574e+228 1.95293e+228 -2.58687e+228 3.38343e+228 -4.36965e+228 5.57254e+228 -7.01757e+228 8.72681e+228 -1.07169e+229 1.29968e+229 -1.55654e+229 1.84101e+229 -2.15042e+229 2.48068e+229 -2.82621e+229 3.18002e+229 -3.53387e+229 3.87856e+229 -4.2043e+229 4.50115e+229 -4.75951e+229 4.97064e+229 -5.12714e+229 5.2234e+229 -5.25588e+229 5.2234e+229 -5.12714e+229 4.97064e+229 -4.75951e+229 4.50115e+229 -4.2043e+229 3.87856e+229 -3.53387e+229 3.18002e+229 -2.82621e+229 2.48068e+229 -2.15042e+229 1.84101e+229 -1.55654e+229 1.29968e+229 -1.07169e+229 8.72681e+228 -7.01757e+228 5.57254e+228 -4.36965e+228 3.38343e+228 -2.58687e+228 1.95293e+228 -1.45574e+228 1.0714e+228 -7.78542e+227 5.58545e+227 -3.95611e+227 2.76628e+227 -1.90954e+227 1.30122e+227 -8.75278e+226 5.81162e+226 -3.80879e+226 2.46376e+226 -1.57294e+226 9.91082e+225 -6.16269e+225 3.78158e+225 -2.2898e+225 1.36811e+225 -8.06515e+224 4.69063e+224 -2.69079e+224 1.5215e+224 -8.46106e+223 4.58971e+223 -2.35366e+223 9.88863e+222 0
0.0308 0 -3.70311e+224 8.79287e+224 -1.70891e+225 3.13847e+225 -5.62171e+225 9.90347e+225 -1.71981e+226 2.94608e+226 -4.97942e+226 8.30472e+226 -1.36682e+227 2.22006e+227 -3.55878e+227 5.63045e+227 -8.79248e+227 1.35526e+228 -2.06204e+228 3.09706e+228 -4.59198e+228 6.72145e+228 -9.71301e+228 1.38576e+229 -1.95201e+229 2.71485e+229 -3.72817e+229 5.05527e+229 -6.76866e+229 8.94918e+229 -1.16841e+230 1.50645e+230 -1.91808e+230 2.41179e+230 -2.99493e+230 3.67295e+230 -4.44869e+230 5.32164e+230 -6.28727e+230 7.33649e+230 -8.45534e+230 9.62487e+230 -1.08214e+231 1.20173e+231 -1.31814e+231 1.4281e+231 -1.52825e+231 1.61538e+231 -1.68657e+231 1.73932e+231 -1.77176e+231 1.7827e+231 -1.77176e+231 1.73932e+231 -1.68657e+231 1.61538e+231 -1.52825e+231 1.4281e+231 -1.31814e+231 1.20173e+231 -1.08214e+231 9.62487e+230 -8.45534e+230 7.33649e+230 -6.28727e+230 5.32164e+230 -4.44869e+230 3.67295e+230 -2.99493e+230 2.41179e+230 -1.91808e+230 1.50645e+230 -1.16841e+230 8.94918e+229 -6.76866e+229 5.05527e+229 -3.72817e+229 2.71485e+229 -1.95201e+229 1.38576e+229 -9.71301e+228 6.72145e+228 -4.59198e+228 3.09706e+228 -2.06204e+228 1.35526e+228 -8.79248e+227 5.63045e+227 -3.55878e+227 2.22006e+227 -1.36682e+227 8.30472e+226 -4.97942e+226 2.94608e+226 -1.71981e+226 9.90347e+225 -5.62171e+225 3.13847e+225 -1.70891e+225 8.79287e+224 -3.70311e+224 0
0.031 0 1.38485e+226 -3.28051e+226 6.35483e+226 -1.16276e+227 2.07477e+227 -3.64103e+227 6.29918e+227 -1.07511e+228 1.81065e+228 -3.00933e+228 4.93617e+228 -7.99129e+228 1.27694e+229 -2.01406e+229 3.13574e+229 -4.81938e+229 7.31216e+229 -1.09527e+230 1.61968e+230 -2.36479e+230 3.40896e+230 -4.85215e+230 6.81935e+230 -9.46371e+230 1.29689e+231 -1.75501e+231 2.34534e+231 -3.09521e+231 4.03408e+231 -5.19253e+231 6.60091e+231 -8.2876e+231 1.02769e+232 -1.25867e+232 1.5226e+232 -1.81925e+232 2.14704e+232 -2.50282e+232 2.88186e+232 -3.27772e+232 3.68241e+232 -4.08656e+232 4.47976e+232 -4.85092e+232 5.18884e+232 -5.48271e+232 5.72271e+232 -5.90052e+232 6.00985e+232 -6.04674e+232 6.00985e+232 -5.90052e+232 5.72271e+232 -5.48271e+232 5.18884e+232 -4.85092e+232 4.47976e+232 -4.08656e+232 3.68241e+232 -3.27772e+232 2.88186e+232 -2.50282e+232 2.14704e+232 -1.81925e+232 1.5226e+232 -1.25867e+232 1.02769e+232 -8.2876e+231 6.60091e+231 -5.19253e+231 4.03408e+231 -3.09521e+231 2.34534e+231 -1.75501e+231 1.29689e+231 -9.46371e+230 6.81935e+230 -4.85215e+230 3.40896e+230 -2.36479e+230 1.61968e+230 -1.09527e+230 7.31216e+229 -4.81938e+229 3.13574e+229 -2.01406e+229 1.27694e+229 -7.99129e+228 4.93617e+228 -3.00933e+228 1.81065e+228 -1.07511e+228 6.29918e+227 -3.64103e+227 2.07477e+227 -1.16276e+227 6.35483e+226 -3.28051e+226 1.38485e+226 0
0.0312 0 -5.17192e+227 1.22233e+228 -2.36021e+228 4.30278e+228 -7.64867e+228 1.33721e+229 -2.30488e+229 3.91963e+229 -6.57801e+229 1.08954e+230 -1.78121e+230 2.87433e+230 -4.57853e+230 7.19953e+230 -1.11761e+231 1.71277e+231 -2.59149e+231 3.87134e+231 -5.71014e+231 8.31617e+231 -1.19593e+232 1.69828e+232 -2.38148e+232 3.29785e+232 -4.51e+232 6.09109e+232 -8.12451e+232 1.07028e+233 -1.39252e+233 1.78946e+233 -2.27128e+233 2.84743e+233 -3.52598e+233 4.31281e+233 -5.21075e+233 6.2188e+233 -7.33142e+233 8.53786e+233 -9.82191e+233 1.11618e+234 -1.25305e+234 1.38965e+234 -1.52245e+234 1.64775e+234 -1.76177e+234 1.86089e+234 -1.94181e+234 2.00175e+234 -2.0386e+234 2.05103e+234 -2.0386e+234 2.00175e+234 -1.94181e+234 1.86089e+234 -1.76177e+234 1.64775e+234 -1.52245e+234 1.38965e+234 -1.25305e+234 1.11618e+234 -9.82191e+233 8.53786e+233 -7.33142e+233 6.2188e+233 -5.21075e+233 4.31281e+233 -3.52598e+233 2.84743e+233 -2.27128e+233 1.78946e+233 -1.39252e+233 1.07028e+233 -8.12451e+232 6.09109e+232 -4.51e+232 3.29785e+232 -2.38148e+232 1.69828e+232 -1.19593e+232 8.31617e+231 -5.71014e+231 3.87134e+231 -2.59149e+231 1.71277e+231 -1.11761e+231 7.19953e+230 -4.57853e+230 2.87433e+230 -1.78121e+230 1.08954e+230 -6.57801e+229 3.91963e+229 -2.30488e+229 1.33721e+229 -7.64867e+228 4.30278e+228 -2.36021e+228 1.22233e+228 -5.17192e+227 0
0.0314 0 1.92899e+229 -4.54867e+229 8.75529e+229 -1.59041e+230 2.8166e+230 -4.90595e+230 8.42527e+230 -1.42768e+231 2.38764e+231 -3.94138e+231 6.42235e+231 -1.03307e+232 1.64049e+232 -2.57185e+232 3.98076e+232 -6.08344e+232 9.17939e+232 -1.36766e+233 2.01212e+233 -2.9232e+233 4.1938e+233 -5.94176e+233 8.3137e+233 -1.14884e+234 1.5679e+234 -2.11344e+234 2.81371e+234 -3.70001e+234 4.80582e+234 -6.16574e+234 7.81384e+234 -9.78171e+234 1.20961e+235 -1.47761e+235 1.78309e+235 -2.12562e+235 2.50327e+235 -2.91236e+235 3.34736e+235 -3.80089e+235 4.26381e+235 -4.72547e+235 5.17406e+235 -5.59705e+235 5.98179e+235 -6.31613e+235 6.589e+235 -6.79108e+235 6.91528e+235 -6.95718e+235 6.91528e+235 -6.79108e+235 6.589e+235 -6.31613e+235 5.98179e+235 -5.59705e+235 5.17406e+235 -4.72547e+235 4.26381e+235 -3.80089e+235 3.34736e+235 -2.91236e+235 2.50327e+235 -2.12562e+235 1.78309e+235 -1.47761e+235 1.20961e+235 -9.78171e+234 7.81384e+234 -6.16574e+234 4.80582e+234 -3.70001e+234 2.81371e+234 -2.11344e+234 1.5679e+234 -1.14884e+234 8.3137e+233 -5.94176e+233 4.1938e+233 -2.9232e+233 2.01212e+233 -1.36766e+233 9.17939e+232 -6.08344e+232 3.98076e+232 -2.57185e+232 1.64049e+232 -1.03307e+232 6.42235e+231 -3.94138e+231 2.38764e+231 -1.42768e+231 8.42527e+230 -4.90595e+230 2.8166e+230 -1.59041e+230 8.75529e+229 -4.54867e+229 1.92899e+229 0
0.0316 0 -7.18536e+230 1.69059e+231 -3.24395e+231 5.87187e+231 -1.03609e+232 1.79806e+232 -3.07679e+232 5.19536e+232 -8.65896e+232 1.42461e+233 -2.31384e+233 3.71024e+233 -5.87379e+233 9.18129e+233 -1.41701e+234 2.15948e+234 -3.24969e+234 4.82917e+234 -7.08687e+234 1.02708e+235 -1.47005e+235 2.07806e+235 -2.90128e+235 4.00078e+235 -5.4492e+235 7.33104e+235 -9.74217e+235 1.27883e+236 -1.65824e+236 2.12408e+236 -2.68776e+236 3.35981e+236 -4.1491e+236 5.06192e+236 -6.10106e+236 7.26494e+236 -8.54675e+236 9.93388e+236 -1.14075e+237 1.29426e+237 -1.45084e+237 1.60687e+237 -1.7584e+237 1.9012e+237 -2.03103e+237 2.14381e+237 -2.23583e+237 2.30396e+237 -2.34583e+237 2.35995e+237 -2.34583e+237 2.30396e+237 -2.23583e+237 2.14381e+237 -2.03103e+237 1.9012e+237 -1.7584e+237 1.60687e+237 -1.45084e+237 1.29426e+237 -1.14075e+237 9.93388e+236 -8.54675e+236 7.26494e+236 -6.10106e+236 5.06192e+236 -4.1491e+236 3.35981e+236 -2.68776e+236 2.12408e+236 -1.65824e+236 1.27883e+236 -9.74217e+235 7.33104e+235 -5.4492e+235 4.00078e+235 -2.90128e+235 2.07806e+235 -1.47005e+235 1.02708e+235 -7.08687e+234 4.82917e+234 -3.24969e+234 2.15948e+234 -1.41701e+234 9.18129e+233 -5.87379e+233 3.71024e+233 -2.31384e+233 1.42461e+233 -8.65896e+232 5.19536e+232 -3.07679e+232 1.79806e+232 -1.03609e+232 5.87187e+231 -3.24395e+231 1.69059e+231 -7.18536e+230 0
0.0318 0 2.67312e+232 -6.27574e+232 1.20053e+233 -2.16553e+233 3.80729e+233 -6.5834e+233 1.12254e+234 -1.8889e+234 3.13755e+234 -5.14508e+234 8.32993e+234 -1.33156e+235 2.10168e+235 -3.27553e+235 5.04105e+235 -7.66128e+235 1.14985e+236 -1.70433e+236 2.49491e+236 -3.60711e+236 5.1509e+236 -7.26503e+236 1.01213e+237 -1.39282e+237 1.8933e+237 -2.5423e+237 3.3723e+237 -4.41904e+237 5.72061e+237 -7.31609e+237 9.24373e+237 -1.15387e+238 1.42302e+238 -1.7339e+238 2.08737e+238 -2.48282e+238 2.91788e+238 -3.38822e+238 3.88744e+238 -4.40705e+238 4.93662e+238 -5.46403e+238 5.97588e+238 -6.45801e+238 6.89615e+238 -7.27659e+238 7.58691e+238 -7.81662e+238 7.95776e+238 -8.00537e+238 7.95776e+238 -7.81662e+238 7.58691e+238 -7.27659e+238 6.89615e+238 -6.45801e+238 5.97588e+238 -5.46403e+238 4.93662e+238 -4.40705e+238 3.88744e+238 -3.38822e+238 2.91788e+238 -2.48282e+238 2.08737e+238 -1.7339e+238 1.42302e+238 -1.15387e+238 9.24373e+237 -7.31609e+237 5.72061e+237 -4.41904e+237 3.3723e+237 -2.5423e+237 1.8933e+237 -1.39282e+237 1.01213e+237 -7.26503e+236 5.1509e+236 -3.60711e+236 2.49491e+236 -1.70433e+236 1.14985e+236 -7.66128e+235 5.04105e+235 -3.27553e+235 2.10168e+235 -1.33156e+235 8.32993e+234 -5.14508e+234 3.13755e+234 -1.8889e+234 1.12254e+234 -6.5834e+233 3.80729e+233 -2.16553e+233 1.20053e+233 -6.27574e+232 2.67312e+232 0
0.032 0 -9.93235e+233 2.32687e+234 -4.43788e+234 7.97775e+234 -1.39761e+235 2.40808e+235 -4.09165e+235 6.86152e+235 -1.13593e+236 1.85671e+236 -2.99656e+236 4.77541e+236 -7.51495e+236 1.16785e+237 -1.7923e+237 2.71652e+237 -4.06641e+237 6.01203e+237 -8.77923e+237 1.26629e+238 -1.80411e+238 2.53898e+238 -3.5297e+238 4.8474e+238 -6.57634e+238 8.81406e+238 -1.16706e+239 1.52669e+239 -1.97312e+239 2.51949e+239 -3.17861e+239 3.9622e+239 -4.87997e+239 5.93865e+239 -7.14094e+239 8.4845e+239 -9.96108e+239 1.15559e+240 -1.3247e+240 1.50059e+240 -1.67971e+240 1.85798e+240 -2.03088e+240 2.19367e+240 -2.34153e+240 2.46987e+240 -2.57453e+240 2.65198e+240 -2.69957e+240 2.71562e+240 -2.69957e+240 2.65198e+240 -2.57453e+240 2.46987e+240 -2.34153e+240 2.19367e+240 -2.03088e+240 1.85798e+240 -1.67971e+240 1.50059e+240 -1.3247e+240 1.15559e+240 -9.96108e+239 8.4845e+239 -7.14094e+239 5.93865e+239 -4.87997e+239 3.9622e+239 -3.17861e+239 2.51949e+239 -1.97312e+239 1.52669e+239 -1.16706e+239 8.81406e+238 -6.57634e+238 4.8474e+238 -3.5297e+238 2.53898e+238 -1.80411e+238 1.26629e+238 -8.77923e+237 6.01203e+237 -4.06641e+237 2.71652e+237 -1.7923e+237 1.16785e+237 -7.51495e+236 4.77541e+236 -2.99656e+236 1.85671e+236 -1.13593e+236 6.86152e+235 -4.09165e+235 2.40808e+235 -1.39761e+235 7.97775e+234 -4.43788e+234 2.32687e+234 -9.93235e+233 0
0.0322 0 3.68603e+235 -8.61727e+235 1.63868e+236 -2.93586e+236 5.12524e+236 -8.79984e+236 1.49005e+237 -2.49032e+237 4.10921e+237 -6.69513e+237 1.07717e+238 -1.71143e+238 2.68535e+238 -4.16125e+238 6.36865e+238 -9.62694e+238 1.43735e+239 -2.11974e+239 3.08791e+239 -4.44349e+239 6.31646e+239 -8.87006e+239 1.23054e+240 -1.68652e+240 2.28364e+240 -3.05502e+240 4.03796e+240 -5.27328e+240 6.80427e+240 -8.67505e+240 1.09285e+241 -1.36038e+241 1.6733e+241 -2.0338e+241 2.44272e+241 -2.89918e+241 3.40032e+241 -3.94106e+241 4.51397e+241 -5.10932e+241 5.71518e+241 -6.31776e+241 6.90187e+241 -7.45149e+241 7.95053e+241 -8.38353e+241 8.73651e+241 -8.99768e+241 9.1581e+241 -9.21221e+241 9.1581e+241 -8.99768e+241 8.73651e+241 -8.38353e+241 7.95053e+241 -7.45149e+241 6.90187e+241 -6.31776e+241 5.71518e+241 -5.10932e+241 4.51397e+241 -3.94106e+241 3.40032e+241 -2.89918e+241 2.44272e+241 -2.0338e+241 1.6733e+241 -1.36038e+241 1.09285e+241 -8.67505e+240 6.80427e+240 -5.27328e+240 4.03796e+240 -3.05502e+240 2.28364e+240 -1.68652e+240 1.23054e+240 -8.87006e+239 6.31646e+239 -4.44349e+239 3.08791e+239 -2.11974e+239 1.43735e+239 -9.62694e+238 6.36865e+238 -4.16125e+238 2.68535e+238 -1.71143e+238 1.07717e+238 -6.69513e+237 4.10921e+237 -2.49032e+237 1.49005e+237 -8.79984e+236 5.12524e+236 -2.93586e+236 1.63868e+236 -8.61727e+235 3.68603e+235 0
0.0324 0 -1.36631e+237 3.18764e+237 -6.04415e+237 1.07929e+238 -1.87765e+238 3.2127e+238 -5.42145e+238 9.03071e+238 -1.4853e+239 2.41236e+239 -3.86933e+239 6.12934e+239 -9.58948e+239 1.48183e+240 -2.26171e+240 3.40982e+240 -5.07801e+240 7.47032e+240 -1.08563e+241 1.55862e+241 -2.21066e+241 3.09772e+241 -4.28857e+241 5.86604e+241 -7.92778e+241 1.05863e+242 -1.39679e+242 1.82105e+242 -2.34601e+242 2.98648e+242 -3.75684e+242 4.6701e+242 -5.73691e+242 6.96444e+242 -8.35518e+242 9.90592e+242 -1.16067e+243 1.34401e+243 -1.53809e+243 1.73962e+243 -1.94455e+243 2.14823e+243 -2.34556e+243 2.53115e+243 -2.69958e+243 2.84567e+243 -2.96472e+243 3.05279e+243 -3.10689e+243 3.12513e+243 -3.10689e+243 3.05279e+243 -2.96472e+243 2.84567e+243 -2.69958e+243 2.53115e+243 -2.34556e+243 2.14823e+243 -1.94455e+243 1.73962e+243 -1.53809e+243 1.34401e+243 -1.16067e+243 9.90592e+242 -8.35518e+242 6.96444e+242 -5.73691e+242 4.6701e+242 -3.75684e+242 2.98648e+242 -2.34601e+242 1.82105e+242 -1.39679e+242 1.05863e+242 -7.92778e+241 5.86604e+241 -4.28857e+241 3.09772e+241 -2.21066e+241 1.55862e+241 -1.08563e+241 7.47032e+240 -5.07801e+240 3.40982e+240 -2.26171e+240 1.48183e+240 -9.58948e+239 6.12934e+239 -3.86933e+239 2.41236e+239 -1.4853e+239 9.03071e+238 -5.42145e+238 3.2127e+238 -1.87765e+238 1.07929e+238 -6.04415e+237 3.18764e+237 -1.36631e+237 0
0.0326 0 5.05866e+238 -1.17783e+239 2.22695e+239 -3.96366e+239 6.87216e+239 -1.17183e+240 1.97083e+240 -3.2721e+240 5.36448e+240 -8.68564e+240 1.38892e+241 -2.1937e+241 3.42229e+241 -5.27368e+241 8.02759e+241 -1.20711e+242 1.79313e+242 -2.63146e+242 3.81519e+242 -5.4649e+242 7.73407e+242 -1.08145e+243 1.49414e+243 -2.03972e+243 2.75144e+243 -3.66747e+243 4.83061e+243 -6.28747e+243 8.08719e+243 -1.02796e+244 1.29128e+244 -1.60301e+244 1.96669e+244 -2.38463e+244 2.8576e+244 -3.38442e+244 3.96162e+244 -4.58325e+244 5.24073e+244 -5.92287e+244 6.61605e+244 -7.30459e+244 7.97125e+244 -8.59792e+244 9.16641e+244 -9.65932e+244 1.00609e+245 -1.03579e+245 1.05403e+245 -1.06018e+245 1.05403e+245 -1.03579e+245 1.00609e+245 -9.65932e+244 9.16641e+244 -8.59792e+244 7.97125e+244 -7.30459e+244 6.61605e+244 -5.92287e+244 5.24073e+244 -4.58325e+244 3.96162e+244 -3.38442e+244 2.8576e+244 -2.38463e+244 1.96669e+244 -1.60301e+244 1.29128e+244 -1.02796e+244 8.08719e+243 -6.28747e+243 4.83061e+243 -3.66747e+243 2.75144e+243 -2.03972e+243 1.49414e+243 -1.08145e+243 7.73407e+242 -5.4649e+242 3.81519e+242 -2.63146e+242 1.79313e+242 -1.20711e+242 8.02759e+241 -5.27368e+241 3.42229e+241 -2.1937e+241 1.38892e+241 -8.68564e+240 5.36448e+240 -3.2721e+240 1.97083e+240 -1.17183e+240 6.87216e+239 -3.96366e+239 2.22695e+239 -1.17783e+239 5.05866e+238 0
0.0328 0 -1.8708e+240 4.34724e+240 -8.1965e+240 1.45418e+241 -2.5128e+241 4.27038e+241 -7.15829e+241 1.18462e+242 -1.936e+242 3.12495e+242 -4.98218e+242 7.84614e+242 -1.22059e+243 1.87576e+243 -2.8477e+243 4.27108e+243 -6.3288e+243 9.2653e+243 -1.34019e+244 1.91538e+244 -2.70481e+244 3.77421e+244 -5.20397e+244 7.09044e+244 -9.5467e+244 1.27024e+245 -1.67024e+245 2.17042e+245 -2.78733e+245 3.53772e+245 -4.43768e+245 5.50166e+245 -6.74132e+245 8.16424e+245 -9.77266e+245 1.15623e+246 -1.35211e+246 1.56287e+246 -1.78561e+246 2.01651e+246 -2.25098e+246 2.48374e+246 -2.70897e+246 2.92059e+246 -3.11248e+246 3.2788e+246 -3.41426e+246 3.51443e+246 -3.57593e+246 3.59667e+246 -3.57593e+246 3.51443e+246 -3.41426e+246 3.2788e+246 -3.11248e+246 2.92059e+246 -2.70897e+246 2.48374e+246 -2.25098e+246 2.01651e+246 -1.78561e+246 1.56287e+246 -1.35211e+246 1.15623e+246 -9.77266e+245 8.16424e+245 -6.74132e+245 5.50166e+245 -4.43768e+245 3.53772e+245 -2.78733e+245 2.17042e+245 -1.67024e+245 1.27024e+245 -9.5467e+244 7.09044e+244 -5.20397e+244 3.77421e+244 -2.70481e+244 1.91538e+244 -1.34019e+244 9.2653e+243 -6.3288e+243 4.27108e+243 -2.8477e+243 1.87576e+243 -1.22059e+243 7.84614e+242 -4.98218e+242 3.12495e+242 -1.936e+242 1.18462e+242 -7.15829e+241 4.27038e+241 -2.5128e+241 1.45418e+241 -8.1965e+240 4.34724e+240 -1.8708e+240 0
0.033 0 6.91085e+241 -1.60279e+242 3.01368e+242 -5.32986e+242 9.17946e+242 -1.55483e+243 2.59779e+243 -4.2853e+243 6.98157e+243 -1.1235e+244 1.78594e+244 -2.8045e+244 4.3507e+244 -6.66795e+244 1.00965e+245 -1.51047e+245 2.23268e+245 -3.26084e+245 4.70583e+245 -6.71056e+245 9.45606e+245 -1.31675e+246 1.81195e+246 -2.46407e+246 3.31158e+246 -4.39847e+246 5.7738e+246 -7.49077e+246 9.60515e+246 -1.21732e+247 1.52487e+247 -1.88798e+247 2.31051e+247 -2.79492e+247 3.34187e+247 -3.94979e+247 4.61453e+247 -5.32913e+247 6.08365e+247 -6.86527e+247 7.65841e+247 -8.44525e+247 9.20622e+247 -9.92084e+247 1.05686e+248 -1.11298e+248 1.15868e+248 -1.19246e+248 1.2132e+248 -1.22019e+248 1.2132e+248 -1.19246e+248 1.15868e+248 -1.11298e+248 1.05686e+248 -9.92084e+247 9.20622e+247 -8.44525e+247 7.65841e+247 -6.86527e+247 6.08365e+247 -5.32913e+247 4.61453e+247 -3.94979e+247 3.34187e+247 -2.79492e+247 2.31051e+247 -1.88798e+247 1.52487e+247 -1.21732e+247 9.60515e+246 -7.49077e+246 5.7738e+246 -4.39847e+246 3.31158e+246 -2.46407e+246 1.81195e+246 -1.31675e+246 9.45606e+245 -6.71056e+245 4.70583e+245 -3.26084e+245 2.23268e+245 -1.51047e+245 1.00965e+245 -6.66795e+244 4.3507e+244 -2.8045e+244 1.78594e+244 -1.1235e+244 6.98157e+243 -4.2853e+243 2.59779e+243 -1.55483e+243 9.17946e+242 -5.32986e+242 3.01368e+242 -1.60279e+242 6.91085e+241 0
0.0332 0 -2.55012e+243 5.90311e+243 -1.10695e+244 1.95161e+244 -3.35026e+244 5.65616e+244 -9.41974e+244 1.54898e+245 -2.51581e+245 4.0364e+245 -6.39768e+245 1.0018e+246 -1.54985e+246 2.369e+246 -3.57783e+246 5.33911e+246 -7.87279e+246 1.14713e+247 -1.6517e+247 2.35018e+247 -3.3047e+247 4.59237e+247 -6.30706e+247 8.56078e+247 -1.14844e+248 1.52271e+248 -1.99551e+248 2.5848e+248 -3.30936e+248 4.18808e+248 -5.23899e+248 6.47811e+248 -7.91817e+248 9.56718e+248 -1.1427e+249 1.3492e+249 -1.57478e+249 1.81706e+249 -2.07267e+249 2.33725e+249 -2.60554e+249 2.87154e+249 -3.12865e+249 3.36999e+249 -3.58864e+249 3.77803e+249 -3.9322e+249 4.04615e+249 -4.11609e+249 4.13967e+249 -4.11609e+249 4.04615e+249 -3.9322e+249 3.77803e+249 -3.58864e+249 3.36999e+249 -3.12865e+249 2.87154e+249 -2.60554e+249 2.33725e+249 -2.07267e+249 1.81706e+249 -1.57478e+249 1.3492e+249 -1.1427e+249 9.56718e+248 -7.91817e+248 6.47811e+248 -5.23899e+248 4.18808e+248 -3.30936e+248 2.5848e+248 -1.99551e+248 1.52271e+248 -1.14844e+248 8.56078e+247 -6.30706e+247 4.59237e+247 -3.3047e+247 2.35018e+247 -1.6517e+247 1.14713e+247 -7.87279e+246 5.33911e+246 -3.57783e+246 2.369e+246 -1.54985e+246 1.0018e+246 -6.39768e+245 4.0364e+245 -2.51581e+245 1.54898e+245 -9.41974e+244 5.65616e+244 -3.35026e+244 1.95161e+244 -1.10695e+244 5.90311e+243 -2.55012e+243 0
0.0334 0 9.3999e+244 -2.17186e+245 4.06186e+245 -7.1394e+245 1.22166e+246 -2.05584e+246 3.41289e+246 -5.59465e+246 9.05912e+246 -1.44916e+247 2.29031e+247 -3.57635e+247 5.51784e+247 -8.41197e+247 1.26719e+248 -1.88632e+248 2.77481e+248 -4.03374e+248 5.795e+248 -8.22775e+248 1.15453e+249 -1.60115e+249 2.19472e+249 -2.97342e+249 3.98172e+249 -5.27028e+249 6.89535e+249 -8.91756e+249 1.14002e+250 -1.44066e+250 1.79972e+250 -2.22253e+250 2.71329e+250 -3.27461e+250 3.90699e+250 -4.6084e+250 5.37389e+250 -6.19532e+250 7.06122e+250 -7.95685e+250 8.86444e+250 -9.76368e+250 1.06324e+251 -1.14475e+251 1.21856e+251 -1.28247e+251 1.33449e+251 -1.37292e+251 1.39651e+251 -1.40446e+251 1.39651e+251 -1.37292e+251 1.33449e+251 -1.28247e+251 1.21856e+251 -1.14475e+251 1.06324e+251 -9.76368e+250 8.86444e+250 -7.95685e+250 7.06122e+250 -6.19532e+250 5.37389e+250 -4.6084e+250 3.90699e+250 -3.27461e+250 2.71329e+250 -2.22253e+250 1.79972e+250 -1.44066e+250 1.14002e+250 -8.91756e+249 6.89535e+249 -5.27028e+249 3.98172e+249 -2.97342e+249 2.19472e+249 -1.60115e+249 1.15453e+249 -8.22775e+248 5.795e+248 -4.03374e+248 2.77481e+248 -1.88632e+248 1.26719e+248 -8.41197e+247 5.51784e+247 -3.57635e+247 2.29031e+247 -1.44916e+247 9.05912e+246 -5.59465e+246 3.41289e+246 -2.05584e+246 1.22166e+246 -7.1394e+245 4.06186e+245 -2.17186e+245 9.3999e+244 0
0.0336 0 -3.46121e+246 7.98255e+246 -1.48902e+247 2.60932e+247 -4.45081e+247 7.46609e+247 -1.23555e+248 2.01917e+248 -3.25974e+248 5.1993e+248 -8.19386e+248 1.27595e+249 -1.96335e+249 2.98536e+249 -4.48585e+249 6.66126e+249 -9.77563e+249 1.41783e+250 -2.03239e+250 2.87941e+250 -4.03208e+250 5.58076e+250 -7.63498e+250 1.03248e+251 -1.38016e+251 1.8237e+251 -2.38216e+251 3.07599e+251 -3.92652e+251 4.95501e+251 -6.18166e+251 7.62424e+251 -9.29661e+251 1.12072e+252 -1.33573e+252 1.57397e+252 -1.83373e+252 2.11223e+252 -2.40556e+252 2.70874e+252 -3.01576e+252 3.31978e+252 -3.61332e+252 3.88859e+252 -4.13778e+252 4.35348e+252 -4.52896e+252 4.65862e+252 -4.73818e+252 4.765e+252 -4.73818e+252 4.65862e+252 -4.52896e+252 4.35348e+252 -4.13778e+252 3.88859e+252 -3.61332e+252 3.31978e+252 -3.01576e+252 2.70874e+252 -2.40556e+252 2.11223e+252 -1.83373e+252 1.57397e+252 -1.33573e+252 1.12072e+252 -9.29661e+251 7.62424e+251 -6.18166e+251 4.95501e+251 -3.92652e+251 3.07599e+251 -2.38216e+251 1.8237e+251 -1.38016e+251 1.03248e+251 -7.63498e+250 5.58076e+250 -4.03208e+250 2.87941e+250 -2.03239e+250 1.41783e+250 -9.77563e+249 6.66126e+249 -4.48585e+249 2.98536e+249 -1.96335e+249 1.27595e+249 -8.19386e+248 5.1993e+248 -3.25974e+248 2.01917e+248 -1.23555e+248 7.46609e+247 -4.45081e+247 2.60932e+247 -1.48902e+247 7.98255e+246 -3.46121e+246 0
0.0338 0 1.27316e+248 -2.93101e+248 5.45331e+248 -9.52789e+248 1.62014e+249 -2.7092e+249 4.4695e+249 -7.28203e+249 1.17213e+250 -1.86416e+250 2.9296e+250 -4.54956e+250 6.98206e+250 -1.05893e+251 1.5872e+251 -2.35122e+251 3.44244e+251 -4.98151e+251 7.12513e+251 -1.00733e+252 1.4077e+252 -1.94456e+252 2.65529e+252 -3.58423e+252 4.7828e+252 -6.30928e+252 8.22807e+252 -1.06083e+253 1.35217e+253 -1.70398e+253 2.123e+253 -2.61514e+253 3.185e+253 -3.83528e+253 4.5663e+253 -5.37548e+253 6.25693e+253 -7.20113e+253 8.19484e+253 -9.22114e+253 1.02598e+254 -1.12876e+254 1.22795e+254 -1.32092e+254 1.40505e+254 -1.47785e+254 1.53706e+254 -1.58079e+254 1.60763e+254 -1.61668e+254 1.60763e+254 -1.58079e+254 1.53706e+254 -1.47785e+254 1.40505e+254 -1.32092e+254 1.22795e+254 -1.12876e+254 1.02598e+254 -9.22114e+253 8.19484e+253 -7.20113e+253 6.25693e+253 -5.37548e+253 4.5663e+253 -3.83528e+253 3.185e+253 -2.61514e+253 2.123e+253 -1.70398e+253 1.35217e+253 -1.06083e+253 8.22807e+252 -6.30928e+252 4.7828e+252 -3.58423e+252 2.65529e+252 -1.94456e+252 1.4077e+252 -1.00733e+252 7.12513e+251 -4.98151e+251 3.44244e+251 -2.35122e+251 1.5872e+251 -1.05893e+251 6.98206e+250 -4.54956e+250 2.9296e+250 -1.86416e+250 1.17213e+250 -7.28203e+249 4.4695e+249 -2.7092e+249 1.62014e+249 -9.52789e+248 5.45331e+248 -2.93101e+248 1.27316e+248 0
0.034 0 -4.67843e+249 1.07514e+250 -1.99532e+250 3.47599e+250 -5.89246e+250 9.82285e+250 -1.61557e+251 2.62431e+251 -4.21179e+251 6.67941e+251 -1.04679e+252 1.62126e+252 -2.48159e+252 3.75414e+252 -5.61314e+252 8.29529e+252 -1.21171e+253 1.74954e+253 -2.49699e+253 3.5228e+253 -4.91306e+253 6.77357e+253 -9.23202e+253 1.24394e+254 -1.65704e+254 2.18229e+254 -2.84146e+254 3.65789e+254 -4.65573e+254 5.85897e+254 -7.29019e+254 8.96905e+254 -1.09107e+255 1.31238e+255 -1.56091e+255 1.83574e+255 -2.13484e+255 2.45495e+255 -2.79158e+255 3.139e+255 -3.49036e+255 3.83786e+255 -4.17304e+255 4.48705e+255 -4.7711e+255 5.0168e+255 -5.2166e+255 5.36415e+255 -5.45467e+255 5.48518e+255 -5.45467e+255 5.36415e+255 -5.2166e+255 5.0168e+255 -4.7711e+255 4.48705e+255 -4.17304e+255 3.83786e+255 -3.49036e+255 3.139e+255 -2.79158e+255 2.45495e+255 -2.13484e+255 1.83574e+255 -1.56091e+255 1.31238e+255 -1.09107e+255 8.96905e+254 -7.29019e+254 5.85897e+254 -4.65573e+254 3.65789e+254 -2.84146e+254 2.18229e+254 -1.65704e+254 1.24394e+254 -9.23202e+253 6.77357e+253 -4.91306e+253 3.5228e+253 -2.49699e+253 1.74954e+253 -1.21171e+253 8.29529e+252 -5.61314e+252 3.75414e+252 -2.48159e+252 1.62126e+252 -1.04679e+252 6.67941e+251 -4.21179e+251 2.62431e+251 -1.61557e+251 9.82285e+250 -5.89246e+250 3.47599e+250 -1.99532e+250 1.07514e+250 -4.67843e+249 0
0.0342 0 1.71745e+251 -3.94e+251 7.29399e+251 -1.26701e+252 2.14131e+252 -3.5587e+252 5.83531e+252 -9.4508e+252 1.51239e+253 -2.39174e+253 3.73807e+253 -5.7741e+253 8.81538e+253 -1.33025e+254 1.98414e+254 -2.92532e+254 4.26335e+254 -6.14208e+254 8.74741e+254 -1.23156e+255 1.71417e+255 -2.35877e+255 3.20894e+255 -4.31611e+255 5.73966e+255 -7.54662e+255 9.81072e+255 -1.26107e+256 1.60279e+256 -2.01427e+256 2.50308e+256 -3.07574e+256 3.73725e+256 -4.49043e+256 5.33534e+256 -6.26873e+256 7.28362e+256 -8.3689e+256 9.50929e+256 -1.06854e+257 1.1874e+257 -1.30489e+257 1.41816e+257 -1.52422e+257 1.62013e+257 -1.70306e+257 1.77048e+257 -1.82026e+257 1.8508e+257 -1.86109e+257 1.8508e+257 -1.82026e+257 1.77048e+257 -1.70306e+257 1.62013e+257 -1.52422e+257 1.41816e+257 -1.30489e+257 1.1874e+257 -1.06854e+257 9.50929e+256 -8.3689e+256 7.28362e+256 -6.26873e+256 5.33534e+256 -4.49043e+256 3.73725e+256 -3.07574e+256 2.50308e+256 -2.01427e+256 1.60279e+256 -1.26107e+256 9.81072e+255 -7.54662e+255 5.73966e+255 -4.31611e+255 3.20894e+255 -2.35877e+255 1.71417e+255 -1.23156e+255 8.74741e+254 -6.14208e+254 4.26335e+254 -2.92532e+254 1.98414e+254 -1.33025e+254 8.81538e+253 -5.7741e+253 3.73807e+253 -2.39174e+253 1.51239e+253 -9.4508e+252 5.83531e+252 -3.5587e+252 2.14131e+252 -1.26701e+252 7.29399e+251 -3.94e+251 1.71745e+251 0
0.0344 0 -6.2986e+252 1.4425e+253 -2.66394e+253 4.61433e+253 -7.77512e+253 1.28827e+254 -2.10612e+254 3.40109e+254 -5.42718e+254 8.55889e+254 -1.33406e+255 2.05529e+255 -3.12983e+255 4.71126e+255 -7.01024e+255 1.03115e+256 -1.49941e+256 2.15545e+256 -3.06327e+256 4.30404e+256 -5.97888e+256 8.21161e+256 -1.11509e+257 1.4972e+257 -1.98765e+257 2.60917e+257 -3.38671e+257 4.34684e+257 -5.51692e+257 6.92397e+257 -8.59322e+257 1.05465e+258 -1.28001e+258 1.53631e+258 -1.82354e+258 2.14054e+258 -2.4849e+258 2.85284e+258 -3.23916e+258 3.6373e+258 -4.03942e+258 4.43667e+258 -4.81943e+258 5.1777e+258 -5.50153e+258 5.78146e+258 -6.00897e+258 6.17693e+258 -6.27994e+258 6.31466e+258 -6.27994e+258 6.17693e+258 -6.00897e+258 5.78146e+258 -5.50153e+258 5.1777e+258 -4.81943e+258 4.43667e+258 -4.03942e+258 3.6373e+258 -3.23916e+258 2.85284e+258 -2.4849e+258 2.14054e+258 -1.82354e+258 1.53631e+258 -1.28001e+258 1.05465e+258 -8.59322e+257 6.92397e+257 -5.51692e+257 4.34684e+257 -3.38671e+257 2.60917e+257 -1.98765e+257 1.4972e+257 -1.11509e+257 8.21161e+256 -5.97888e+256 4.30404e+256 -3.06327e+256 2.15545e+256 -1.49941e+256 1.03115e+256 -7.01024e+255 4.71126e+255 -3.12983e+255 2.05529e+255 -1.33406e+255 8.55889e+254 -5.42718e+254 3.40109e+254 -2.10612e+254 1.28827e+254 -7.77512e+253 4.61433e+253 -2.66394e+253 1.4425e+253 -6.2986e+252 0
0.0346 0 2.30775e+254 -5.27637e+254 9.72076e+254 -1.67908e+255 2.82089e+255 -4.66006e+255 7.59605e+255 -1.22312e+256 1.94626e+256 -3.06092e+256 4.7583e+256 -7.31174e+256 1.11064e+257 -1.66774e+257 2.47568e+257 -3.63317e+257 5.27127e+257 -7.56128e+257 1.07235e+258 -1.50367e+258 2.08474e+258 -2.8579e+258 3.87388e+258 -5.19229e+258 6.88171e+258 -9.01915e+258 1.1689e+259 -1.49808e+259 1.89868e+259 -2.37976e+259 2.94976e+259 -3.6159e+259 4.38361e+259 -5.25578e+259 6.23217e+259 -7.30873e+259 8.47717e+259 -9.72457e+259 1.10333e+260 -1.23811e+260 1.37415e+260 -1.50847e+260 1.63782e+260 -1.75884e+260 1.86819e+260 -1.96268e+260 2.03946e+260 -2.09613e+260 2.13088e+260 -2.1426e+260 2.13088e+260 -2.09613e+260 2.03946e+260 -1.96268e+260 1.86819e+260 -1.75884e+260 1.63782e+260 -1.50847e+260 1.37415e+260 -1.23811e+260 1.10333e+260 -9.72457e+259 8.47717e+259 -7.30873e+259 6.23217e+259 -5.25578e+259 4.38361e+259 -3.6159e+259 2.94976e+259 -2.37976e+259 1.89868e+259 -1.49808e+259 1.1689e+259 -9.01915e+258 6.88171e+258 -5.19229e+258 3.87388e+258 -2.8579e+258 2.08474e+258 -1.50367e+258 1.07235e+258 -7.56128e+257 5.27127e+257 -3.63317e+257 2.47568e+257 -1.66774e+257 1.11064e+257 -7.31174e+256 4.7583e+256 -3.06092e+256 1.94626e+256 -1.22312e+256 7.59605e+255 -4.66006e+255 2.82089e+255 -1.67908e+255 9.72076e+254 -5.27637e+254 2.30775e+254 0
0.0348 0 -8.44743e+255 1.92823e+256 -3.54403e+256 6.10481e+256 -1.02264e+257 1.68442e+257 -2.73768e+257 4.39566e+257 -6.97507e+257 1.09401e+258 -1.6962e+258 2.59976e+258 -3.93918e+258 5.90078e+258 -8.73891e+258 1.27956e+259 -1.8524e+259 2.65149e+259 -3.75265e+259 5.25157e+259 -7.26699e+259 9.94361e+259 -1.34545e+260 1.80027e+260 -2.38209e+260 3.11703e+260 -4.03362e+260 5.1621e+260 -6.53347e+260 8.17814e+260 -1.01243e+261 1.2396e+261 -1.50111e+261 1.79788e+261 -2.12978e+261 2.49538e+261 -2.89183e+261 3.31473e+261 -3.75808e+261 4.21434e+261 -4.6746e+261 5.12876e+261 -5.56591e+261 5.97473e+261 -6.34398e+261 6.66296e+261 -6.92208e+261 7.11329e+261 -7.23055e+261 7.27006e+261 -7.23055e+261 7.11329e+261 -6.92208e+261 6.66296e+261 -6.34398e+261 5.97473e+261 -5.56591e+261 5.12876e+261 -4.6746e+261 4.21434e+261 -3.75808e+261 3.31473e+261 -2.89183e+261 2.49538e+261 -2.12978e+261 1.79788e+261 -1.50111e+261 1.2396e+261 -1.01243e+261 8.17814e+260 -6.53347e+260 5.1621e+260 -4.03362e+260 3.11703e+260 -2.38209e+260 1.80027e+260 -1.34545e+260 9.94361e+259 -7.26699e+259 5.25157e+259 -3.75265e+259 2.65149e+259 -1.8524e+259 1.27956e+259 -8.73891e+258 5.90078e+258 -3.93918e+258 2.59976e+258 -1.6962e+258 1.09401e+258 -6.97507e+257 4.39566e+257 -2.73768e+257 1.68442e+257 -1.02264e+257 6.10481e+256 -3.54403e+256 1.92823e+256 -8.44743e+255 0
0.035 0 3.0893e+257 -7.04033e+257 1.29099e+258 -2.21779e+258 3.70446e+258 -6.08403e+258 9.85997e+258 -1.57868e+259 2.49818e+259 -3.90782e+259 6.04308e+259 -9.23877e+259 1.39643e+260 -2.08682e+260 3.08338e+260 -4.5046e+260 6.50707e+260 -9.29449e+260 1.31277e+261 -1.83352e+261 2.53237e+261 -3.45877e+261 4.67176e+261 -6.24041e+261 8.2438e+261 -1.07704e+262 1.39167e+262 -1.77847e+262 2.24788e+262 -2.81008e+262 3.47451e+262 -4.24917e+262 5.13989e+262 -6.14966e+262 7.27781e+262 -8.51936e+262 9.8645e+262 -1.12982e+263 1.28001e+263 -1.43447e+263 1.59019e+263 -1.74376e+263 1.8915e+263 -2.02961e+263 2.1543e+263 -2.26198e+263 2.34943e+263 -2.41396e+263 2.45352e+263 -2.46685e+263 2.45352e+263 -2.41396e+263 2.34943e+263 -2.26198e+263 2.1543e+263 -2.02961e+263 1.8915e+263 -1.74376e+263 1.59019e+263 -1.43447e+263 1.28001e+263 -1.12982e+263 9.8645e+262 -8.51936e+262 7.27781e+262 -6.14966e+262 5.13989e+262 -4.24917e+262 3.47451e+262 -2.81008e+262 2.24788e+262 -1.77847e+262 1.39167e+262 -1.07704e+262 8.2438e+261 -6.24041e+261 4.67176e+261 -3.45877e+261 2.53237e+261 -1.83352e+261 1.31277e+261 -9.29449e+260 6.50707e+260 -4.5046e+260 3.08338e+260 -2.08682e+260 1.39643e+260 -9.23877e+259 6.04308e+259 -3.90782e+259 2.49818e+259 -1.57868e+259 9.85997e+258 -6.08403e+258 3.70446e+258 -2.21779e+258 1.29099e+258 -7.04033e+257 3.0893e+257 0
0.0352 0 -1.12876e+259 2.56831e+259 -4.69877e+259 8.05048e+259 -1.3409e+260 2.19593e+260 -3.5487e+260 5.66604e+260 -8.94191e+260 1.39506e+261 -2.15178e+261 3.28147e+261 -4.94785e+261 7.37664e+261 -1.08744e+262 1.58516e+262 -2.2849e+262 3.2569e+262 -4.59086e+262 6.39951e+262 -8.82212e+262 1.20277e+263 -1.62175e+263 2.16267e+263 -2.85236e+263 3.72083e+263 -4.80067e+263 6.12631e+263 -7.73284e+263 9.65446e+263 -1.19227e+264 1.4564e+264 -1.75978e+264 2.10334e+264 -2.48679e+264 2.9084e+264 -3.36479e+264 3.85084e+264 -4.35964e+264 4.88255e+264 -5.40939e+264 5.92866e+264 -6.42799e+264 6.89456e+264 -7.31565e+264 7.67919e+264 -7.97436e+264 8.19211e+264 -8.32559e+264 8.37057e+264 -8.32559e+264 8.19211e+264 -7.97436e+264 7.67919e+264 -7.31565e+264 6.89456e+264 -6.42799e+264 5.92866e+264 -5.40939e+264 4.88255e+264 -4.35964e+264 3.85084e+264 -3.36479e+264 2.9084e+264 -2.48679e+264 2.10334e+264 -1.75978e+264 1.4564e+264 -1.19227e+264 9.65446e+263 -7.73284e+263 6.12631e+263 -4.80067e+263 3.72083e+263 -2.85236e+263 2.16267e+263 -1.62175e+263 1.20277e+263 -8.82212e+262 6.39951e+262 -4.59086e+262 3.2569e+262 -2.2849e+262 1.58516e+262 -1.08744e+262 7.37664e+261 -4.94785e+261 3.28147e+261 -2.15178e+261 1.39506e+261 -8.94191e+260 5.66604e+260 -3.5487e+260 2.19593e+260 -1.3409e+260 8.05048e+259 -4.69877e+259 2.56831e+259 -1.12876e+259 0
0.0354 0 4.12059e+260 -9.36111e+260 1.70878e+261 -2.91999e+261 4.85002e+261 -7.92021e+261 1.27636e+262 -2.0323e+262 3.1987e+262 -4.97738e+262 7.65776e+262 -1.16493e+263 1.75228e+263 -2.60635e+263 3.83353e+263 -5.57586e+263 8.0202e+263 -1.14085e+264 1.60493e+264 -2.23292e+264 3.07252e+264 -4.18146e+264 5.62837e+264 -7.49321e+264 9.86717e+264 -1.28518e+265 1.65574e+265 -2.11e+265 2.65977e+265 -3.31652e+265 4.09077e+265 -4.99133e+265 6.02455e+265 -7.1934e+265 8.49671e+265 -9.92838e+265 1.14768e+266 -1.31246e+266 1.48483e+266 -1.66186e+266 1.8401e+266 -2.01569e+266 2.18446e+266 -2.34209e+266 2.4843e+266 -2.60703e+266 2.70666e+266 -2.78015e+266 2.82519e+266 -2.84036e+266 2.82519e+266 -2.78015e+266 2.70666e+266 -2.60703e+266 2.4843e+266 -2.34209e+266 2.18446e+266 -2.01569e+266 1.8401e+266 -1.66186e+266 1.48483e+266 -1.31246e+266 1.14768e+266 -9.92838e+265 8.49671e+265 -7.1934e+265 6.02455e+265 -4.99133e+265 4.09077e+265 -3.31652e+265 2.65977e+265 -2.11e+265 1.65574e+265 -1.28518e+265 9.86717e+264 -7.49321e+264 5.62837e+264 -4.18146e+264 3.07252e+264 -2.23292e+264 1.60493e+264 -1.14085e+264 8.0202e+263 -5.57586e+263 3.83353e+263 -2.60635e+263 1.75228e+263 -1.16493e+263 7.65776e+262 -4.97738e+262 3.1987e+262 -2.0323e+262 1.27636e+262 -7.92021e+261 4.85002e+261 -2.91999e+261 1.70878e+261 -9.36111e+260 4.12059e+260 0
0.0356 0 -1.50292e+262 3.40911e+262 -6.20925e+262 1.0583e+263 -1.75296e+263 2.85465e+263 -4.58761e+263 7.28489e+263 -1.14356e+264 1.77486e+264 -2.72379e+264 4.13341e+264 -6.20275e+264 9.20477e+264 -1.35085e+265 1.96056e+265 -2.81411e+265 3.99487e+265 -5.60887e+265 7.78878e+265 -1.06978e+266 1.45332e+266 -1.95288e+266 2.59568e+266 -3.41265e+266 4.43823e+266 -5.70965e+266 7.26609e+266 -9.14724e+266 1.13916e+267 -1.40342e+267 1.71045e+267 -2.06231e+267 2.45996e+267 -2.90292e+267 3.38907e+267 -3.91443e+267 4.47305e+267 -5.05697e+267 5.65629e+267 -6.25936e+267 6.85314e+267 -7.42356e+267 7.95611e+267 -8.4364e+267 8.8508e+267 -9.1871e+267 9.43509e+267 -9.58709e+267 9.63829e+267 -9.58709e+267 9.43509e+267 -9.1871e+267 8.8508e+267 -8.4364e+267 7.95611e+267 -7.42356e+267 6.85314e+267 -6.25936e+267 5.65629e+267 -5.05697e+267 4.47305e+267 -3.91443e+267 3.38907e+267 -2.90292e+267 2.45996e+267 -2.06231e+267 1.71045e+267 -1.40342e+267 1.13916e+267 -9.14724e+266 7.26609e+266 -5.70965e+266 4.43823e+266 -3.41265e+266 2.59568e+266 -1.95288e+266 1.45332e+266 -1.06978e+266 7.78878e+265 -5.60887e+265 3.99487e+265 -2.81411e+265 1.96056e+265 -1.35085e+265 9.20477e+264 -6.20275e+264 4.13341e+264 -2.72379e+264 1.77486e+264 -1.14356e+264 7.28489e+263 -4.58761e+263 2.85465e+263 -1.75296e+263 1.0583e+263 -6.20925e+262 3.40911e+262 -1.50292e+262 0
0.0358 0 5.47699e+263 -1.24049e+264 2.25447e+264 -3.83269e+264 6.33124e+264 -1.02819e+265 1.64785e+265 -2.6097e+265 4.0859e+265 -6.32536e+265 9.68317e+265 -1.4659e+266 2.19463e+266 -3.24938e+266 4.75813e+266 -6.89094e+266 9.87049e+266 -1.39839e+267 1.95955e+267 -2.71604e+267 3.7237e+267 -5.04988e+267 6.77433e+267 -8.98956e+267 1.18006e+268 -1.53241e+268 1.96859e+268 -2.50181e+268 3.14541e+268 -3.9123e+268 4.81421e+268 -5.86087e+268 7.0591e+268 -8.41184e+268 9.9173e+268 -1.15681e+269 1.33505e+269 -1.52443e+269 1.72224e+269 -1.92514e+269 2.12919e+269 -2.32998e+269 2.52279e+269 -2.70272e+269 2.86493e+269 -3.00485e+269 3.11837e+269 -3.20207e+269 3.25336e+269 -3.27064e+269 3.25336e+269 -3.20207e+269 3.11837e+269 -3.00485e+269 2.86493e+269 -2.70272e+269 2.52279e+269 -2.32998e+269 2.12919e+269 -1.92514e+269 1.72224e+269 -1.52443e+269 1.33505e+269 -1.15681e+269 9.9173e+268 -8.41184e+268 7.0591e+268 -5.86087e+268 4.81421e+268 -3.9123e+268 3.14541e+268 -2.50181e+268 1.96859e+268 -1.53241e+268 1.18006e+268 -8.98956e+267 6.77433e+267 -5.04988e+267 3.7237e+267 -2.71604e+267 1.95955e+267 -1.39839e+267 9.87049e+266 -6.89094e+266 4.75813e+266 -3.24938e+266 2.19463e+266 -1.4659e+266 9.68317e+265 -6.32536e+265 4.0859e+265 -2.6097e+265 1.64785e+265 -1.02819e+265 6.33124e+264 -3.83269e+264 2.25447e+264 -1.24049e+264 5.47699e+263 0
0.036 0 -1.99426e+265 4.51015e+265 -8.17923e+265 1.387e+266 -2.28506e+266 3.70083e+266 -5.91525e+266 9.34319e+266 -1.45904e+267 2.25305e+267 -3.44062e+267 5.19622e+267 -7.76136e+267 1.14657e+268 -1.67528e+268 2.42109e+268 -3.46083e+268 4.89336e+268 -6.84388e+268 9.46838e+268 -1.29579e+269 1.75426e+269 -2.3494e+269 3.11267e+269 -4.07974e+269 5.29008e+269 -6.78625e+269 8.61275e+269 -1.08145e+270 1.34347e+270 -1.65126e+270 2.00805e+270 -2.41606e+270 2.87623e+270 -3.38786e+270 3.94838e+270 -4.5531e+270 5.19512e+270 -5.86525e+270 6.55216e+270 -7.24257e+270 7.9216e+270 -8.57331e+270 9.18125e+270 -9.72913e+270 1.02016e+271 -1.05848e+271 1.08673e+271 -1.10404e+271 1.10987e+271 -1.10404e+271 1.08673e+271 -1.05848e+271 1.02016e+271 -9.72913e+270 9.18125e+270 -8.57331e+270 7.9216e+270 -7.24257e+270 6.55216e+270 -5.86525e+270 5.19512e+270 -4.5531e+270 3.94838e+270 -3.38786e+270 2.87623e+270 -2.41606e+270 2.00805e+270 -1.65126e+270 1.34347e+270 -1.08145e+270 8.61275e+269 -6.78625e+269 5.29008e+269 -4.07974e+269 3.11267e+269 -2.3494e+269 1.75426e+269 -1.29579e+269 9.46838e+268 -6.84388e+268 4.89336e+268 -3.46083e+268 2.42109e+268 -1.67528e+268 1.14657e+268 -7.76136e+267 5.19622e+267 -3.44062e+267 2.25305e+267 -1.45904e+267 9.34319e+266 -5.91525e+266 3.70083e+266 -2.28506e+266 1.387e+266 -8.17923e+265 4.51015e+265 -1.99426e+265 0
0.0362 0 7.25543e+266 -1.63848e+267 2.96515e+267 -5.01573e+267 8.24149e+267 -1.33119e+268 2.12205e+268 -3.34303e+268 5.20719e+268 -8.0209e+268 1.2219e+269 -1.84104e+269 2.74359e+269 -4.04404e+269 5.8961e+269 -8.50312e+269 1.21302e+270 -1.71176e+270 2.38954e+270 -3.29982e+270 4.50798e+270 -6.09253e+270 8.14604e+270 -1.07755e+271 1.41019e+271 -1.82588e+271 2.33902e+271 -2.96461e+271 3.71774e+271 -4.61291e+271 5.6632e+271 -6.87933e+271 8.26861e+271 -9.83391e+271 1.15726e+272 -1.34758e+272 1.55275e+272 -1.77039e+272 1.99742e+272 -2.22997e+272 2.46358e+272 -2.69322e+272 2.91351e+272 -3.11892e+272 3.30398e+272 -3.46351e+272 3.59289e+272 -3.68824e+272 3.74666e+272 -3.76634e+272 3.74666e+272 -3.68824e+272 3.59289e+272 -3.46351e+272 3.30398e+272 -3.11892e+272 2.91351e+272 -2.69322e+272 2.46358e+272 -2.22997e+272 1.99742e+272 -1.77039e+272 1.55275e+272 -1.34758e+272 1.15726e+272 -9.83391e+271 8.26861e+271 -6.87933e+271 5.6632e+271 -4.61291e+271 3.71774e+271 -2.96461e+271 2.33902e+271 -1.82588e+271 1.41019e+271 -1.07755e+271 8.14604e+270 -6.09253e+270 4.50798e+270 -3.29982e+270 2.38954e+270 -1.71176e+270 1.21302e+270 -8.50312e+269 5.8961e+269 -4.04404e+269 2.74359e+269 -1.84104e+269 1.2219e+269 -8.0209e+268 5.20719e+268 -3.34303e+268 2.12205e+268 -1.33119e+268 8.24149e+267 -5.01573e+267 2.96515e+267 -1.63848e+267 7.25543e+266 0
0.0364 0 -2.63749e+268 5.9477e+268 -1.07412e+269 1.8125e+269 -2.97041e+269 4.78518e+269 -7.60799e+269 1.19545e+270 -1.85736e+270 2.85396e+270 -4.3373e+270 6.5198e+270 -9.69407e+270 1.42576e+271 -2.07429e+271 2.98529e+271 -4.25016e+271 5.98601e+271 -8.34052e+271 1.14969e+272 -1.56788e+272 2.11542e+272 -2.82384e+272 3.7295e+272 -4.87347e+272 6.30099e+272 -8.06067e+272 1.02031e+273 -1.2779e+273 1.58369e+273 -1.94206e+273 2.35656e+273 -2.82958e+273 3.36201e+273 -3.95289e+273 4.59909e+273 -5.29513e+273 6.03297e+273 -6.80207e+273 7.58941e+273 -8.37984e+273 9.15644e+273 -9.90111e+273 1.05952e+274 -1.12203e+274 1.1759e+274 -1.21958e+274 1.25177e+274 -1.27148e+274 1.27812e+274 -1.27148e+274 1.25177e+274 -1.21958e+274 1.1759e+274 -1.12203e+274 1.05952e+274 -9.90111e+273 9.15644e+273 -8.37984e+273 7.58941e+273 -6.80207e+273 6.03297e+273 -5.29513e+273 4.59909e+273 -3.95289e+273 3.36201e+273 -2.82958e+273 2.35656e+273 -1.94206e+273 1.58369e+273 -1.2779e+273 1.02031e+273 -8.06067e+272 6.30099e+272 -4.87347e+272 3.7295e+272 -2.82384e+272 2.11542e+272 -1.56788e+272 1.14969e+272 -8.34052e+271 5.98601e+271 -4.25016e+271 2.98529e+271 -2.07429e+271 1.42576e+271 -9.69407e+270 6.5198e+270 -4.3373e+270 2.85396e+270 -1.85736e+270 1.19545e+270 -7.60799e+269 4.78518e+269 -2.97041e+269 1.8125e+269 -1.07412e+269 5.9477e+268 -2.63749e+268 0
0.0366 0 9.58017e+269 -2.15735e+270 3.8881e+270 -6.54509e+270 1.06988e+271 -1.71902e+271 2.72597e+271 -4.27241e+271 6.62145e+271 -1.01496e+272 1.53883e+272 -2.30783e+272 3.42376e+272 -5.0246e+272 7.29471e+272 -1.0477e+273 1.48865e+273 -2.09263e+273 2.91034e+273 -4.00455e+273 5.45173e+273 -7.34332e+273 9.78672e+273 -1.29056e+274 1.68391e+274 -2.17406e+274 2.77741e+274 -3.51102e+274 4.39195e+274 -5.43649e+274 6.6592e+274 -8.07187e+274 9.68232e+274 -1.14933e+275 1.35012e+275 -1.56952e+275 1.80566e+275 -2.05579e+275 2.31634e+275 -2.58291e+275 2.85036e+275 -3.11301e+275 3.36474e+275 -3.59928e+275 3.81043e+275 -3.99235e+275 4.13982e+275 -4.24847e+275 4.31502e+275 -4.33743e+275 4.31502e+275 -4.24847e+275 4.13982e+275 -3.99235e+275 3.81043e+275 -3.59928e+275 3.36474e+275 -3.11301e+275 2.85036e+275 -2.58291e+275 2.31634e+275 -2.05579e+275 1.80566e+275 -1.56952e+275 1.35012e+275 -1.14933e+275 9.68232e+274 -8.07187e+274 6.6592e+274 -5.43649e+274 4.39195e+274 -3.51102e+274 2.77741e+274 -2.17406e+274 1.68391e+274 -1.29056e+274 9.78672e+273 -7.34332e+273 5.45173e+273 -4.00455e+273 2.91034e+273 -2.09263e+273 1.48865e+273 -1.0477e+273 7.29471e+272 -5.0246e+272 3.42376e+272 -2.30783e+272 1.53883e+272 -1.01496e+272 6.62145e+271 -4.27241e+271 2.72597e+271 -1.71902e+271 1.06988e+271 -6.54509e+270 3.8881e+270 -2.15735e+270 9.58017e+269 0
0.0368 0 -3.47708e+271 7.81922e+271 -1.40639e+272 2.36185e+272 -3.85095e+272 6.17148e+272 -9.76145e+272 1.52605e+273 -2.35927e+273 3.60766e+273 -5.45697e+273 8.16538e+273 -1.20869e+274 1.77002e+274 -2.56437e+274 3.67561e+274 -5.2124e+274 7.3133e+274 -1.01524e+275 1.39446e+275 -1.89515e+275 2.54851e+275 -3.3911e+275 4.46494e+275 -5.81728e+275 7.49998e+275 -9.56849e+275 1.20803e+276 -1.50927e+276 1.86603e+276 -2.28317e+276 2.76459e+276 -3.31286e+276 3.9288e+276 -4.61111e+276 5.35604e+276 -6.15713e+276 7.0051e+276 -7.88778e+276 8.79028e+276 -9.69529e+276 1.05836e+277 -1.14345e+277 1.22271e+277 -1.29404e+277 1.35547e+277 -1.40526e+277 1.44194e+277 -1.46441e+277 1.47197e+277 -1.46441e+277 1.44194e+277 -1.40526e+277 1.35547e+277 -1.29404e+277 1.22271e+277 -1.14345e+277 1.05836e+277 -9.69529e+276 8.79028e+276 -7.88778e+276 7.0051e+276 -6.15713e+276 5.35604e+276 -4.61111e+276 3.9288e+276 -3.31286e+276 2.76459e+276 -2.28317e+276 1.86603e+276 -1.50927e+276 1.20803e+276 -9.56849e+275 7.49998e+275 -5.81728e+275 4.46494e+275 -3.3911e+275 2.54851e+275 -1.89515e+275 1.39446e+275 -1.01524e+275 7.3133e+274 -5.2124e+274 3.67561e+274 -2.56437e+274 1.77002e+274 -1.20869e+274 8.16538e+273 -5.45697e+273 3.60766e+273 -2.35927e+273 1.52605e+273 -9.76145e+272 6.17148e+272 -3.85095e+272 2.36185e+272 -1.40639e+272 7.81922e+271 -3.47708e+271 0
0.037 0 1.26102e+273 -2.83192e+273 5.08351e+273 -8.51711e+273 1.38522e+274 -2.21427e+274 3.49344e+274 -5.44782e+274 8.40178e+274 -1.2817e+275 1.93423e+275 -2.88772e+275 4.26523e+275 -6.23282e+275 9.01136e+275 -1.28905e+276 1.82447e+276 -2.55505e+276 3.5405e+276 -4.8545e+276 6.58637e+276 -8.84258e+276 1.17476e+277 -1.54443e+277 2.00929e+277 -2.58689e+277 3.29596e+277 -4.15586e+277 5.18586e+277 -6.40426e+277 7.82728e+277 -9.46785e+277 1.13343e+278 -1.34292e+278 1.57476e+278 -1.82768e+278 2.09945e+278 -2.38691e+278 2.68595e+278 -2.9915e+278 3.29774e+278 -3.59817e+278 3.88585e+278 -4.15368e+278 4.39463e+278 -4.60212e+278 4.77024e+278 -4.89406e+278 4.96988e+278 -4.99542e+278 4.96988e+278 -4.89406e+278 4.77024e+278 -4.60212e+278 4.39463e+278 -4.15368e+278 3.88585e+278 -3.59817e+278 3.29774e+278 -2.9915e+278 2.68595e+278 -2.38691e+278 2.09945e+278 -1.82768e+278 1.57476e+278 -1.34292e+278 1.13343e+278 -9.46785e+277 7.82728e+277 -6.40426e+277 5.18586e+277 -4.15586e+277 3.29596e+277 -2.58689e+277 2.00929e+277 -1.54443e+277 1.17476e+277 -8.84258e+276 6.58637e+276 -4.8545e+276 3.5405e+276 -2.55505e+276 1.82447e+276 -1.28905e+276 9.01136e+275 -6.23282e+275 4.26523e+275 -2.88772e+275 1.93423e+275 -1.2817e+275 8.40178e+274 -5.44782e+274 3.49344e+274 -2.21427e+274 1.38522e+274 -8.51711e+273 5.08351e+273 -2.83192e+273 1.26102e+273 0
0.0372 0 -4.56984e+274 1.0249e+275 -1.83618e+275 3.06932e+275 -4.97959e+275 7.9398e+275 -1.24951e+276 1.94375e+276 -2.99048e+276 4.5513e+276 -6.8527e+276 1.0208e+277 -1.50449e+277 2.19391e+277 -3.16548e+277 4.51921e+277 -6.38406e+277 8.92387e+277 -1.23435e+278 1.68953e+278 -2.28845e+278 3.06742e+278 -4.06884e+278 5.34121e+278 -6.93888e+278 8.92125e+278 -1.13516e+279 1.42951e+279 -1.78166e+279 2.19773e+279 -2.68314e+279 3.24216e+279 -3.87753e+279 4.58997e+279 -5.37777e+279 6.23643e+279 -7.15841e+279 8.13292e+279 -9.14598e+279 1.01805e+280 -1.12168e+280 1.22329e+280 -1.32055e+280 1.41105e+280 -1.49246e+280 1.56253e+280 -1.6193e+280 1.6611e+280 -1.6867e+280 1.69532e+280 -1.6867e+280 1.6611e+280 -1.6193e+280 1.56253e+280 -1.49246e+280 1.41105e+280 -1.32055e+280 1.22329e+280 -1.12168e+280 1.01805e+280 -9.14598e+279 8.13292e+279 -7.15841e+279 6.23643e+279 -5.37777e+279 4.58997e+279 -3.87753e+279 3.24216e+279 -2.68314e+279 2.19773e+279 -1.78166e+279 1.42951e+279 -1.13516e+279 8.92125e+278 -6.93888e+278 5.34121e+278 -4.06884e+278 3.06742e+278 -2.28845e+278 1.68953e+278 -1.23435e+278 8.92387e+277 -6.38406e+277 4.51921e+277 -3.16548e+277 2.19391e+277 -1.50449e+277 1.0208e+277 -6.8527e+276 4.5513e+276 -2.99048e+276 1.94375e+276 -1.24951e+276 7.9398e+275 -4.97959e+275 3.06932e+275 -1.83618e+275 1.0249e+275 -4.56984e+274 0
0.0374 0 1.65484e+276 -3.70652e+276 6.62776e+276 -1.10536e+277 1.78894e+277 -2.84531e+277 4.46667e+277 -6.93144e+277 1.06387e+278 -1.61538e+278 2.42671e+278 -3.60696e+278 5.3047e+278 -7.71948e+278 1.11156e+279 -1.58382e+279 2.23315e+279 -3.11586e+279 4.30223e+279 -5.87863e+279 7.94937e+279 -1.06383e+280 1.40897e+280 -1.84683e+280 2.39585e+280 -3.07613e+280 3.90902e+280 -4.9165e+280 6.12036e+280 -7.54109e+280 9.19675e+280 -1.11015e+281 1.32643e+281 -1.56872e+281 1.83639e+281 -2.12791e+281 2.44069e+281 -2.77105e+281 3.11425e+281 -3.46452e+281 3.81519e+281 -4.15886e+281 4.48767e+281 -4.79354e+281 5.06856e+281 -5.30524e+281 5.49692e+281 -5.63806e+281 5.72447e+281 -5.75356e+281 5.72447e+281 -5.63806e+281 5.49692e+281 -5.30524e+281 5.06856e+281 -4.79354e+281 4.48767e+281 -4.15886e+281 3.81519e+281 -3.46452e+281 3.11425e+281 -2.77105e+281 2.44069e+281 -2.12791e+281 1.83639e+281 -1.56872e+281 1.32643e+281 -1.11015e+281 9.19675e+280 -7.54109e+280 6.12036e+280 -4.9165e+280 3.90902e+280 -3.07613e+280 2.39585e+280 -1.84683e+280 1.40897e+280 -1.06383e+280 7.94937e+279 -5.87863e+279 4.30223e+279 -3.11586e+279 2.23315e+279 -1.58382e+279 1.11156e+279 -7.71948e+278 5.3047e+278 -3.60696e+278 2.42671e+278 -1.61538e+278 1.06387e+278 -6.93144e+277 4.46667e+277 -2.84531e+277 1.78894e+277 -1.10536e+277 6.62776e+276 -3.70652e+276 1.65484e+276 0
0.0376 0 -5.98818e+277 1.3395e+278 -2.39069e+278 3.97819e+278 -6.42289e+278 1.01905e+279 -1.59582e+279 2.47046e+279 -3.78285e+279 5.73067e+279 -8.58968e+279 1.27396e+280 -1.86964e+280 2.71514e+280 -3.90185e+280 5.54887e+280 -7.80914e+280 1.08761e+281 -1.4991e+281 2.04491e+281 -2.76071e+281 3.6887e+281 -4.87801e+281 6.38461e+281 -8.27096e+281 1.06051e+282 -1.34591e+282 1.69071e+282 -2.10222e+282 2.58731e+282 -3.152e+282 3.80098e+282 -4.53715e+282 5.36108e+282 -6.27057e+282 7.26027e+282 -8.32132e+282 9.44126e+282 -1.0604e+283 1.17899e+283 -1.29766e+283 1.4139e+283 -1.52506e+283 1.62844e+283 -1.72135e+283 1.80129e+283 -1.86602e+283 1.91367e+283 -1.94285e+283 1.95267e+283 -1.94285e+283 1.91367e+283 -1.86602e+283 1.80129e+283 -1.72135e+283 1.62844e+283 -1.52506e+283 1.4139e+283 -1.29766e+283 1.17899e+283 -1.0604e+283 9.44126e+282 -8.32132e+282 7.26027e+282 -6.27057e+282 5.36108e+282 -4.53715e+282 3.80098e+282 -3.152e+282 2.58731e+282 -2.10222e+282 1.69071e+282 -1.34591e+282 1.06051e+282 -8.27096e+281 6.38461e+281 -4.87801e+281 3.6887e+281 -2.76071e+281 2.04491e+281 -1.4991e+281 1.08761e+281 -7.80914e+280 5.54887e+280 -3.90185e+280 2.71514e+280 -1.86964e+280 1.27396e+280 -8.58968e+279 5.73067e+279 -3.78285e+279 2.47046e+279 -1.59582e+279 1.01905e+279 -6.42289e+278 3.97819e+278 -2.39069e+278 1.3395e+278 -5.98818e+277 0
0.0378 0 2.16532e+279 -4.83747e+279 8.61766e+279 -1.43084e+280 2.30463e+280 -3.64762e+280 5.69834e+280 -8.80047e+280 1.34442e+281 -2.03205e+281 3.0391e+281 -4.49769e+281 6.58691e+281 -9.54628e+281 1.36917e+282 -1.94339e+282 2.72995e+282 -3.79531e+282 5.22213e+282 -7.11157e+282 9.58534e+282 -1.27874e+283 1.68849e+283 -2.20679e+283 2.85482e+283 -3.6556e+283 4.63347e+283 -5.81338e+283 7.2199e+283 -8.87604e+283 1.08019e+284 -1.30129e+284 1.55186e+284 -1.83204e+284 2.14105e+284 -2.47704e+284 2.83699e+284 -3.21665e+284 3.61055e+284 -4.0121e+284 4.41367e+284 -4.80684e+284 5.18269e+284 -5.53207e+284 5.84599e+284 -6.11601e+284 6.33461e+284 -6.4955e+284 6.59399e+284 -6.62715e+284 6.59399e+284 -6.4955e+284 6.33461e+284 -6.11601e+284 5.84599e+284 -5.53207e+284 5.18269e+284 -4.80684e+284 4.41367e+284 -4.0121e+284 3.61055e+284 -3.21665e+284 2.83699e+284 -2.47704e+284 2.14105e+284 -1.83204e+284 1.55186e+284 -1.30129e+284 1.08019e+284 -8.87604e+283 7.2199e+283 -5.81338e+283 4.63347e+283 -3.6556e+283 2.85482e+283 -2.20679e+283 1.68849e+283 -1.27874e+283 9.58534e+282 -7.11157e+282 5.22213e+282 -3.79531e+282 2.72995e+282 -1.94339e+282 1.36917e+282 -9.54628e+281 6.58691e+281 -4.49769e+281 3.0391e+281 -2.03205e+281 1.34442e+281 -8.80047e+280 5.69834e+280 -3.64762e+280 2.30463e+280 -1.43084e+280 8.61766e+279 -4.83747e+279 2.16532e+279 0
0.038 0 -7.82421e+280 1.7458e+281 -3.10434e+281 5.14308e+281 -8.26445e+281 1.30491e+282 -2.03366e+282 3.13338e+282 -4.77575e+282 7.20218e+282 -1.07479e+283 1.58725e+283 -2.31973e+283 3.35519e+283 -4.80279e+283 6.80418e+283 -9.54056e+283 1.32402e+284 -1.81866e+284 2.47257e+284 -3.32732e+284 4.43199e+284 -5.84344e+284 7.62623e+284 -9.85215e+284 1.2599e+285 -1.59491e+285 1.99864e+285 -2.47933e+285 3.04471e+285 -3.70146e+285 4.4547e+285 -5.3075e+285 6.26023e+285 -7.31012e+285 8.45076e+285 -9.67183e+285 1.09589e+286 -1.22934e+286 1.36529e+286 -1.50119e+286 1.63418e+286 -1.76126e+286 1.87934e+286 -1.98541e+286 2.07662e+286 -2.15044e+286 2.20477e+286 -2.23802e+286 2.24921e+286 -2.23802e+286 2.20477e+286 -2.15044e+286 2.07662e+286 -1.98541e+286 1.87934e+286 -1.76126e+286 1.63418e+286 -1.50119e+286 1.36529e+286 -1.22934e+286 1.09589e+286 -9.67183e+285 8.45076e+285 -7.31012e+285 6.26023e+285 -5.3075e+285 4.4547e+285 -3.70146e+285 3.04471e+285 -2.47933e+285 1.99864e+285 -1.59491e+285 1.2599e+285 -9.85215e+284 7.62623e+284 -5.84344e+284 4.43199e+284 -3.32732e+284 2.47257e+284 -1.81866e+284 1.32402e+284 -9.54056e+283 6.80418e+283 -4.80279e+283 3.35519e+283 -2.31973e+283 1.58725e+283 -1.07479e+283 7.20218e+282 -4.77575e+282 3.13338e+282 -2.03366e+282 1.30491e+282 -8.26445e+281 5.14308e+281 -3.10434e+281 1.7458e+281 -7.82421e+280 0
0.0382 0 2.82526e+282 -6.29621e+282 1.11756e+283 -1.84751e+283 2.96191e+283 -4.66559e+283 7.25401e+283 -1.11507e+284 1.69566e+284 -2.55151e+284 3.79942e+284 -5.59916e+284 8.16635e+284 -1.17881e+285 1.68416e+285 -2.38151e+285 3.33322e+285 -4.61768e+285 6.33201e+285 -8.5946e+285 1.15474e+286 -1.53577e+286 2.02188e+286 -2.63501e+286 3.39947e+286 -4.34161e+286 5.48918e+286 -6.87045e+286 8.51317e+286 -1.04431e+287 1.26826e+287 -1.52486e+287 1.8151e+287 -2.13905e+287 2.49575e+287 -2.88297e+287 3.2972e+287 -3.7335e+287 4.18561e+287 -4.64596e+287 5.10584e+287 -5.5557e+287 5.98536e+287 -6.38448e+287 6.74286e+287 -7.05096e+287 7.30028e+287 -7.48374e+287 7.59601e+287 -7.63381e+287 7.59601e+287 -7.48374e+287 7.30028e+287 -7.05096e+287 6.74286e+287 -6.38448e+287 5.98536e+287 -5.5557e+287 5.10584e+287 -4.64596e+287 4.18561e+287 -3.7335e+287 3.2972e+287 -2.88297e+287 2.49575e+287 -2.13905e+287 1.8151e+287 -1.52486e+287 1.26826e+287 -1.04431e+287 8.51317e+286 -6.87045e+286 5.48918e+286 -4.34161e+286 3.39947e+286 -2.63501e+286 2.02188e+286 -1.53577e+286 1.15474e+286 -8.5946e+285 6.33201e+285 -4.61768e+285 3.33322e+285 -2.38151e+285 1.68416e+285 -1.17881e+285 8.16635e+284 -5.59916e+284 3.79942e+284 -2.55151e+284 1.69566e+284 -1.11507e+284 7.25401e+283 -4.66559e+283 2.96191e+283 -1.84751e+283 1.11756e+283 -6.29621e+282 2.82526e+282 0
0.0384 0 -1.01948e+284 2.26921e+284 -4.02062e+284 6.63268e+284 -1.06091e+285 1.66723e+285 -2.58614e+285 3.9662e+285 -6.01776e+285 9.0352e+285 -1.34254e+286 1.97437e+286 -2.87379e+286 4.14017e+286 -5.90375e+286 8.33287e+286 -1.1642e+287 1.61002e+287 -2.20405e+287 2.98676e+287 -4.00662e+287 5.32062e+287 -6.99455e+287 9.10285e+287 -1.1728e+288 1.4959e+288 -1.88895e+288 2.36148e+288 -2.92281e+288 3.58156e+288 -4.34517e+288 5.21925e+288 -6.20698e+288 7.30851e+288 -8.52034e+288 9.83486e+288 -1.124e+289 1.27191e+289 -1.42508e+289 1.58095e+289 -1.73659e+289 1.88875e+289 -2.03404e+289 2.16894e+289 -2.29003e+289 2.39411e+289 -2.47832e+289 2.54027e+289 -2.57818e+289 2.59094e+289 -2.57818e+289 2.54027e+289 -2.47832e+289 2.39411e+289 -2.29003e+289 2.16894e+289 -2.03404e+289 1.88875e+289 -1.73659e+289 1.58095e+289 -1.42508e+289 1.27191e+289 -1.124e+289 9.83486e+288 -8.52034e+288 7.30851e+288 -6.20698e+288 5.21925e+288 -4.34517e+288 3.58156e+288 -2.92281e+288 2.36148e+288 -1.88895e+288 1.4959e+288 -1.1728e+288 9.10285e+287 -6.99455e+287 5.32062e+287 -4.00662e+287 2.98676e+287 -2.20405e+287 1.61002e+287 -1.1642e+287 8.33287e+286 -5.90375e+286 4.14017e+286 -2.87379e+286 1.97437e+286 -1.34254e+286 9.0352e+285 -6.01776e+285 3.9662e+285 -2.58614e+285 1.66723e+285 -1.06091e+285 6.63268e+284 -4.02062e+284 2.26921e+284 -1.01948e+284 0
0.0386 0 3.67629e+285 -8.17312e+285 1.44559e+286 -2.37975e+286 3.79787e+286 -5.95458e+286 9.21516e+286 -1.41006e+287 2.13466e+287 -3.19807e+287 4.74197e+287 -6.9593e+287 1.01093e+288 -1.45359e+288 2.06886e+288 -2.91475e+288 4.06502e+288 -5.61207e+288 7.66991e+288 -1.0377e+289 1.38988e+289 -1.84294e+289 2.41926e+289 -3.14412e+289 4.04544e+289 -5.15335e+289 6.49945e+289 -8.11582e+289 1.00337e+290 -1.22821e+290 1.48857e+290 -1.7863e+290 2.12243e+290 -2.49696e+290 2.90865e+290 -3.35489e+290 3.83155e+290 -4.33296e+290 4.85188e+290 -5.37966e+290 5.90638e+290 -6.42112e+290 6.91236e+290 -7.36834e+290 7.77754e+290 -8.12915e+290 8.41355e+290 -8.62276e+290 8.75077e+290 -8.79386e+290 8.75077e+290 -8.62276e+290 8.41355e+290 -8.12915e+290 7.77754e+290 -7.36834e+290 6.91236e+290 -6.42112e+290 5.90638e+290 -5.37966e+290 4.85188e+290 -4.33296e+290 3.83155e+290 -3.35489e+290 2.90865e+290 -2.49696e+290 2.12243e+290 -1.7863e+290 1.48857e+290 -1.22821e+290 1.00337e+290 -8.11582e+289 6.49945e+289 -5.15335e+289 4.04544e+289 -3.14412e+289 2.41926e+289 -1.84294e+289 1.38988e+289 -1.0377e+289 7.66991e+288 -5.61207e+288 4.06502e+288 -2.91475e+288 2.06886e+288 -1.45359e+288 1.01093e+288 -6.9593e+287 4.74197e+287 -3.19807e+287 2.13466e+287 -1.41006e+287 9.21516e+286 -5.95458e+286 3.79787e+286 -2.37975e+286 1.44559e+286 -8.17312e+285 3.67629e+285 0
0.0388 0 -1.32481e+287 2.94186e+287 -5.19432e+287 8.53335e+287 -1.35881e+288 2.12557e+288 -3.28198e+288 5.01062e+288 -7.56879e+288 1.13149e+289 -1.67422e+289 2.45208e+289 -3.55493e+289 5.10169e+289 -7.24758e+289 1.01924e+290 -1.41898e+290 1.95569e+290 -2.66841e+290 3.60449e+290 -4.82039e+290 6.38225e+290 -8.36616e+290 1.08579e+291 -1.39521e+291 1.77507e+291 -2.23603e+291 2.78888e+291 -3.44414e+291 4.21147e+291 -5.09912e+291 6.1132e+291 -7.25703e+291 8.53042e+291 -9.92903e+291 1.14438e+292 -1.30608e+292 1.47605e+292 -1.65186e+292 1.83057e+292 -2.00883e+292 2.18295e+292 -2.34906e+292 2.50319e+292 -2.64147e+292 2.76026e+292 -2.85632e+292 2.92697e+292 -2.9702e+292 2.98475e+292 -2.9702e+292 2.92697e+292 -2.85632e+292 2.76026e+292 -2.64147e+292 2.50319e+292 -2.34906e+292 2.18295e+292 -2.00883e+292 1.83057e+292 -1.65186e+292 1.47605e+292 -1.30608e+292 1.14438e+292 -9.92903e+291 8.53042e+291 -7.25703e+291 6.1132e+291 -5.09912e+291 4.21147e+291 -3.44414e+291 2.78888e+291 -2.23603e+291 1.77507e+291 -1.39521e+291 1.08579e+291 -8.36616e+290 6.38225e+290 -4.82039e+290 3.60449e+290 -2.66841e+290 1.95569e+290 -1.41898e+290 1.01924e+290 -7.24758e+289 5.10169e+289 -3.55493e+289 2.45208e+289 -1.67422e+289 1.13149e+289 -7.56879e+288 5.01062e+288 -3.28198e+288 2.12557e+288 -1.35881e+288 8.53335e+287 -5.19432e+287 2.94186e+287 -1.32481e+287 0
0.039 0 4.77104e+288 -1.05824e+289 1.86531e+289 -3.05813e+289 4.85891e+289 -7.58358e+289 1.1683e+290 -1.77968e+290 2.68244e+290 -4.00158e+290 5.90871e+290 -8.63652e+290 1.24964e+291 -1.78995e+291 2.53815e+291 -3.56307e+291 4.95187e+291 -6.81336e+291 9.28127e+291 -1.25175e+292 1.67146e+292 -2.20979e+292 2.89262e+292 -3.74906e+292 4.81117e+292 -6.11338e+292 7.6917e+292 -9.58247e+292 1.1821e+293 -1.44396e+293 1.74657e+293 -2.09195e+293 2.48117e+293 -2.91411e+293 3.38924e+293 -3.90345e+293 4.45195e+293 -5.02817e+293 5.62379e+293 -6.22891e+293 6.8322e+293 -7.42125e+293 7.98295e+293 -8.50396e+293 8.97124e+293 -9.37255e+293 9.69703e+293 -9.93564e+293 1.00816e+294 -1.01307e+294 1.00816e+294 -9.93564e+293 9.69703e+293 -9.37255e+293 8.97124e+293 -8.50396e+293 7.98295e+293 -7.42125e+293 6.8322e+293 -6.22891e+293 5.62379e+293 -5.02817e+293 4.45195e+293 -3.90345e+293 3.38924e+293 -2.91411e+293 2.48117e+293 -2.09195e+293 1.74657e+293 -1.44396e+293 1.1821e+293 -9.58247e+292 7.6917e+292 -6.11338e+292 4.81117e+292 -3.74906e+292 2.89262e+292 -2.20979e+292 1.67146e+292 -1.25175e+292 9.28127e+291 -6.81336e+291 4.95187e+291 -3.56307e+291 2.53815e+291 -1.78995e+291 1.24964e+291 -8.63652e+290 5.90871e+290 -4.00158e+290 2.68244e+290 -1.77968e+290 1.1683e+290 -7.58358e+289 4.85891e+289 -3.05813e+289 1.86531e+289 -1.05824e+289 4.77104e+288 0
0.0392 0 -1.7171e+290 3.80429e+290 -6.69442e+290 1.09533e+291 -1.73654e+291 2.70427e+291 -4.15679e+291 6.31816e+291 -9.5026e+291 1.41459e+292 -2.0845e+292 3.04075e+292 -4.39122e+292 6.27803e+292 -8.88601e+292 1.24521e+293 -1.7276e+293 2.37308e+293 -3.22745e+293 4.34603e+293 -5.79454e+293 7.64972e+293 -9.99953e+293 1.29428e+294 -1.6588e+294 2.10517e+294 -2.64553e+294 3.29212e+294 -4.05678e+294 4.95034e+294 -5.98192e+294 7.1582e+294 -8.48259e+294 9.95447e+294 -1.15685e+295 1.3314e+295 -1.51746e+295 1.7128e+295 -1.9146e+295 2.1195e+295 -2.32368e+295 2.52295e+295 -2.71289e+295 2.88901e+295 -3.04693e+295 3.18251e+295 -3.29212e+295 3.37271e+295 -3.422e+295 3.43859e+295 -3.422e+295 3.37271e+295 -3.29212e+295 3.18251e+295 -3.04693e+295 2.88901e+295 -2.71289e+295 2.52295e+295 -2.32368e+295 2.1195e+295 -1.9146e+295 1.7128e+295 -1.51746e+295 1.3314e+295 -1.15685e+295 9.95447e+294 -8.48259e+294 7.1582e+294 -5.98192e+294 4.95034e+294 -4.05678e+294 3.29212e+294 -2.64553e+294 2.10517e+294 -1.6588e+294 1.29428e+294 -9.99953e+293 7.64972e+293 -5.79454e+293 4.34603e+293 -3.22745e+293 2.37308e+293 -1.7276e+293 1.24521e+293 -8.88601e+292 6.27803e+292 -4.39122e+292 3.04075e+292 -2.0845e+292 1.41459e+292 -9.5026e+291 6.31816e+291 -4.15679e+291 2.70427e+291 -1.73654e+291 1.09533e+291 -6.69442e+290 3.80429e+290 -1.7171e+290 0
0.0394 0 6.176e+291 -1.36678e+292 2.40116e+292 -3.92098e+292 6.20296e+292 -9.6384e+292 1.47827e+293 -2.24203e+293 3.36486e+293 -4.99862e+293 7.35091e+293 -1.0702e+294 1.54254e+294 -2.20123e+294 3.11001e+294 -4.35048e+294 6.02557e+294 -8.26327e+294 1.12204e+295 -1.50859e+295 2.00841e+295 -2.64763e+295 3.45614e+295 -4.46747e+295 5.7184e+295 -7.24829e+295 9.09812e+295 -1.13091e+296 1.39209e+296 -1.69698e+296 2.04862e+296 -2.44921e+296 2.89984e+296 -3.40023e+296 3.94852e+296 -4.54104e+296 5.17218e+296 -5.83436e+296 6.51804e+296 -7.21187e+296 7.90291e+296 -8.57705e+296 9.21937e+296 -9.81476e+296 1.03484e+297 -1.08065e+297 1.11768e+297 -1.1449e+297 1.16155e+297 -1.16715e+297 1.16155e+297 -1.1449e+297 1.11768e+297 -1.08065e+297 1.03484e+297 -9.81476e+296 9.21937e+296 -8.57705e+296 7.90291e+296 -7.21187e+296 6.51804e+296 -5.83436e+296 5.17218e+296 -4.54104e+296 3.94852e+296 -3.40023e+296 2.89984e+296 -2.44921e+296 2.04862e+296 -1.69698e+296 1.39209e+296 -1.13091e+296 9.09812e+295 -7.24829e+295 5.7184e+295 -4.46747e+295 3.45614e+295 -2.64763e+295 2.00841e+295 -1.50859e+295 1.12204e+295 -8.26327e+294 6.02557e+294 -4.35048e+294 3.11001e+294 -2.20123e+294 1.54254e+294 -1.0702e+294 7.35091e+293 -4.99862e+293 3.36486e+293 -2.24203e+293 1.47827e+293 -9.6384e+292 6.20296e+292 -3.92098e+292 2.40116e+292 -1.36678e+292 6.176e+291 0
0.0396 0 -2.21998e+293 4.90754e+293 -8.60753e+293 1.40282e+294 -2.21455e+294 3.43356e+294 -5.25468e+294 7.95239e+294 -1.19099e+295 1.76561e+295 -2.59128e+295 3.76522e+295 -5.41673e+295 7.71553e+295 -1.08814e+296 1.51952e+296 -2.10106e+296 2.87663e+296 -3.89992e+296 5.23551e+296 -6.95986e+296 9.16196e+296 -1.19434e+297 1.5418e+297 -1.97102e+297 2.49532e+297 -3.12851e+297 3.88445e+297 -4.7765e+297 5.81676e+297 -7.01535e+297 8.37951e+297 -9.91272e+297 1.16138e+298 -1.34763e+298 1.54876e+298 -1.76285e+298 1.98733e+298 -2.21896e+298 2.4539e+298 -2.68779e+298 2.91586e+298 -3.13307e+298 3.33435e+298 -3.51471e+298 3.6695e+298 -3.79457e+298 3.88651e+298 -3.94274e+298 3.96166e+298 -3.94274e+298 3.88651e+298 -3.79457e+298 3.6695e+298 -3.51471e+298 3.33435e+298 -3.13307e+298 2.91586e+298 -2.68779e+298 2.4539e+298 -2.21896e+298 1.98733e+298 -1.76285e+298 1.54876e+298 -1.34763e+298 1.16138e+298 -9.91272e+297 8.37951e+297 -7.01535e+297 5.81676e+297 -4.7765e+297 3.88445e+297 -3.12851e+297 2.49532e+297 -1.97102e+297 1.5418e+297 -1.19434e+297 9.16196e+296 -6.95986e+296 5.23551e+296 -3.89992e+296 2.87663e+296 -2.10106e+296 1.51952e+296 -1.08814e+296 7.71553e+295 -5.41673e+295 3.76522e+295 -2.59128e+295 1.76561e+295 -1.19099e+295 7.95239e+294 -5.25468e+294 3.43356e+294 -2.21455e+294 1.40282e+294 -8.60753e+293 4.90754e+293 -2.21998e+293 0
0.0398 0 7.97493e+294 -1.76105e+295 3.08382e+295 -5.01621e+295 7.90223e+295 -1.22256e+296 1.86696e+296 -2.81943e+296 4.21371e+296 -6.23402e+296 9.13116e+296 -1.32423e+297 1.90149e+297 -2.70352e+297 3.80611e+297 -5.30587e+297 7.32426e+297 -1.00118e+298 1.3552e+298 -1.81657e+298 2.41136e+298 -3.16986e+298 4.1266e+298 -5.32017e+298 6.79276e+298 -8.58933e+298 1.07565e+299 -1.33409e+299 1.63874e+299 -1.99365e+299 2.40217e+299 -2.8667e+299 3.38834e+299 -3.96663e+299 4.59929e+299 -5.28199e+299 6.00822e+299 -6.7692e+299 7.55397e+299 -8.34954e+299 9.14115e+299 -9.91273e+299 1.06473e+300 -1.13278e+300 1.19373e+300 -1.24604e+300 1.28829e+300 -1.31934e+300 1.33833e+300 -1.34473e+300 1.33833e+300 -1.31934e+300 1.28829e+300 -1.24604e+300 1.19373e+300 -1.13278e+300 1.06473e+300 -9.91273e+299 9.14115e+299 -8.34954e+299 7.55397e+299 -6.7692e+299 6.00822e+299 -5.28199e+299 4.59929e+299 -3.96663e+299 3.38834e+299 -2.8667e+299 2.40217e+299 -1.99365e+299 1.63874e+299 -1.33409e+299 1.07565e+299 -8.58933e+298 6.79276e+298 -5.32017e+298 4.1266e+298 -3.16986e+298 2.41136e+298 -1.81657e+298 1.3552e+298 -1.00118e+298 7.32426e+297 -5.30587e+297 3.80611e+297 -2.70352e+297 1.90149e+297 -1.32423e+297 9.13116e+296 -6.23402e+296 4.21371e+296 -2.81943e+296 1.86696e+296 -1.22256e+296 7.90223e+295 -5.01621e+295 3.08382e+295 -1.76105e+295 7.97493e+294 0
0.04 0 -2.86315e+296 6.31577e+296 -1.10423e+297 1.79274e+297 -2.81834e+297 4.351e+297 -6.63019e+297 9.99165e+297 -1.4902e+298 2.20025e+298 -3.21644e+298 4.65567e+298 -6.67277e+298 9.47019e+298 -1.33091e+299 1.85219e+299 -2.55257e+299 3.48362e+299 -4.70819e+299 6.30165e+299 -8.35292e+299 1.09651e+300 -1.42555e+300 1.83551e+300 -2.34067e+300 2.95622e+300 -3.69789e+300 4.58139e+300 -5.62173e+300 6.83247e+300 -8.2248e+300 9.80655e+300 -1.15812e+301 1.35471e+301 -1.56961e+301 1.80134e+301 -2.04768e+301 2.30566e+301 -2.57154e+301 2.84094e+301 -3.10888e+301 3.36992e+301 -3.61835e+301 3.8484e+301 -4.05442e+301 4.23115e+301 -4.3739e+301 4.4788e+301 -4.54294e+301 4.56452e+301 -4.54294e+301 4.4788e+301 -4.3739e+301 4.23115e+301 -4.05442e+301 3.8484e+301 -3.61835e+301 3.36992e+301 -3.10888e+301 2.84094e+301 -2.57154e+301 2.30566e+301 -2.04768e+301 1.80134e+301 -1.56961e+301 1.35471e+301 -1.15812e+301 9.80655e+300 -8.2248e+300 6.83247e+300 -5.62173e+300 4.58139e+300 -3.69789e+300 2.95622e+300 -2.34067e+300 1.83551e+300 -1.42555e+300 1.09651e+300 -8.35292e+299 6.30165e+299 -4.70819e+299 3.48362e+299 -2.55257e+299 1.85219e+299 -1.33091e+299 9.47019e+298 -6.67277e+298 4.65567e+298 -3.21644e+298 2.20025e+298 -1.4902e+298 9.99165e+297 -6.63019e+297 4.351e+297 -2.81834e+297 1.79274e+297 -1.10423e+297 6.31577e+296 -2.86315e+296 0
0.0402 0 1.02732e+298 -2.26377e+298 3.95173e+298 -6.40371e+298 1.00466e+299 -1.54775e+299 2.35354e+299 -3.53938e+299 5.268e+299 -7.76261e+299 1.13258e+300 -1.63626e+300 2.34087e+300 -3.3163e+300 4.65255e+300 -6.46395e+300 8.89367e+300 -1.21185e+301 1.63534e+301 -2.18558e+301 2.89288e+301 -3.79234e+301 4.92383e+301 -6.33174e+301 8.06442e+301 -1.01733e+302 1.27112e+302 -1.57312e+302 1.92836e+302 -2.34138e+302 2.81588e+302 -3.35446e+302 3.95821e+302 -4.62646e+302 5.35642e+302 -6.143e+302 6.9786e+302 -7.85312e+302 8.75396e+302 -9.66623e+302 1.05731e+303 -1.14563e+303 1.22965e+303 -1.30743e+303 1.37706e+303 -1.43678e+303 1.48501e+303 -1.52044e+303 1.54211e+303 -1.5494e+303 1.54211e+303 -1.52044e+303 1.48501e+303 -1.43678e+303 1.37706e+303 -1.30743e+303 1.22965e+303 -1.14563e+303 1.05731e+303 -9.66623e+302 8.75396e+302 -7.85312e+302 6.9786e+302 -6.143e+302 5.35642e+302 -4.62646e+302 3.95821e+302 -3.35446e+302 2.81588e+302 -2.34138e+302 1.92836e+302 -1.57312e+302 1.27112e+302 -1.01733e+302 8.06442e+301 -6.33174e+301 4.92383e+301 -3.79234e+301 2.89288e+301 -2.18558e+301 1.63534e+301 -1.21185e+301 8.89367e+300 -6.46395e+300 4.65255e+300 -3.3163e+300 2.34087e+300 -1.63626e+300 1.13258e+300 -7.76261e+299 5.268e+299 -3.53938e+299 2.35354e+299 -1.54775e+299 1.00466e+299 -6.40371e+298 3.95173e+298 -2.26377e+298 1.02732e+298 0
0.0404 0 -3.68397e+299 8.1095e+299 -1.41346e+300 2.28624e+300 -3.57959e+300 5.50313e+300 -8.3507e+300 1.25324e+301 -1.86155e+301 2.73766e+301 -3.98661e+301 5.74878e+301 -8.20938e+301 1.16096e+302 -1.62596e+302 2.25524e+302 -3.09796e+302 4.21468e+302 -5.67894e+302 7.57863e+302 -1.00171e+303 1.31138e+303 -1.70041e+303 2.18386e+303 -2.7781e+303 3.50049e+303 -4.3689e+303 5.40111e+303 -6.61405e+303 8.02285e+303 -9.63989e+303 1.14736e+304 -1.35276e+304 1.57991e+304 -1.82785e+304 2.09483e+304 -2.37828e+304 2.67474e+304 -2.97995e+304 3.28887e+304 -3.59583e+304 3.89464e+304 -4.17881e+304 4.44177e+304 -4.67714e+304 4.87894e+304 -5.04189e+304 5.16159e+304 -5.23477e+304 5.2594e+304 -5.23477e+304 5.16159e+304 -5.04189e+304 4.87894e+304 -4.67714e+304 4.44177e+304 -4.17881e+304 3.89464e+304 -3.59583e+304 3.28887e+304 -2.97995e+304 2.67474e+304 -2.37828e+304 2.09483e+304 -1.82785e+304 1.57991e+304 -1.35276e+304 1.14736e+304 -9.63989e+303 8.02285e+303 -6.61405e+303 5.40111e+303 -4.3689e+303 3.50049e+303 -2.7781e+303 2.18386e+303 -1.70041e+303 1.31138e+303 -1.00171e+303 7.57863e+302 -5.67894e+302 4.21468e+302 -3.09796e+302 2.25524e+302 -1.62596e+302 1.16096e+302 -8.20938e+301 5.74878e+301 -3.98661e+301 2.73766e+301 -1.86155e+301 1.25324e+301 -8.3507e+300 5.50313e+300 -3.57959e+300 2.28624e+300 -1.41346e+300 8.1095e+299 -3.68397e+299 0
0.0406 0 1.32032e+301 -2.90345e+301 5.05295e+301 -8.15812e+301 1.27478e+302 -1.95577e+302 2.96166e+302 -4.43568e+302 6.57555e+302 -9.65135e+302 1.40277e+303 -2.01908e+303 2.8781e+303 -4.06307e+303 5.68078e+303 -7.86638e+303 1.07886e+304 -1.46548e+304 1.97166e+304 -2.62741e+304 3.46794e+304 -4.5339e+304 5.87128e+304 -7.53115e+304 9.56893e+304 -1.20432e+305 1.50144e+305 -1.85422e+305 2.26833e+305 -2.74885e+305 3.29988e+305 -3.9242e+305 4.62291e+305 -5.39502e+305 6.23718e+305 -7.14339e+305 8.10483e+305 -9.10983e+305 1.01439e+306 -1.11901e+306 1.22291e+306 -1.32401e+306 1.42012e+306 -1.50903e+306 1.58858e+306 -1.65678e+306 1.71183e+306 -1.75227e+306 1.77699e+306 -1.78531e+306 1.77699e+306 -1.75227e+306 1.71183e+306 -1.65678e+306 1.58858e+306 -1.50903e+306 1.42012e+306 -1.32401e+306 1.22291e+306 -1.11901e+306 1.01439e+306 -9.10983e+305 8.10483e+305 -7.14339e+305 6.23718e+305 -5.39502e+305 4.62291e+305 -3.9242e+305 3.29988e+305 -2.74885e+305 2.26833e+305 -1.85422e+305 1.50144e+305 -1.20432e+305 9.56893e+304 -7.53115e+304 5.87128e+304 -4.5339e+304 3.46794e+304 -2.62741e+304 1.97166e+304 -1.46548e+304 1.07886e+304 -7.86638e+303 5.68078e+303 -4.06307e+303 2.8781e+303 -2.01908e+303 1.40277e+303 -9.65135e+302 6.57555e+302 -4.43568e+302 2.96166e+302 -1.95577e+302 1.27478e+302 -8.15812e+301 5.05295e+301 -2.90345e+301 1.32032e+301 0
0.0408 0 -4.7293e+302 1.03896e+303 -1.80543e+303 2.90965e+303 -4.53766e+303 6.94754e+303 -1.04993e+304 1.56931e+304 -2.32178e+304 3.40125e+304 -4.93421e+304 7.08906e+304 -1.00871e+305 1.42155e+305 -1.9842e+305 2.74312e+305 -3.75617e+305 5.09445e+305 -6.84394e+305 9.10708e+305 -1.20039e+306 1.56727e+306 -2.02696e+306 2.59679e+306 -3.2955e+306 4.14292e+306 -5.15936e+306 6.36494e+306 -7.77871e+306 9.41758e+306 -1.12952e+307 1.34207e+307 -1.57975e+307 1.84219e+307 -2.12823e+307 2.43582e+307 -2.76194e+307 3.10263e+307 -3.453e+307 3.80727e+307 -4.15896e+307 4.50102e+307 -4.82609e+307 5.12671e+307 -5.39563e+307 5.6261e+307 -5.81213e+307 5.94875e+307 -6.03225e+307 6.06035e+307 -6.03225e+307 5.94875e+307 -5.81213e+307 5.6261e+307 -5.39563e+307 5.12671e+307 -4.82609e+307 4.50102e+307 -4.15896e+307 3.80727e+307 -3.453e+307 3.10263e+307 -2.76194e+307 2.43582e+307 -2.12823e+307 1.84219e+307 -1.57975e+307 1.34207e+307 -1.12952e+307 9.41758e+306 -7.77871e+306 6.36494e+306 -5.15936e+306 4.14292e+306 -3.2955e+306 2.59679e+306 -2.02696e+306 1.56727e+306 -1.20039e+306 9.10708e+305 -6.84394e+305 5.09445e+305 -3.75617e+305 2.74312e+305 -1.9842e+305 1.42155e+305 -1.00871e+305 7.08906e+304 -4.93421e+304 3.40125e+304 -2.32178e+304 1.56931e+304 -1.04993e+304 6.94754e+303 -4.53766e+303 2.90965e+303 -1.80543e+303 1.03896e+303 -4.7293e+302 0
0.041 0 1.69307e+304 -3.71576e+304 6.44749e+304 -1.03724e+305 1.61445e+305 -2.46689e+305 3.72051e+305 -5.54987e+305 8.19493e+305 -1.1982e+306 1.735e+306 -2.48819e+306 3.53423e+306 -4.97216e+306 6.9286e+306 -9.56319e+306 1.30745e+307 -1.77059e+307 2.37514e+307 -3.15607e+307 4.15427e+307 -5.41677e+307 6.99665e+307 -8.95261e+307 1.13481e+308 -1.42501e+308 inf -inf inf -inf inf -inf inf -inf inf -inf inf -inf inf -inf inf -inf inf -inf inf -inf inf -inf inf -inf inf -inf inf -inf inf -inf inf -inf inf -inf inf -inf inf -inf inf -inf inf -inf inf -inf inf -inf inf -1.42501e+308 1.13481e+308 -8.95261e+307 6.99665e+307 -5.41677e+307 4.15427e+307 -3.15607e+307 2.37514e+307 -1.77059e+307 1.30745e+307 -9.56319e+306 6.9286e+306 -4.97216e+306 3.53423e+306 -2.48819e+306 1.735e+306 -1.1982e+306 8.19493e+305 -5.54987e+305 3.72051e+305 -2.46689e+305 1.61445e+305 -1.03724e+305 6.44749e+304 -3.71576e+304 1.69307e+304 0
0.0412 0 -6.05782e+305 1.32821e+306 -2.30134e+306 3.69577e+306 -5.74137e+306 8.75543e+306 -1.31784e+307 1.96194e+307 -2.89138e+307 4.21957e+307 -6.09869e+307 8.73049e+307 -1.23792e+308 inf -inf inf -inf inf -inf inf -inf inf -inf inf -nan -nan -nan -nan -nan -nan -nan -nan -nan -nan -nan -nan -nan -nan -nan -nan -nan -nan -nan -nan -nan -nan -nan -nan -nan -nan -nan -nan -nan -nan -nan -nan -nan -nan -nan -nan -nan -nan -nan -nan -nan -nan -nan -nan -nan -nan -nan -nan -nan -nan -nan inf -inf inf -inf inf -inf inf -inf inf -inf inf -1.23792e+308 8.73049e+307 -6.09869e+307 4.21957e+307 -2.89138e+307 1.96194e+307 -1.31784e+307 8.75543e+306 -5.74137e+306 3.69577e+306 -2.30134e+306 1.32821e+306 -6.05782e+305 0
0.0414 0 2.16633e+307 -4.74526e+307 8.21016e+307 -1.3162e+308 inf -inf inf -inf inf -inf inf -inf -nan -nan -nan -nan -nan -nan -nan -nan -nan -nan -nan -nan -nan -nan -nan -nan -nan -nan -nan -nan -nan -nan -nan -nan -nan -nan -nan -nan -nan -nan -nan -nan -nan -nan -nan -nan -nan -nan -nan -nan -nan -nan -nan -nan -nan -nan -nan -nan -nan -nan -nan -nan -nan -nan -nan -nan -nan -nan -nan -nan -nan -nan -nan -nan -nan -nan -nan -nan -nan -nan -nan -nan -nan -nan -nan -inf inf -inf inf -inf inf -inf inf -1.3162e+308 8.21016e+307 -4.74526e+307 2.16633e+307 0
0.0416 0 -inf inf -inf -nan -nan -nan -nan -nan -nan -nan -nan -nan -nan -nan -nan -nan -nan -nan -nan -nan -nan -nan -nan -nan -nan -nan -nan -nan -nan -nan -nan -nan -nan -nan -nan -nan -nan -nan -nan -nan -nan -nan -nan -nan -nan -nan -nan -nan -nan -nan -nan -nan -nan -nan -nan -nan -nan -nan -nan -nan -nan -nan -nan -nan -nan -nan -nan -nan -nan -nan -nan -nan -nan -nan -nan -nan -nan -nan -nan -nan -nan -nan -nan -nan -nan -nan -nan -nan -nan -nan -nan -nan -nan -nan -nan -nan -inf inf -inf 0
0.0418 0 -nan -nan -nan -nan -nan -nan -nan -nan -nan -nan -nan -nan -nan -nan -nan -nan -nan -nan -nan -nan -nan -nan -nan -nan -nan -nan -nan -nan -nan -nan -nan -nan -nan -nan -nan -nan -nan -nan -nan -nan -nan -nan -nan -nan -nan -nan -nan -nan -nan -nan -nan -nan -nan -nan -nan -nan -nan -nan -nan -nan -nan -nan -nan -nan -nan -nan -nan -nan -nan -nan -nan -nan -nan -nan -nan -nan -nan -nan -nan -nan -nan -nan -nan -nan -nan -nan -nan -nan -nan -nan -nan -nan -nan -nan -nan -nan -nan -nan -nan 0
0.042 0 -nan -nan -nan -nan -nan -nan -nan -nan -nan -nan -nan -nan -nan -nan -nan -nan -nan -nan -nan -nan -nan -nan -nan -nan -nan -nan -nan -nan -nan -nan -nan -nan -nan -nan -nan -nan -nan -nan -nan -nan -nan -nan -nan -nan -nan -nan -nan -nan -nan -nan -nan -nan -nan -nan -nan -nan -nan -nan -nan -nan -nan -nan -nan -nan -nan -nan -nan -nan -nan -nan -nan -nan -nan -nan -nan -nan -nan -nan -nan -nan -nan -nan -nan -nan -nan -nan -nan -nan -nan -nan -nan -nan -nan -nan -nan -nan -nan -nan -nan 0
0.0422 0 -nan -nan -nan -nan -nan -nan -nan -nan -nan -nan -nan -nan -nan -nan -nan -nan -nan -nan -nan -nan -nan -nan -nan -nan -nan -nan -nan -nan -nan -nan -nan -nan -nan -nan -nan -nan -nan -nan -nan -nan -nan -nan -nan -nan -nan -nan -nan -nan -nan -nan -nan -nan -nan -nan -nan -nan -nan -nan -nan -nan -nan -nan -nan -nan -nan -nan -nan -nan -nan -nan -nan -nan -nan -nan -nan -nan -nan -nan -nan -nan -nan -nan -nan -nan -nan -nan -nan -nan -nan -nan -nan -nan -nan -nan -nan -nan -nan -nan -nan 0
0.0424 0 -nan -nan -nan -nan -nan -nan -nan -nan -nan -nan -nan -nan -nan -nan -nan -nan -nan -nan -nan -nan -nan -nan -nan -nan -nan -nan -nan -nan -nan -nan -nan -nan -nan -nan -nan -nan -nan -nan -nan -nan -nan -nan -nan -nan -nan -nan -nan -nan -nan -nan -nan -nan -nan -nan -nan -nan -nan -nan -nan -nan -nan -nan -nan -nan -nan -nan -nan -nan -nan -nan -nan -nan -nan -nan -nan -nan -nan -nan -nan -nan -nan -nan -nan -nan -nan -nan -nan -nan -nan -nan -nan -nan -nan -nan -nan -nan -nan -nan -nan 0
0.0426 0 -nan -nan -nan -nan -nan -nan -nan -nan -nan -nan -nan -nan -nan -nan -nan -nan -nan -nan -nan -nan -nan -nan -nan -nan -nan -nan -nan -nan -nan -nan -nan -nan -nan -nan -nan -nan -nan -nan -nan -nan -nan -nan -nan -nan -nan -nan -nan -nan -nan -nan -nan -nan -nan -nan -nan -nan -nan -nan -nan -nan -nan -nan -nan -nan -nan -nan -nan -nan -nan -nan -nan -nan -nan -nan -nan -nan -nan -nan -nan -nan -nan -nan -nan -nan -nan -nan -nan -nan -nan -nan -nan -nan -nan -nan -nan -nan -nan -nan -nan 0
0.0428 0 -nan -nan -nan -nan -nan -nan -nan -nan -nan -nan -nan -nan -nan -nan -nan -nan -nan -nan -nan -nan -nan -nan -nan -nan -nan -nan -nan -nan -nan -nan -nan -nan -nan -nan -nan -nan -nan -nan -nan -nan -nan -nan -nan -nan -nan -nan -nan -nan -nan -nan -nan -nan -nan -nan -nan -nan -nan -nan -nan -nan -nan -nan -nan -nan -nan -nan -nan -nan -nan -nan -nan -nan -nan -nan -nan -nan -nan -nan -nan -nan -nan -nan -nan -nan -nan -nan -nan -nan -nan -nan -nan -nan -nan -nan -nan -nan -nan -nan -nan 0
0.043 0 -nan -nan -nan -nan -nan -nan -nan -nan -nan -nan -nan -nan -nan -nan -nan -nan -nan -nan -nan -nan -nan -nan -nan -nan -nan -nan -nan -nan -nan -nan -nan -nan -nan -nan -nan -nan -nan -nan -nan -nan -nan -nan -nan -nan -nan -nan -nan -nan -nan -nan -nan -nan -nan -nan -nan -nan -nan -nan -nan -nan -nan -nan -nan -nan -nan -nan -nan -nan -nan -nan -nan -nan -nan -nan -nan -nan -nan -nan -nan -nan -nan -nan -nan -nan -nan -nan -nan -nan -nan -nan -nan -nan -nan -nan -nan -nan -nan -nan -nan 0
0.0432 0 -nan -nan -nan -nan -nan -nan -nan -nan -nan -nan -nan -nan -nan -nan -nan -nan -nan -nan -nan -nan -nan -nan -nan -nan -nan -nan -nan -nan -nan -nan -nan -nan -nan -nan -nan -nan -nan -nan -nan -nan -nan -nan -nan -nan -nan -nan -nan -nan -nan -nan -nan -nan -nan -nan -nan -nan -nan -nan -nan -nan -nan -nan -nan -nan -nan -nan -nan -nan -nan -nan -nan -nan -nan -nan -nan -nan -nan -nan -nan -nan -nan -nan -nan -nan -nan -nan -nan -nan -nan -nan -nan -nan -nan -nan -nan -nan -nan -nan -nan 0
0.0434 0 -nan -nan -nan -nan -nan -nan -nan -nan -nan -nan -nan -nan -nan -nan -nan -nan -nan -nan -nan -nan -nan -nan -nan -nan -nan -nan -nan -nan -nan -nan -nan -nan -nan -nan -nan -nan -nan -nan -nan -nan -nan -nan -nan -nan -nan -nan -nan -nan -nan -nan -nan -nan -nan -nan -nan -nan -nan -nan -nan -nan -nan -nan -nan -nan -nan -nan -nan -nan -nan -nan -nan -nan -nan -nan -nan -nan -nan -nan -nan -nan -nan -nan -nan -nan -nan -nan -nan -nan -nan -nan -nan -nan -nan -nan -nan -nan -nan -nan -nan 0
0.0436 0 -nan -nan -nan -nan -nan -nan -nan -nan -nan -nan -nan -nan -nan -nan -nan -nan -nan -nan -nan -nan -nan -nan -nan -nan -nan -nan -nan -nan -nan -nan -nan -nan -nan -nan -nan -nan -nan -nan -nan -nan -nan -nan -nan -nan -nan -nan -nan -nan -nan -nan -nan -nan -nan -nan -nan -nan -nan -nan -nan -nan -nan -nan -nan -nan -nan -nan -nan -nan -nan -nan -nan -nan -nan -nan -nan -nan -nan -nan -nan -nan -nan -nan -nan -nan -nan -nan -nan -nan -nan -nan -nan -nan -nan -nan -nan -nan -nan -nan -nan 0
0.0438 0 -nan -nan -nan -nan -nan -nan -nan -nan -nan -nan -nan -nan -nan -nan -nan -nan -nan -nan -nan -nan -nan -nan -nan -nan -nan -nan -nan -nan -nan -nan -nan -nan -nan -nan -nan -nan -nan -nan -nan -nan -nan -nan -nan -nan -nan -nan -nan -nan -nan -nan -nan -nan -nan -nan -nan -nan -nan -nan -nan -nan -nan -nan -nan -nan -nan -nan -nan -nan -nan -nan -nan -nan -nan -nan -nan -nan -nan -nan -nan -nan -nan -nan -nan -nan -nan -nan -nan -nan -nan -nan -nan -nan -nan -nan -nan -nan -nan -nan -nan 0
0.044 0 -nan -nan -nan -nan -nan -nan -nan -nan -nan -nan -nan -nan -nan -nan -nan -nan -nan -nan -nan -nan -nan -nan -nan -nan -nan -nan -nan -nan -nan -nan -nan -nan -nan -nan -nan -nan -nan -nan -nan -nan -nan -nan -nan -nan -nan -nan -nan -nan -nan -nan -nan -nan -nan -nan -nan -nan -nan -nan -nan -nan -nan -nan -nan -nan -nan -nan -nan -nan -nan -nan -nan -nan -nan -nan -nan -nan -nan -nan -nan -nan -nan -nan -nan -nan -nan -nan -nan -nan -nan -nan -nan -nan -nan -nan -nan -nan -nan -nan -nan 0
0.0442 0 -nan -nan -nan -nan -nan -nan -nan -nan -nan -nan -nan -nan -nan -nan -nan -nan -nan -nan -nan -nan -nan -nan -nan -nan -nan -nan -nan -nan -nan -nan -nan -nan -nan -nan -nan -nan -nan -nan -nan -nan -nan -nan -nan -nan -nan -nan -nan -nan -nan -nan -nan -nan -nan -nan -nan -nan -nan -nan -nan -nan -nan -nan -nan -nan -nan -nan -nan -nan -nan -nan -nan -nan -nan -nan -nan -nan -nan -nan -nan -nan -nan -nan -nan -nan -nan -nan -nan -nan -nan -nan -nan -nan -nan -nan -nan -nan -nan -nan -nan 0
0.0444 0 -nan -nan -nan -nan -nan -nan -nan -nan -nan -nan -nan -nan -nan -nan -nan -nan -nan -nan -nan -nan -nan -nan -nan -nan -nan -nan -nan -nan -nan -nan -nan -nan -nan -nan -nan -nan -nan -nan -nan -nan -nan -nan -nan -nan -nan -nan -nan -nan -nan -nan -nan -nan -nan -nan -nan -nan -nan -nan -nan -nan -nan -nan -nan -nan -nan -nan -nan -nan -nan -nan -nan -nan -nan -nan -nan -nan -nan -nan -nan -nan -nan -nan -nan -nan -nan -nan -nan -nan -nan -nan -nan -nan -nan -nan -nan -nan -nan -nan -nan 0
0.0446 0 -nan -nan -nan -nan -nan -nan -nan -nan -nan -nan -nan -nan -nan -nan -nan -nan -nan -nan -nan -nan -nan -nan -nan -nan -nan -nan -nan -nan -nan -nan -nan -nan -nan -nan -nan -nan -nan -nan -nan -nan -nan -nan -nan -nan -nan -nan -nan -nan -nan -nan -nan -nan -nan -nan -nan -nan -nan -nan -nan -nan -nan -nan -nan -nan -nan -nan -nan -nan -nan -nan -nan -nan -nan -nan -nan -nan -nan -nan -nan -nan -nan -nan -nan -nan -nan -nan -nan -nan -nan -nan -nan -nan -nan -nan -nan -nan -nan -nan -nan 0
0.0448 0 -nan -nan -nan -nan -nan -nan -nan -nan -nan -nan -nan -nan -nan -nan -nan -nan -nan -nan -nan -nan -nan -nan -nan -nan -nan -nan -nan -nan -nan -nan -nan -nan -nan -nan -nan -nan -nan -nan -nan -nan -nan -nan -nan -nan -nan -nan -nan -nan -nan -nan -nan -nan -nan -nan -nan -nan -nan -nan -nan -nan -nan -nan -nan -nan -nan -nan -nan -nan -nan -nan -nan -nan -nan -nan -nan -nan -nan -nan -nan -nan -nan -nan -nan -nan -nan -nan -nan -nan -nan -nan -nan -nan -nan -nan -nan -nan -nan -nan -nan 0
0.045 0 -nan -nan -nan -nan -nan -nan -nan -nan -nan -nan -nan -nan -nan -nan -nan -nan -nan -nan -nan -nan -nan -nan -nan -nan -nan -nan -nan -nan -nan -nan -nan -nan -nan -nan -nan -nan -nan -nan -nan -nan -nan -nan -nan -nan -nan -nan -nan -nan -nan -nan -nan -nan -nan -nan -nan -nan -nan -nan -nan -nan -nan -nan -nan -nan -nan -nan -nan -nan -nan -nan -nan -nan -nan -nan -nan -nan -nan -nan -nan -nan -nan -nan -nan -nan -nan -nan -nan -nan -nan -nan -nan -nan -nan -nan -nan -nan -nan -nan -nan 0
0.0452 0 -nan -nan -nan -nan -nan -nan -nan -nan -nan -nan -nan -nan -nan -nan -nan -nan -nan -nan -nan -nan -nan -nan -nan -nan -nan -nan -nan -nan -nan -nan -nan -nan -nan -nan -nan -nan -nan -nan -nan -nan -nan -nan -nan -nan -nan -nan -nan -nan -nan -nan -nan -nan -nan -nan -nan -nan -nan -nan -nan -nan -nan -nan -nan -nan -nan -nan -nan -nan -nan -nan -nan -nan -nan -nan -nan -nan -nan -nan -nan -nan -nan -nan -nan -nan -nan -nan -nan -nan -nan -nan -nan -nan -nan -nan -nan -nan -nan -nan -nan 0
0.0454 0 -nan -nan -nan -nan -nan -nan -nan -nan -nan -nan -nan -nan -nan -nan -nan -nan -nan -nan -nan -nan -nan -nan -nan -nan -nan -nan -nan -nan -nan -nan -nan -nan -nan -nan -nan -nan -nan -nan -nan -nan -nan -nan -nan -nan -nan -nan -nan -nan -nan -nan -nan -nan -nan -nan -nan -nan -nan -nan -nan -nan -nan -nan -nan -nan -nan -nan -nan -nan -nan -nan -nan -nan -nan -nan -nan -nan -nan -nan -nan -nan -nan -nan -nan -nan -nan -nan -nan -nan -nan -nan -nan -nan -nan -nan -nan -nan -nan -nan -nan 0
0.0456 0 -nan -nan -nan -nan -nan -nan -nan -nan -nan -nan -nan -nan -nan -nan -nan -nan -nan -nan -nan -nan -nan -nan -nan -nan -nan -nan -nan -nan -nan -nan -nan -nan -nan -nan -nan -nan -nan -nan -nan -nan -nan -nan -nan -nan -nan -nan -nan -nan -nan -nan -nan -nan -nan -nan -nan -nan -nan -nan -nan -nan -nan -nan -nan -nan -nan -nan -nan -nan -nan -nan -nan -nan -nan -nan -nan -nan -nan -nan -nan -nan -nan -nan -nan -nan -nan -nan -nan -nan -nan -nan -nan -nan -nan -nan -nan -nan -nan -nan -nan 0
0.0458 0 -nan -nan -nan -nan -nan -nan -nan -nan -nan -nan -nan -nan -nan -nan -nan -nan -nan -nan -nan -nan -nan -nan -nan -nan -nan -nan -nan -nan -nan -nan -nan -nan -nan -nan -nan -nan -nan -nan -nan -nan -nan -nan -nan -nan -nan -nan -nan -nan -nan -nan -nan -nan -nan -nan -nan -nan -nan -nan -nan -nan -nan -nan -nan -nan -nan -nan -nan -nan -nan -nan -nan -nan -nan -nan -nan -nan -nan -nan -nan -nan -nan -nan -nan -nan -nan -nan -nan -nan -nan -nan -nan -nan -nan -nan -nan -nan -nan -nan -nan 0
0.046 0 -nan -nan -nan -nan -nan -nan -nan -nan -nan -nan -nan -nan -nan -nan -nan -nan -nan -nan -nan -nan -nan -nan -nan -nan -nan -nan -nan -nan -nan -nan -nan -nan -nan -nan -nan -nan -nan -nan -nan -nan -nan -nan -nan -nan -nan -nan -nan -nan -nan -nan -nan -nan -nan -nan -nan -nan -nan -nan -nan -nan -nan -nan -nan -nan -nan -nan -nan -nan -nan -nan -nan -nan -nan -nan -nan -nan -nan -nan -nan -nan -nan -nan -nan -nan -nan -nan -nan -nan -nan -nan -nan -nan -nan -nan -nan -nan -nan -nan -nan 0
0.0462 0 -nan -nan -nan -nan -nan -nan -nan -nan -nan -nan -nan -nan -nan -nan -nan -nan -nan -nan -nan -nan -nan -nan -nan -nan -nan -nan -nan -nan -nan -nan -nan -nan -nan -nan -nan -nan -nan -nan -nan -nan -nan -nan -nan -nan -nan -nan -nan -nan -nan -nan -nan -nan -nan -nan -nan -nan -nan -nan -nan -nan -nan -nan -nan -nan -nan -nan -nan -nan -nan -nan -nan -nan -nan -nan -nan -nan -nan -nan -nan -nan -nan -nan -nan -nan -nan -nan -nan -nan -nan -nan -nan -nan -nan -nan -nan -nan -nan -nan -nan 0
0.0464 0 -nan -nan -nan -nan -nan -nan -nan -nan -nan -nan -nan -nan -nan -nan -nan -nan -nan -nan -nan -nan -nan -nan -nan -nan -nan -nan -nan -nan -nan -nan -nan -nan -nan -nan -nan -nan -nan -nan -nan -nan -nan -nan -nan -nan -nan -nan -nan -nan -nan -nan -nan -nan -nan -nan -nan -nan -nan -nan -nan -nan -nan -nan -nan -nan -nan -nan -nan -nan -nan -nan -nan -nan -nan -nan -nan -nan -nan -nan -nan -nan -nan -nan -nan -nan -nan -nan -nan -nan -nan -nan -nan -nan -nan -nan -nan -nan -nan -nan -nan 0
0.0466 0 -nan -nan -nan -nan -nan -nan -nan -nan -nan -nan -nan -nan -nan -nan -nan -nan -nan -nan -nan -nan -nan -nan -nan -nan -nan -nan -nan -nan -nan -nan -nan -nan -nan -nan -nan -nan -nan -nan -nan -nan -nan -nan -nan -nan -nan -nan -nan -nan -nan -nan -nan -nan -nan -nan -nan -nan -nan -nan -nan -nan -nan -nan -nan -nan -nan -nan -nan -nan -nan -nan -nan -nan -nan -nan -nan -nan -nan -nan -nan -nan -nan -nan -nan -nan -nan -nan -nan -nan -nan -nan -nan -nan -nan -nan -nan -nan -nan -nan -nan 0
0.0468 0 -nan -nan -nan -nan -nan -nan -nan -nan -nan -nan -nan -nan -nan -nan -nan -nan -nan -nan -nan -nan -nan -nan -nan -nan -nan -nan -nan -nan -nan -nan -nan -nan -nan -nan -nan -nan -nan -nan -nan -nan -nan -nan -nan -nan -nan -nan -nan -nan -nan -nan -nan -nan -nan -nan -nan -nan -nan -nan -nan -nan -nan -nan -nan -nan -nan -nan -nan -nan -nan -nan -nan -nan -nan -nan -nan -nan -nan -nan -nan -nan -nan -nan -nan -nan -nan -nan -nan -nan -nan -nan -nan -nan -nan -nan -nan -nan -nan -nan -nan 0
0.047 0 -nan -nan -nan -nan -nan -nan -nan -nan -nan -nan -nan -nan -nan -nan -nan -nan -nan -nan -nan -nan -nan -nan -nan -nan -nan -nan -nan -nan -nan -nan -nan -nan -nan -nan -nan -nan -nan -nan -nan -nan -nan -nan -nan -nan -nan -nan -nan -nan -nan -nan -nan -nan -nan -nan -nan -nan -nan -nan -nan -nan -nan -nan -nan -nan -nan -nan -nan -nan -nan -nan -nan -nan -nan -nan -nan -nan -nan -nan -nan -nan -nan -nan -nan -nan -nan -nan -nan -nan -nan -nan -nan -nan -nan -nan -nan -nan -nan -nan -nan 0
0.0472 0 -nan -nan -nan -nan -nan -nan -nan -nan -nan -nan -nan -nan -nan -nan -nan -nan -nan -nan -nan -nan -nan -nan -nan -nan -nan -nan -nan -nan -nan -nan -nan -nan -nan -nan -nan -nan -nan -nan -nan -nan -nan -nan -nan -nan -nan -nan -nan -nan -nan -nan -nan -nan -nan -nan -nan -nan -nan -nan -nan -nan -nan -nan -nan -nan -nan -nan -nan -nan -nan -nan -nan -nan -nan -nan -nan -nan -nan -nan -nan -nan -nan -nan -nan -nan -nan -nan -nan -nan -nan -nan -nan -nan -nan -nan -nan -nan -nan -nan -nan 0
0.0474 0 -nan -nan -nan -nan -nan -nan -nan -nan -nan -nan -nan -nan -nan -nan -nan -nan -nan -nan -nan -nan -nan -nan -nan -nan -nan -nan -nan -nan -nan -nan -nan -nan -nan -nan -nan -nan -nan -nan -nan -nan -nan -nan -nan -nan -nan -nan -nan -nan -nan -nan -nan -nan -nan -nan -nan -nan -nan -nan -nan -nan -nan -nan -nan -nan -nan -nan -nan -nan -nan -nan -nan -nan -nan -nan -nan -nan -nan -nan -nan -nan -nan -nan -nan -nan -nan -nan -nan -nan -nan -nan -nan -nan -nan -nan -nan -nan -nan -nan -nan 0
0.0476 0 -nan -nan -nan -nan -nan -nan -nan -nan -nan -nan -nan -nan -nan -nan -nan -nan -nan -nan -nan -nan -nan -nan -nan -nan -nan -nan -nan -nan -nan -nan -nan -nan -nan -nan -nan -nan -nan -nan -nan -nan -nan -nan -nan -nan -nan -nan -nan -nan -nan -nan -nan -nan -nan -nan -nan -nan -nan -nan -nan -nan -nan -nan -nan -nan -nan -nan -nan -nan -nan -nan -nan -nan -nan -nan -nan -nan -nan -nan -nan -nan -nan -nan -nan -nan -nan -nan -nan -nan -nan -nan -nan -nan -nan -nan -nan -nan -nan -nan -nan 0
0.0478 0 -nan -nan -nan -nan -nan -nan -nan -nan -nan -nan -nan -nan -nan -nan -nan -nan -nan -nan -nan -nan -nan -nan -nan -nan -nan -nan -nan -nan -nan -nan -nan -nan -nan -nan -nan -nan -nan -nan -nan -nan -nan -nan -nan -nan -nan -nan -nan -nan -nan -nan -nan -nan -nan -nan -nan -nan -nan -nan -nan -nan -nan -nan -nan -nan -nan -nan -nan -nan -nan -nan -nan -nan -nan -nan -nan -nan -nan -nan -nan -nan -nan -nan -nan -nan -nan -nan -nan -nan -nan -nan -nan -nan -nan -nan -nan -nan -nan -nan -nan 0
0.048 0 -nan -nan -nan -nan -nan -nan -nan -nan -nan -nan -nan -nan -nan -nan -nan -nan -nan -nan -nan -nan -nan -nan -nan -nan -nan -nan -nan -nan -nan -nan -nan -nan -nan -nan -nan -nan -nan -nan -nan -nan -nan -nan -nan -nan -nan -nan -nan -nan -nan -nan -nan -nan -nan -nan -nan -nan -nan -nan -nan -nan -nan -nan -nan -nan -nan -nan -nan -nan -nan -nan -nan -nan -nan -nan -nan -nan -nan -nan -nan -nan -nan -nan -nan -nan -nan -nan -nan -nan -nan -nan -nan -nan -nan -nan -nan -nan -nan -nan -nan 0
0.0482 0 -nan -nan -nan -nan -nan -nan -nan -nan -nan -nan -nan -nan -nan -nan -nan -nan -nan -nan -nan -nan -nan -nan -nan -nan -nan -nan -nan -nan -nan -nan -nan -nan -nan -nan -nan -nan -nan -nan -nan -nan -nan -nan -nan -nan -nan -nan -nan -nan -nan -nan -nan -nan -nan -nan -nan -nan -nan -nan -nan -nan -nan -nan -nan -nan -nan -nan -nan -nan -nan -nan -nan -nan -nan -nan -nan -nan -nan -nan -nan -nan -nan -nan -nan -nan -nan -nan -nan -nan -nan -nan -nan -nan -nan -nan -nan -nan -nan -nan -nan 0
0.0484 0 -nan -nan -nan -nan -nan -nan -nan -nan -nan -nan -nan -nan -nan -nan -nan -nan -nan -nan -nan -nan -nan -nan -nan -nan -nan -nan -nan -nan -nan -nan -nan -nan -nan -nan -nan -nan -nan -nan -nan -nan -nan -nan -nan -nan -nan -nan -nan -nan -nan -nan -nan -nan -nan -nan -nan -nan -nan -nan -nan -nan -nan -nan -nan -nan -nan -nan -nan -nan -nan -nan -nan -nan -nan -nan -nan -nan -nan -nan -nan -nan -nan -nan -nan -nan -nan -nan -nan -nan -nan -nan -nan -nan -nan -nan -nan -nan -nan -nan -nan 0
0.0486 0 -nan -nan -nan -nan -nan -nan -nan -nan -nan -nan -nan -nan -nan -nan -nan -nan -nan -nan -nan -nan -nan -nan -nan -nan -nan -nan -nan -nan -nan -nan -nan -nan -nan -nan -nan -nan -nan -nan -nan -nan -nan -nan -nan -nan -nan -nan -nan -nan -nan -nan -nan -nan -nan -nan -nan -nan -nan -nan -nan -nan -nan -nan -nan -nan -nan -nan -nan -nan -nan -nan -nan -nan -nan -nan -nan -nan -nan -nan -nan -nan -nan -nan -nan -nan -nan -nan -nan -nan -nan -nan -nan -nan -nan -nan -nan -nan -nan -nan -nan 0
0.0488 0 -nan -nan -nan -nan -nan -nan -nan -nan -nan -nan -nan -nan -nan -nan -nan -nan -nan -nan -nan -nan -nan -nan -nan -nan -nan -nan -nan -nan -nan -nan -nan -nan -nan -nan -nan -nan -nan -nan -nan -nan -nan -nan -nan -nan -nan -nan -nan -nan -nan -nan -nan -nan -nan -nan -nan -nan -nan -nan -nan -nan -nan -nan -nan -nan -nan -nan -nan -nan -nan -nan -nan -nan -nan -nan -nan -nan -nan -nan -nan -nan -nan -nan -nan -nan -nan -nan -nan -nan -nan -nan -nan -nan -nan -nan -nan -nan -nan -nan -nan 0
0.049 0 -nan -nan -nan -nan -nan -nan -nan -nan -nan -nan -nan -nan -nan -nan -nan -nan -nan -nan -nan -nan -nan -nan -nan -nan -nan -nan -nan -nan -nan -nan -nan -nan -nan -nan -nan -nan -nan -nan -nan -nan -nan -nan -nan -nan -nan -nan -nan -nan -nan -nan -nan -nan -nan -nan -nan -nan -nan -nan -nan -nan -nan -nan -nan -nan -nan -nan -nan -nan -nan -nan -nan -nan -nan -nan -nan -nan -nan -nan -nan -nan -nan -nan -nan -nan -nan -nan -nan -nan -nan -nan -nan -nan -nan -nan -nan -nan -nan -nan -nan 0
0.0492 0 -nan -nan -nan -nan -nan -nan -nan -nan -nan -nan -nan -nan -nan -nan -nan -nan -nan -nan -nan -nan -nan -nan -nan -nan -nan -nan -nan -nan -nan -nan -nan -nan -nan -nan -nan -nan -nan -nan -nan -nan -nan -nan -nan -nan -nan -nan -nan -nan -nan -nan -nan -nan -nan -nan -nan -nan -nan -nan -nan -nan -nan -nan -nan -nan -nan -nan -nan -nan -nan -nan -nan -nan -nan -nan -nan -nan -nan -nan -nan -nan -nan -nan -nan -nan -nan -nan -nan -nan -nan -nan -nan -nan -nan -nan -nan -nan -nan -nan -nan 0
0.0494 0 -nan -nan -nan -nan -nan -nan -nan -nan -nan -nan -nan -nan -nan -nan -nan -nan -nan -nan -nan -nan -nan -nan -nan -nan -nan -nan -nan -nan -nan -nan -nan -nan -nan -nan -nan -nan -nan -nan -nan -nan -nan -nan -nan -nan -nan -nan -nan -nan -nan -nan -nan -nan -nan -nan -nan -nan -nan -nan -nan -nan -nan -nan -nan -nan -nan -nan -nan -nan -nan -nan -nan -nan -nan -nan -nan -nan -nan -nan -nan -nan -nan -nan -nan -nan -nan -nan -nan -nan -nan -nan -nan -nan -nan -nan -nan -nan -nan -nan -nan 0
0.0496 0 -nan -nan -nan -nan -nan -nan -nan -nan -nan -nan -nan -nan -nan -nan -nan -nan -nan -nan -nan -nan -nan -nan -nan -nan -nan -nan -nan -nan -nan -nan -nan -nan -nan -nan -nan -nan -nan -nan -nan -nan -nan -nan -nan -nan -nan -nan -nan -nan -nan -nan -nan -nan -nan -nan -nan -nan -nan -nan -nan -nan -nan -nan -nan -nan -nan -nan -nan -nan -nan -nan -nan -nan -nan -nan -nan -nan -nan -nan -nan -nan -nan -nan -nan -nan -nan -nan -nan -nan -nan -nan -nan -nan -nan -nan -nan -nan -nan -nan -nan 0
0.0498 0 -nan -nan -nan -nan -nan -nan -nan -nan -nan -nan -nan -nan -nan -nan -nan -nan -nan -nan -nan -nan -nan -nan -nan -nan -nan -nan -nan -nan -nan -nan -nan -nan -nan -nan -nan -nan -nan -nan -nan -nan -nan -nan -nan -nan -nan -nan -nan -nan -nan -nan -nan -nan -nan -nan -nan -nan -nan -nan -nan -nan -nan -nan -nan -nan -nan -nan -nan -nan -nan -nan -nan -nan -nan -nan -nan -nan -nan -nan -nan -nan -nan -nan -nan -nan -nan -nan -nan -nan -nan -nan -nan -nan -nan -nan -nan -nan -nan -nan -nan 0
0.05 0 -nan -nan -nan -nan -nan -nan -nan -nan -nan -nan -nan -nan -nan -nan -nan -nan -nan -nan -nan -nan -nan -nan -nan -nan -nan -nan -nan -nan -nan -nan -nan -nan -nan -nan -nan -nan -nan -nan -nan -nan -nan -nan -nan -nan -nan -nan -nan -nan -nan -nan -nan -nan -nan -nan -nan -nan -nan -nan -nan -nan -nan -nan -nan -nan -nan -nan -nan -nan -nan -nan -nan -nan -nan -nan -nan -nan -nan -nan -nan -nan -nan -nan -nan -nan -nan -nan -nan -nan -nan -nan -nan -nan -nan -nan -nan -nan -nan -nan -nan 0
0.0502 0 -nan -nan -nan -nan -nan -nan -nan -nan -nan -nan -nan -nan -nan -nan -nan -nan -nan -nan -nan -nan -nan -nan -nan -nan -nan -nan -nan -nan -nan -nan -nan -nan -nan -nan -nan -nan -nan -nan -nan -nan -nan -nan -nan -nan -nan -nan -nan -nan -nan -nan -nan -nan -nan -nan -nan -nan -nan -nan -nan -nan -nan -nan -nan -nan -nan -nan -nan -nan -nan -nan -nan -nan -nan -nan -nan -nan -nan -nan -nan -nan -nan -nan -nan -nan -nan -nan -nan -nan -nan -nan -nan -nan -nan -nan -nan -nan -nan -nan -nan 0
0.0504 0 -nan -nan -nan -nan -nan -nan -nan -nan -nan -nan -nan -nan -nan -nan -nan -nan -nan -nan -nan -nan -nan -nan -nan -nan -nan -nan -nan -nan -nan -nan -nan -nan -nan -nan -nan -nan -nan -nan -nan -nan -nan -nan -nan -nan -nan -nan -nan -nan -nan -nan -nan -nan -nan -nan -nan -nan -nan -nan -nan -nan -nan -nan -nan -nan -nan -nan -nan -nan -nan -nan -nan -nan -nan -nan -nan -nan -nan -nan -nan -nan -nan -nan -nan -nan -nan -nan -nan -nan -nan -nan -nan -nan -nan -nan -nan -nan -nan -nan -nan 0
0.0506 0 -nan -nan -nan -nan -nan -nan -nan -nan -nan -nan -nan -nan -nan -nan -nan -nan -nan -nan -nan -nan -nan -nan -nan -nan -nan -nan -nan -nan -nan -nan -nan -nan -nan -nan -nan -nan -nan -nan -nan -nan -nan -nan -nan -nan -nan -nan -nan -nan -nan -nan -nan -nan -nan -nan -nan -nan -nan -nan -nan -nan -nan -nan -nan -nan -nan -nan -nan -nan -nan -nan -nan -nan -nan -nan -nan -nan -nan -nan -nan -nan -nan -nan -nan -nan -nan -nan -nan -nan -nan -nan -nan -nan -nan -nan -nan -nan -nan -nan -nan 0
0.0508 0 -nan -nan -nan -nan -nan -nan -nan -nan -nan -nan -nan -nan -nan -nan -nan -nan -nan -nan -nan -nan -nan -nan -nan -nan -nan -nan -nan -nan -nan -nan -nan -nan -nan -nan -nan -nan -nan -nan -nan -nan -nan -nan -nan -nan -nan -nan -nan -nan -nan -nan -nan -nan -nan -nan -nan -nan -nan -nan -nan -nan -nan -nan -nan -nan -nan -nan -nan -nan -nan -nan -nan -nan -nan -nan -nan -nan -nan -nan -nan -nan -nan -nan -nan -nan -nan -nan -nan -nan -nan -nan -nan -nan -nan -nan -nan -nan -nan -nan -nan 0
0.051 0 -nan -nan -nan -nan -nan -nan -nan -nan -nan -nan -nan -nan -nan -nan -nan -nan -nan -nan -nan -nan -nan -nan -nan -nan -nan -nan -nan -nan -nan -nan -nan -nan -nan -nan -nan -nan -nan -nan -nan -nan -nan -nan -nan -nan -nan -nan -nan -nan -nan -nan -nan -nan -nan -nan -nan -nan -nan -nan -nan -nan -nan -nan -nan -nan -nan -nan -nan -nan -nan -nan -nan -nan -nan -nan -nan -nan -nan -nan -nan -nan -nan -nan -nan -nan -nan -nan -nan -nan -nan -nan -nan -nan -nan -nan -nan -nan -nan -nan -nan 0
0.0512 0 -nan -nan -nan -nan -nan -nan -nan -nan -nan -nan -nan -nan -nan -nan -nan -nan -nan -nan -nan -nan -nan -nan -nan -nan -nan -nan -nan -nan -nan -nan -nan -nan -nan -nan -nan -nan -nan -nan -nan -nan -nan -nan -nan -nan -nan -nan -nan -nan -nan -nan -nan -nan -nan -nan -nan -nan -nan -nan -nan -nan -nan -nan -nan -nan -nan -nan -nan -nan -nan -nan -nan -nan -nan -nan -nan -nan -nan -nan -nan -nan -nan -nan -nan -nan -nan -nan -nan -nan -nan -nan -nan -nan -nan -nan -nan -nan -nan -nan -nan 0
0.0514 0 -nan -nan -nan -nan -nan -nan -nan -nan -nan -nan -nan -nan -nan -nan -nan -nan -nan -nan -nan -nan -nan -nan -nan -nan -nan -nan -nan -nan -nan -nan -nan -nan -nan -nan -nan -nan -nan -nan -nan -nan -nan -nan -nan -nan -nan -nan -nan -nan -nan -nan -nan -nan -nan -nan -nan -nan -nan -nan -nan -nan -nan -nan -nan -nan -nan -nan -nan -nan -nan -nan -nan -nan -nan -nan -nan -nan -nan -nan -nan -nan -nan -nan -nan -nan -nan -nan -nan -nan -nan -nan -nan -nan -nan -nan -nan -nan -nan -nan -nan 0
0.0516 0 -nan -nan -nan -nan -nan -nan -nan -nan -nan -nan -nan -nan -nan -nan -nan -nan -nan -nan -nan -nan -nan -nan -nan -nan -nan -nan -nan -nan -nan -nan -nan -nan -nan -nan -nan -nan -nan -nan -nan -nan -nan -nan -nan -nan -nan -nan -nan -nan -nan -nan -nan -nan -nan -nan -nan -nan -nan -nan -nan -nan -nan -nan -nan -nan -nan -nan -nan -nan -nan -nan -nan -nan -nan -nan -nan -nan -nan -nan -nan -nan -nan -nan -nan -nan -nan -nan -nan -nan -nan -nan -nan -nan -nan -nan -nan -nan -nan -nan -nan 0
0.0518 0 -nan -nan -nan -nan -nan -nan -nan -nan -nan -nan -nan -nan -nan -nan -nan -nan -nan -nan -nan -nan -nan -nan -nan -nan -nan -nan -nan -nan -nan -nan -nan -nan -nan -nan -nan -nan -nan -nan -nan -nan -nan -nan -nan -nan -nan -nan -nan -nan -nan -nan -nan -nan -nan -nan -nan -nan -nan -nan -nan -nan -nan -nan -nan -nan -nan -nan -nan -nan -nan -nan -nan -nan -nan -nan -nan -nan -nan -nan -nan -nan -nan -nan -nan -nan -nan -nan -nan -nan -nan -nan -nan -nan -nan -nan -nan -nan -nan -nan -nan 0
0.052 0 -nan -nan -nan -nan -nan -nan -nan -nan -nan -nan -nan -nan -nan -nan -nan -nan -nan -nan -nan -nan -nan -nan -nan -nan -nan -nan -nan -nan -nan -nan -nan -nan -nan -nan -nan -nan -nan -nan -nan -nan -nan -nan -nan -nan -nan -nan -nan -nan -nan -nan -nan -nan -nan -nan -nan -nan -nan -nan -nan -nan -nan -nan -nan -nan -nan -nan -nan -nan -nan -nan -nan -nan -nan -nan -nan -nan -nan -nan -nan -nan -nan -nan -nan -nan -nan -nan -nan -nan -nan -nan -nan -nan -nan -nan -nan -nan -nan -nan -nan 0
0.0522 0 -nan -nan -nan -nan -nan -nan -nan -nan -nan -nan -nan -nan -nan -nan -nan -nan -nan -nan -nan -nan -nan -nan -nan -nan -nan -nan -nan -nan -nan -nan -nan -nan -nan -nan -nan -nan -nan -nan -nan -nan -nan -nan -nan -nan -nan -nan -nan -nan -nan -nan -nan -nan -nan -nan -nan -nan -nan -nan -nan -nan -nan -nan -nan -nan -nan -nan -nan -nan -nan -nan -nan -nan -nan -nan -nan -nan -nan -nan -nan -nan -nan -nan -nan -nan -nan -nan -nan -nan -nan -nan -nan -nan -nan -nan -nan -nan -nan -nan -nan 0
0.0524 0 -nan -nan -nan -nan -nan -nan -nan -nan -nan -nan -nan -nan -nan -nan -nan -nan -nan -nan -nan -nan -nan -nan -nan -nan -nan -nan -nan -nan -nan -nan -nan -nan -nan -nan -nan -nan -nan -nan -nan -nan -nan -nan -nan -nan -nan -nan -nan -nan -nan -nan -nan -nan -nan -nan -nan -nan -nan -nan -nan -nan -nan -nan -nan -nan -nan -nan -nan -nan -nan -nan -nan -nan -nan -nan -nan -nan -nan -nan -nan -nan -nan -nan -nan -nan -nan -nan -nan -nan -nan -nan -nan -nan -nan -nan -nan -nan -nan -nan -nan 0
0.0526 0 -nan -nan -nan -nan -nan -nan -nan -nan -nan -nan -nan -nan -nan -nan -nan -nan -nan -nan -nan -nan -nan -nan -nan -nan -nan -nan -nan -nan -nan -nan -nan -nan -nan -nan -nan -nan -nan -nan -nan -nan -nan -nan -nan -nan -nan -nan -nan -nan -nan -nan -nan -nan -nan -nan -nan -nan -nan -nan -nan -nan -nan -nan -nan -nan -nan -nan -nan -nan -nan -nan -nan -nan -nan -nan -nan -nan -nan -nan -nan -nan -nan -nan -nan -nan -nan -nan -nan -nan -nan -nan -nan -nan -nan -nan -nan -nan -nan -nan -nan 0
0.0528 0 -nan -nan -nan -nan -nan -nan -nan -nan -nan -nan -nan -nan -nan -nan -nan -nan -nan -nan -nan -nan -nan -nan -nan -nan -nan -nan -nan -nan -nan -nan -nan -nan -nan -nan -nan -nan -nan -nan -nan -nan -nan -nan -nan -nan -nan -nan -nan -nan -nan -nan -nan -nan -nan -nan -nan -nan -nan -nan -nan -nan -nan -nan -nan -nan -nan -nan -nan -nan -nan -nan -nan -nan -nan -nan -nan -nan -nan -nan -nan -nan -nan -nan -nan -nan -nan -nan -nan -nan -nan -nan -nan -nan -nan -nan -nan -nan -nan -nan -nan 0
0.053 0 -nan -nan -nan -nan -nan -nan -nan -nan -nan -nan -nan -nan -nan -nan -nan -nan -nan -nan -nan -nan -nan -nan -nan -nan -nan -nan -nan -nan -nan -nan -nan -nan -nan -nan -nan -nan -nan -nan -nan -nan -nan -nan -nan -nan -nan -nan -nan -nan -nan -nan -nan -nan -nan -nan -nan -nan -nan -nan -nan -nan -nan -nan -nan -nan -nan -nan -nan -nan -nan -nan -nan -nan -nan -nan -nan -nan -nan -nan -nan -nan -nan -nan -nan -nan -nan -nan -nan -nan -nan -nan -nan -nan -nan -nan -nan -nan -nan -nan -nan 0
0.0532 0 -nan -nan -nan -nan -nan -nan -nan -nan -nan -nan -nan -nan -nan -nan -nan -nan -nan -nan -nan -nan -nan -nan -nan -nan -nan -nan -nan -nan -nan -nan -nan -nan -nan -nan -nan -nan -nan -nan -nan -nan -nan -nan -nan -nan -nan -nan -nan -nan -nan -nan -nan -nan -nan -nan -nan -nan -nan -nan -nan -nan -nan -nan -nan -nan -nan -nan -nan -nan -nan -nan -nan -nan -nan -nan -nan -nan -nan -nan -nan -nan -nan -nan -nan -nan -nan -nan -nan -nan -nan -nan -nan -nan -nan -nan -nan -nan -nan -nan -nan 0
0.0534 0 -nan -nan -nan -nan -nan -nan -nan -nan -nan -nan -nan -nan -nan -nan -nan -nan -nan -nan -nan -nan -nan -nan -nan -nan -nan -nan -nan -nan -nan -nan -nan -nan -nan -nan -nan -nan -nan -nan -nan -nan -nan -nan -nan -nan -nan -nan -nan -nan -nan -nan -nan -nan -nan -nan -nan -nan -nan -nan -nan -nan -nan -nan -nan -nan -nan -nan -nan -nan -nan -nan -nan -nan -nan -nan -nan -nan -nan -nan -nan -nan -nan -nan -nan -nan -nan -nan -nan -nan -nan -nan -nan -nan -nan -nan -nan -nan -nan -nan -nan 0
0.0536 0 -nan -nan -nan -nan -nan -nan -nan -nan -nan -nan -nan -nan -nan -nan -nan -nan -nan -nan -nan -nan -nan -nan -nan -nan -nan -nan -nan -nan -nan -nan -nan -nan -nan -nan -nan -nan -nan -nan -nan -nan -nan -nan -nan -nan -nan -nan -nan -nan -nan -nan -nan -nan -nan -nan -nan -nan -nan -nan -nan -nan -nan -nan -nan -nan -nan -nan -nan -nan -nan -nan -nan -nan -nan -nan -nan -nan -nan -nan -nan -nan -nan -nan -nan -nan -nan -nan -nan -nan -nan -nan -nan -nan -nan -nan -nan -nan -nan -nan -nan 0
0.0538 0 -nan -nan -nan -nan -nan -nan -nan -nan -nan -nan -nan -nan -nan -nan -nan -nan -nan -nan -nan -nan -nan -nan -nan -nan -nan -nan -nan -nan -nan -nan -nan -nan -nan -nan -nan -nan -nan -nan -nan -nan -nan -nan -nan -nan -nan -nan -nan -nan -nan -nan -nan -nan -nan -nan -nan -nan -nan -nan -nan -nan -nan -nan -nan -nan -nan -nan -nan -nan -nan -nan -nan -nan -nan -nan -nan -nan -nan -nan -nan -nan -nan -nan -nan -nan -nan -nan -nan -nan -nan -nan -nan -nan -nan -nan -nan -nan -nan -nan -nan 0
0.054 0 -nan -nan -nan -nan -nan -nan -nan -nan -nan -nan -nan -nan -nan -nan -nan -nan -nan -nan -nan -nan -nan -nan -nan -nan -nan -nan -nan -nan -nan -nan -nan -nan -nan -nan -nan -nan -nan -nan -nan -nan -nan -nan -nan -nan -nan -nan -nan -nan -nan -nan -nan -nan -nan -nan -nan -nan -nan -nan -nan -nan -nan -nan -nan -nan -nan -nan -nan -nan -nan -nan -nan -nan -nan -nan -nan -nan -nan -nan -nan -nan -nan -nan -nan -nan -nan -nan -nan -nan -nan -nan -nan -nan -nan -nan -nan -nan -nan -nan -nan 0
0.0542 0 -nan -nan -nan -nan -nan -nan -nan -nan -nan -nan -nan -nan -nan -nan -nan -nan -nan -nan -nan -nan -nan -nan -nan -nan -nan -nan -nan -nan -nan -nan -nan -nan -nan -nan -nan -nan -nan -nan -nan -nan -nan -nan -nan -nan -nan -nan -nan -nan -nan -nan -nan -nan -nan -nan -nan -nan -nan -nan -nan -nan -nan -nan -nan -nan -nan -nan -nan -nan -nan -nan -nan -nan -nan -nan -nan -nan -nan -nan -nan -nan -nan -nan -nan -nan -nan -nan -nan -nan -nan -nan -nan -nan -nan -nan -nan -nan -nan -nan -nan 0
0.0544 0 -nan -nan -nan -nan -nan -nan -nan -nan -nan -nan -nan -nan -nan -nan -nan -nan -nan -nan -nan -nan -nan -nan -nan -nan -nan -nan -nan -nan -nan -nan -nan -nan -nan -nan -nan -nan -nan -nan -nan -nan -nan -nan -nan -nan -nan -nan -nan -nan -nan -nan -nan -nan -nan -nan -nan -nan -nan -nan -nan -nan -nan -nan -nan -nan -nan -nan -nan -nan -nan -nan -nan -nan -nan -nan -nan -nan -nan -nan -nan -nan -nan -nan -nan -nan -nan -nan -nan -nan -nan -nan -nan -nan -nan -nan -nan -nan -nan -nan -nan 0
0.0546 0 -nan -nan -nan -nan -nan -nan -nan -nan -nan -nan -nan -nan -nan -nan -nan -nan -nan -nan -nan -nan -nan -nan -nan -nan -nan -nan -nan -nan -nan -nan -nan -nan -nan -nan -nan -nan -nan -nan -nan -nan -nan -nan -nan -nan -nan -nan -nan -nan -nan -nan -nan -nan -nan -nan -nan -nan -nan -nan -nan -nan -nan -nan -nan -nan -nan -nan -nan -nan -nan -nan -nan -nan -nan -nan -nan -nan -nan -nan -nan -nan -nan -nan -nan -nan -nan -nan -nan -nan -nan -nan -nan -nan -nan -nan -nan -nan -nan -nan -nan 0
0.0548 0 -nan -nan -nan -nan -nan -nan -nan -nan -nan -nan -nan -nan -nan -nan -nan -nan -nan -nan -nan -nan -nan -nan -nan -nan -nan -nan -nan -nan -nan -nan -nan -nan -nan -nan -nan -nan -nan -nan -nan -nan -nan -nan -nan -nan -nan -nan -nan -nan -nan -nan -nan -nan -nan -nan -nan -nan -nan -nan -nan -nan -nan -nan -nan -nan -nan -nan -nan -nan -nan -nan -nan -nan -nan -nan -nan -nan -nan -nan -nan -nan -nan -nan -nan -nan -nan -nan -nan -nan -nan -nan -nan -nan -nan -nan -nan -nan -nan -nan -nan 0
0.055 0 -nan -nan -nan -nan -nan -nan -nan -nan -nan -nan -nan -nan -nan -nan -nan -nan -nan -nan -nan -nan -nan -nan -nan -nan -nan -nan -nan -nan -nan -nan -nan -nan -nan -nan -nan -nan -nan -nan -nan -nan -nan -nan -nan -nan -nan -nan -nan -nan -nan -nan -nan -nan -nan -nan -nan -nan -nan -nan -nan -nan -nan -nan -nan -nan -nan -nan -nan -nan -nan -nan -nan -nan -nan -nan -nan -nan -nan -nan -nan -nan -nan -nan -nan -nan -nan -nan -nan -nan -nan -nan -nan -nan -nan -nan -nan -nan -nan -nan -nan 0
0.0552 0 -nan -nan -nan -nan -nan -nan -nan -nan -nan -nan -nan -nan -nan -nan -nan -nan -nan -nan -nan -nan -nan -nan -nan -nan -nan -nan -nan -nan -nan -nan -nan -nan -nan -nan -nan -nan -nan -nan -nan -nan -nan -nan -nan -nan -nan -nan -nan -nan -nan -nan -nan -nan -nan -nan -nan -nan -nan -nan -nan -nan -nan -nan -nan -nan -nan -nan -nan -nan -nan -nan -nan -nan -nan -nan -nan -nan -nan -nan -nan -nan -nan -nan -nan -nan -nan -nan -nan -nan -nan -nan -nan -nan -nan -nan -nan -nan -nan -nan -nan 0
0.0554 0 -nan -nan -nan -nan -nan -nan -nan -nan -nan -nan -nan -nan -nan -nan -nan -nan -nan -nan -nan -nan -nan -nan -nan -nan -nan -nan -nan -nan -nan -nan -nan -nan -nan -nan -nan -nan -nan -nan -nan -nan -nan -nan -nan -nan -nan -nan -nan -nan -nan -nan -nan -nan -nan -nan -nan -nan -nan -nan -nan -nan -nan -nan -nan -nan -nan -nan -nan -nan -nan -nan -nan -nan -nan -nan -nan -nan -nan -nan -nan -nan -nan -nan -nan -nan -nan -nan -nan -nan -nan -nan -nan -nan -nan -nan -nan -nan -nan -nan -nan 0
0.0556 0 -nan -nan -nan -nan -nan -nan -nan -nan -nan -nan -nan -nan -nan -nan -nan -nan -nan -nan -nan -nan -nan -nan -nan -nan -nan -nan -nan -nan -nan -nan -nan -nan -nan -nan -nan -nan -nan -nan -nan -nan -nan -nan -nan -nan -nan -nan -nan -nan -nan -nan -nan -nan -nan -nan -nan -nan -nan -nan -nan -nan -nan -nan -nan -nan -nan -nan -nan -nan -nan -nan -nan -nan -nan -nan -nan -nan -nan -nan -nan -nan -nan -nan -nan -nan -nan -nan -nan -nan -nan -nan -nan -nan -nan -nan -nan -nan -nan -nan -nan 0
0.0558 0 -nan -nan -nan -nan -nan -nan -nan -nan -nan -nan -nan -nan -nan -nan -nan -nan -nan -nan -nan -nan -nan -nan -nan -nan -nan -nan -nan -nan -nan -nan -nan -nan -nan -nan -nan -nan -nan -nan -nan -nan -nan -nan -nan -nan -nan -nan -nan -nan -nan -nan -nan -nan -nan -nan -nan -nan -nan -nan -nan -nan -nan -nan -nan -nan -nan -nan -nan -nan -nan -nan -nan -nan -nan -nan -nan -nan -nan -nan -nan -nan -nan -nan -nan -nan -nan -nan -nan -nan -nan -nan -nan -nan -nan -nan -nan -nan -nan -nan -nan 0
0.056 0 -nan -nan -nan -nan -nan -nan -nan -nan -nan -nan -nan -nan -nan -nan -nan -nan -nan -nan -nan -nan -nan -nan -nan -nan -nan -nan -nan -nan -nan -nan -nan -nan -nan -nan -nan -nan -nan -nan -nan -nan -nan -nan -nan -nan -nan -nan -nan -nan -nan -nan -nan -nan -nan -nan -nan -nan -nan -nan -nan -nan -nan -nan -nan -nan -nan -nan -nan -nan -nan -nan -nan -nan -nan -nan -nan -nan -nan -nan -nan -nan -nan -nan -nan -nan -nan -nan -nan -nan -nan -nan -nan -nan -nan -nan -nan -nan -nan -nan -nan 0
0.0562 0 -nan -nan -nan -nan -nan -nan -nan -nan -nan -nan -nan -nan -nan -nan -nan -nan -nan -nan -nan -nan -nan -nan -nan -nan -nan -nan -nan -nan -nan -nan -nan -nan -nan -nan -nan -nan -nan -nan -nan -nan -nan -nan -nan -nan -nan -nan -nan -nan -nan -nan -nan -nan -nan -nan -nan -nan -nan -nan -nan -nan -nan -nan -nan -nan -nan -nan -nan -nan -nan -nan -nan -nan -nan -nan -nan -nan -nan -nan -nan -nan -nan -nan -nan -nan -nan -nan -nan -nan -nan -nan -nan -nan -nan -nan -nan -nan -nan -nan -nan 0
0.0564 0 -nan -nan -nan -nan -nan -nan -nan -nan -nan -nan -nan -nan -nan -nan -nan -nan -nan -nan -nan -nan -nan -nan -nan -nan -nan -nan -nan -nan -nan -nan -nan -nan -nan -nan -nan -nan -nan -nan -nan -nan -nan -nan -nan -nan -nan -nan -nan -nan -nan -nan -nan -nan -nan -nan -nan -nan -nan -nan -nan -nan -nan -nan -nan -nan -nan -nan -nan -nan -nan -nan -nan -nan -nan -nan -nan -nan -nan -nan -nan -nan -nan -nan -nan -nan -nan -nan -nan -nan -nan -nan -nan -nan -nan -nan -nan -nan -nan -nan -nan 0
0.0566 0 -nan -nan -nan -nan -nan -nan -nan -nan -nan -nan -nan -nan -nan -nan -nan -nan -nan -nan -nan -nan -nan -nan -nan -nan -nan -nan -nan -nan -nan -nan -nan -nan -nan -nan -nan -nan -nan -nan -nan -nan -nan -nan -nan -nan -nan -nan -nan -nan -nan -nan -nan -nan -nan -nan -nan -nan -nan -nan -nan -nan -nan -nan -nan -nan -nan -nan -nan -nan -nan -nan -nan -nan -nan -nan -nan -nan -nan -nan -nan -nan -nan -nan -nan -nan -nan -nan -nan -nan -nan -nan -nan -nan -nan -nan -nan -nan -nan -nan -nan 0
0.0568 0 -nan -nan -nan -nan -nan -nan -nan -nan -nan -nan -nan -nan -nan -nan -nan -nan -nan -nan -nan -nan -nan -nan -nan -nan -nan -nan -nan -nan -nan -nan -nan -nan -nan -nan -nan -nan -nan -nan -nan -nan -nan -nan -nan -nan -nan -nan -nan -nan -nan -nan -nan -nan -nan -nan -nan -nan -nan -nan -nan -nan -nan -nan -nan -nan -nan -nan -nan -nan -nan -nan -nan -nan -nan -nan -nan -nan -nan -nan -nan -nan -nan -nan -nan -nan -nan -nan -nan -nan -nan -nan -nan -nan -nan -nan -nan -nan -nan -nan -nan 0
0.057 0 -nan -nan -nan -nan -nan -nan -nan -nan -nan -nan -nan -nan -nan -nan -nan -nan -nan -nan -nan -nan -nan -nan -nan -nan -nan -nan -nan -nan -nan -nan -nan -nan -nan -nan -nan -nan -nan -nan -nan -nan -nan -nan -nan -nan -nan -nan -nan -nan -nan -nan -nan -nan -nan -nan -nan -nan -nan -nan -nan -nan -nan -nan -nan -nan -nan -nan -nan -nan -nan -nan -nan -nan -nan -nan -nan -nan -nan -nan -nan -nan -nan -nan -nan -nan -nan -nan -nan -nan -nan -nan -nan -nan -nan -nan -nan -nan -nan -nan -nan 0
0.0572 0 -nan -nan -nan -nan -nan -nan -nan -nan -nan -nan -nan -nan -nan -nan -nan -nan -nan -nan -nan -nan -nan -nan -nan -nan -nan -nan -nan -nan -nan -nan -nan -nan -nan -nan -nan -nan -nan -nan -nan -nan -nan -nan -nan -nan -nan -nan -nan -nan -nan -nan -nan -nan -nan -nan -nan -nan -nan -nan -nan -nan -nan -nan -nan -nan -nan -nan -nan -nan -nan -nan -nan -nan -nan -nan -nan -nan -nan -nan -nan -nan -nan -nan -nan -nan -nan -nan -nan -nan -nan -nan -nan -nan -nan -nan -nan -nan -nan -nan -nan 0
0.0574 0 -nan -nan -nan -nan -nan -nan -nan -nan -nan -nan -nan -nan -nan -nan -nan -nan -nan -nan -nan -nan -nan -nan -nan -nan -nan -nan -nan -nan -nan -nan -nan -nan -nan -nan -nan -nan -nan -nan -nan -nan -nan -nan -nan -nan -nan -nan -nan -nan -nan -nan -nan -nan -nan -nan -nan -nan -nan -nan -nan -nan -nan -nan -nan -nan -nan -nan -nan -nan -nan -nan -nan -nan -nan -nan -nan -nan -nan -nan -nan -nan -nan -nan -nan -nan -nan -nan -nan -nan -nan -nan -nan -nan -nan -nan -nan -nan -nan -nan -nan 0
0.0576 0 -nan -nan -nan -nan -nan -nan -nan -nan -nan -nan -nan -nan -nan -nan -nan -nan -nan -nan -nan -nan -nan -nan -nan -nan -nan -nan -nan -nan -nan -nan -nan -nan -nan -nan -nan -nan -nan -nan -nan -nan -nan -nan -nan -nan -nan -nan -nan -nan -nan -nan -nan -nan -nan -nan -nan -nan -nan -nan -nan -nan -nan -nan -nan -nan -nan -nan -nan -nan -nan -nan -nan -nan -nan -nan -nan -nan -nan -nan -nan -nan -nan -nan -nan -nan -nan -nan -nan -nan -nan -nan -nan -nan -nan -nan -nan -nan -nan -nan -nan 0
0.0578 0 -nan -nan -nan -nan -nan -nan -nan -nan -nan -nan -nan -nan -nan -nan -nan -nan -nan -nan -nan -nan -nan -nan -nan -nan -nan -nan -nan -nan -nan -nan -nan -nan -nan -nan -nan -nan -nan -nan -nan -nan -nan -nan -nan -nan -nan -nan -nan -nan -nan -nan -nan -nan -nan -nan -nan -nan -nan -nan -nan -nan -nan -nan -nan -nan -nan -nan -nan -nan -nan -nan -nan -nan -nan -nan -nan -nan -nan -nan -nan -nan -nan -nan -nan -nan -nan -nan -nan -nan -nan -nan -nan -nan -nan -nan -nan -nan -nan -nan -nan 0
0.058 0 -nan -nan -nan -nan -nan -nan -nan -nan -nan -nan -nan -nan -nan -nan -nan -nan -nan -nan -nan -nan -nan -nan -nan -nan -nan -nan -nan -nan -nan -nan -nan -nan -nan -nan -nan -nan -nan -nan -nan -nan -nan -nan -nan -nan -nan -nan -nan -nan -nan -nan -nan -nan -nan -nan -nan -nan -nan -nan -nan -nan -nan -nan -nan -nan -nan -nan -nan -nan -nan -nan -nan -nan -nan -nan -nan -nan -nan -nan -nan -nan -nan -nan -nan -nan -nan -nan -nan -nan -nan -nan -nan -nan -nan -nan -nan -nan -nan -nan -nan 0
0.0582 0 -nan -nan -nan -nan -nan -nan -nan -nan -nan -nan -nan -nan -nan -nan -nan -nan -nan -nan -nan -nan -nan -nan -nan -nan -nan -nan -nan -nan -nan -nan -nan -nan -nan -nan -nan -nan -nan -nan -nan -nan -nan -nan -nan -nan -nan -nan -nan -nan -nan -nan -nan -nan -nan -nan -nan -nan -nan -nan -nan -nan -nan -nan -nan -nan -nan -nan -nan -nan -nan -nan -nan -nan -nan -nan -nan -nan -nan -nan -nan -nan -nan -nan -nan -nan -nan -nan -nan -nan -nan -nan -nan -nan -nan -nan -nan -nan -nan -nan -nan 0
0.0584 0 -nan -nan -nan -nan -nan -nan -nan -nan -nan -nan -nan -nan -nan -nan -nan -nan -nan -nan -nan -nan -nan -nan -nan -nan -nan -nan -nan -nan -nan -nan -nan -nan -nan -nan -nan -nan -nan -nan -nan -nan -nan -nan -nan -nan -nan -nan -nan -nan -nan -nan -nan -nan -nan -nan -nan -nan -nan -nan -nan -nan -nan -nan -nan -nan -nan -nan -nan -nan -nan -nan -nan -nan -nan -nan -nan -nan -nan -nan -nan -nan -nan -nan -nan -nan -nan -nan -nan -nan -nan -nan -nan -nan -nan -nan -nan -nan -nan -nan -nan 0
0.0586 0 -nan -nan -nan -nan -nan -nan -nan -nan -nan -nan -nan -nan -nan -nan -nan -nan -nan -nan -nan -nan -nan -nan -nan -nan -nan -nan -nan -nan -nan -nan -nan -nan -nan -nan -nan -nan -nan -nan -nan -nan -nan -nan -nan -nan -nan -nan -nan -nan -nan -nan -nan -nan -nan -nan -nan -nan -nan -nan -nan -nan -nan -nan -nan -nan -nan -nan -nan -nan -nan -nan -nan -nan -nan -nan -nan -nan -nan -nan -nan -nan -nan -nan -nan -nan -nan -nan -nan -nan -nan -nan -nan -nan -nan -nan -nan -nan -nan -nan -nan 0
0.0588 0 -nan -nan -nan -nan -nan -nan -nan -nan -nan -nan -nan -nan -nan -nan -nan -nan -nan -nan -nan -nan -nan -nan -nan -nan -nan -nan -nan -nan -nan -nan -nan -nan -nan -nan -nan -nan -nan -nan -nan -nan -nan -nan -nan -nan -nan -nan -nan -nan -nan -nan -nan -nan -nan -nan -nan -nan -nan -nan -nan -nan -nan -nan -nan -nan -nan -nan -nan -nan -nan -nan -nan -nan -nan -nan -nan -nan -nan -nan -nan -nan -nan -nan -nan -nan -nan -nan -nan -nan -nan -nan -nan -nan -nan -nan -nan -nan -nan -nan -nan 0
0.059 0 -nan -nan -nan -nan -nan -nan -nan -nan -nan -nan -nan -nan -nan -nan -nan -nan -nan -nan -nan -nan -nan -nan -nan -nan -nan -nan -nan -nan -nan -nan -nan -nan -nan -nan -nan -nan -nan -nan -nan -nan -nan -nan -nan -nan -nan -nan -nan -nan -nan -nan -nan -nan -nan -nan -nan -nan -nan -nan -nan -nan -nan -nan -nan -nan -nan -nan -nan -nan -nan -nan -nan -nan -nan -nan -nan -nan -nan -nan -nan -nan -nan -nan -nan -nan -nan -nan -nan -nan -nan -nan -nan -nan -nan -nan -nan -nan -nan -nan -nan 0
0.0592 0 -nan -nan -nan -nan -nan -nan -nan -nan -nan -nan -nan -nan -nan -nan -nan -nan -nan -nan -nan -nan -nan -nan -nan -nan -nan -nan -nan -nan -nan -nan -nan -nan -nan -nan -nan -nan -nan -nan -nan -nan -nan -nan -nan -nan -nan -nan -nan -nan -nan -nan -nan -nan -nan -nan -nan -nan -nan -nan -nan -nan -nan -nan -nan -nan -nan -nan -nan -nan -nan -nan -nan -nan -nan -nan -nan -nan -nan -nan -nan -nan -nan -nan -nan -nan -nan -nan -nan -nan -nan -nan -nan -nan -nan -nan -nan -nan -nan -nan -nan 0
0.0594 0 -nan -nan -nan -nan -nan -nan -nan -nan -nan -nan -nan -nan -nan -nan -nan -nan -nan -nan -nan -nan -nan -nan -nan -nan -nan -nan -nan -nan -nan -nan -nan -nan -nan -nan -nan -nan -nan -nan -nan -nan -nan -nan -nan -nan -nan -nan -nan -nan -nan -nan -nan -nan -nan -nan -nan -nan -nan -nan -nan -nan -nan -nan -nan -nan -nan -nan -nan -nan -nan -nan -nan -nan -nan -nan -nan -nan -nan -nan -nan -nan -nan -nan -nan -nan -nan -nan -nan -nan -nan -nan -nan -nan -nan -nan -nan -nan -nan -nan -nan 0
0.0596 0 -nan -nan -nan -nan -nan -nan -nan -nan -nan -nan -nan -nan -nan -nan -nan -nan -nan -nan -nan -nan -nan -nan -nan -nan -nan -nan -nan -nan -nan -nan -nan -nan -nan -nan -nan -nan -nan -nan -nan -nan -nan -nan -nan -nan -nan -nan -nan -nan -nan -nan -nan -nan -nan -nan -nan -nan -nan -nan -nan -nan -nan -nan -nan -nan -nan -nan -nan -nan -nan -nan -nan -nan -nan -nan -nan -nan -nan -nan -nan -nan -nan -nan -nan -nan -nan -nan -nan -nan -nan -nan -nan -nan -nan -nan -nan -nan -nan -nan -nan 0
0.0598 0 -nan -nan -nan -nan -nan -nan -nan -nan -nan -nan -nan -nan -nan -nan -nan -nan -nan -nan -nan -nan -nan -nan -nan -nan -nan -nan -nan -nan -nan -nan -nan -nan -nan -nan -nan -nan -nan -nan -nan -nan -nan -nan -nan -nan -nan -nan -nan -nan -nan -nan -nan -nan -nan -nan -nan -nan -nan -nan -nan -nan -nan -nan -nan -nan -nan -nan -nan -nan -nan -nan -nan -nan -nan -nan -nan -nan -nan -nan -nan -nan -nan -nan -nan -nan -nan -nan -nan -nan -nan -nan -nan -nan -nan -nan -nan -nan -nan -nan -nan 0
0.06 0 -nan -nan -nan -nan -nan -nan -nan -nan -nan -nan -nan -nan -nan -nan -nan -nan -nan -nan -nan -nan -nan -nan -nan -nan -nan -nan -nan -nan -nan -nan -nan -nan -nan -nan -nan -nan -nan -nan -nan -nan -nan -nan -nan -nan -nan -nan -nan -nan -nan -nan -nan -nan -nan -nan -nan -nan -nan -nan -nan -nan -nan -nan -nan -nan -nan -nan -nan -nan -nan -nan -nan -nan -nan -nan -nan -nan -nan -nan -nan -nan -nan -nan -nan -nan -nan -nan -nan -nan -nan -nan -nan -nan -nan -nan -nan -nan -nan -nan -nan 0
0.0602 0 -nan -nan -nan -nan -nan -nan -nan -nan -nan -nan -nan -nan -nan -nan -nan -nan -nan -nan -nan -nan -nan -nan -nan -nan -nan -nan -nan -nan -nan -nan -nan -nan -nan -nan -nan -nan -nan -nan -nan -nan -nan -nan -nan -nan -nan -nan -nan -nan -nan -nan -nan -nan -nan -nan -nan -nan -nan -nan -nan -nan -nan -nan -nan -nan -nan -nan -nan -nan -nan -nan -nan -nan -nan -nan -nan -nan -nan -nan -nan -nan -nan -nan -nan -nan -nan -nan -nan -nan -nan -nan -nan -nan -nan -nan -nan -nan -nan -nan -nan 0
0.0604 0 -nan -nan -nan -nan -nan -nan -nan -nan -nan -nan -nan -nan -nan -nan -nan -nan -nan -nan -nan -nan -nan -nan -nan -nan -nan -nan -nan -nan -nan -nan -nan -nan -nan -nan -nan -nan -nan -nan -nan -nan -nan -nan -nan -nan -nan -nan -nan -nan -nan -nan -nan -nan -nan -nan -nan -nan -nan -nan -nan -nan -nan -nan -nan -nan -nan -nan -nan -nan -nan -nan -nan -nan -nan -nan -nan -nan -nan -nan -nan -nan -nan -nan -nan -nan -nan -nan -nan -nan -nan -nan -nan -nan -nan -nan -nan -nan -nan -nan -nan 0
0.0606 0 -nan -nan -nan -nan -nan -nan -nan -nan -nan -nan -nan -nan -nan -nan -nan -nan -nan -nan -nan -nan -nan -nan -nan -nan -nan -nan -nan -nan -nan -nan -nan -nan -nan -nan -nan -nan -nan -nan -nan -nan -nan -nan -nan -nan -nan -nan -nan -nan -nan -nan -nan -nan -nan -nan -nan -nan -nan -nan -nan -nan -nan -nan -nan -nan -nan -nan -nan -nan -nan -nan -nan -nan -nan -nan -nan -nan -nan -nan -nan -nan -nan -nan -nan -nan -nan -nan -nan -nan -nan -nan -nan -nan -nan -nan -nan -nan -nan -nan -nan 0
0.0608 0 -nan -nan -nan -nan -nan -nan -nan -nan -nan -nan -nan -nan -nan -nan -nan -nan -nan -nan -nan -nan -nan -nan -nan -nan -nan -nan -nan -nan -nan -nan -nan -nan -nan -nan -nan -nan -nan -nan -nan -nan -nan -nan -nan -nan -nan -nan -nan -nan -nan -nan -nan -nan -nan -nan -nan -nan -nan -nan -nan -nan -nan -nan -nan -nan -nan -nan -nan -nan -nan -nan -nan -nan -nan -nan -nan -nan -nan -nan -nan -nan -nan -nan -nan -nan -nan -nan -nan -nan -nan -nan -nan -nan -nan -nan -nan -nan -nan -nan -nan 0
0.061 0 -nan -nan -nan -nan -nan -nan -nan -nan -nan -nan -nan -nan -nan -nan -nan -nan -nan -nan -nan -nan -nan -nan -nan -nan -nan -nan -nan -nan -nan -nan -nan -nan -nan -nan -nan -nan -nan -nan -nan -nan -nan -nan -nan -nan -nan -nan -nan -nan -nan -nan -nan -nan -nan -nan -nan -nan -nan -nan -nan -nan -nan -nan -nan -nan -nan -nan -nan -nan -nan -nan -nan -nan -nan -nan -nan -nan -nan -nan -nan -nan -nan -nan -nan -nan -nan -nan -nan -nan -nan -nan -nan -nan -nan -nan -nan -nan -nan -nan -nan 0
0.0612 0 -nan -nan -nan -nan -nan -nan -nan -nan -nan -nan -nan -nan -nan -nan -nan -nan -nan -nan -nan -nan -nan -nan -nan -nan -nan -nan -nan -nan -nan -nan -nan -nan -nan -nan -nan -nan -nan -nan -nan -nan -nan -nan -nan -nan -nan -nan -nan -nan -nan -nan -nan -nan -nan -nan -nan -nan -nan -nan -nan -nan -nan -nan -nan -nan -nan -nan -nan -nan -nan -nan -nan -nan -nan -nan -nan -nan -nan -nan -nan -nan -nan -nan -nan -nan -nan -nan -nan -nan -nan -nan -nan -nan -nan -nan -nan -nan -nan -nan -nan 0
0.0614 0 -nan -nan -nan -nan -nan -nan -nan -nan -nan -nan -nan -nan -nan -nan -nan -nan -nan -nan -nan -nan -nan -nan -nan -nan -nan -nan -nan -nan -nan -nan -nan -nan -nan -nan -nan -nan -nan -nan -nan -nan -nan -nan -nan -nan -nan -nan -nan -nan -nan -nan -nan -nan -nan -nan -nan -nan -nan -nan -nan -nan -nan -nan -nan -nan -nan -nan -nan -nan -nan -nan -nan -nan -nan -nan -nan -nan -nan -nan -nan -nan -nan -nan -nan -nan -nan -nan -nan -nan -nan -nan -nan -nan -nan -nan -nan -nan -nan -nan -nan 0
0.0616 0 -nan -nan -nan -nan -nan -nan -nan -nan -nan -nan -nan -nan -nan -nan -nan -nan -nan -nan -nan -nan -nan -nan -nan -nan -nan -nan -nan -nan -nan -nan -nan -nan -nan -nan -nan -nan -nan -nan -nan -nan -nan -nan -nan -nan -nan -nan -nan -nan -nan -nan -nan -nan -nan -nan -nan -nan -nan -nan -nan -nan -nan -nan -nan -nan -nan -nan -nan -nan -nan -nan -nan -nan -nan -nan -nan -nan -nan -nan -nan -nan -nan -nan -nan -nan -nan -nan -nan -nan -nan -nan -nan -nan -nan -nan -nan -nan -nan -nan -nan 0
0.0618 0 -nan -nan -nan -nan -nan -nan -nan -nan -nan -nan -nan -nan -nan -nan -nan -nan -nan -nan -nan -nan -nan -nan -nan -nan -nan -nan -nan -nan -nan -nan -nan -nan -nan -nan -nan -nan -nan -nan -nan -nan -nan -nan -nan -nan -nan -nan -nan -nan -nan -nan -nan -nan -nan -nan -nan -nan -nan -nan -nan -nan -nan -nan -nan -nan -nan -nan -nan -nan -nan -nan -nan -nan -nan -nan -nan -nan -nan -nan -nan -nan -nan -nan -nan -nan -nan -nan -nan -nan -nan -nan -nan -nan -nan -nan -nan -nan -nan -nan -nan 0
0.062 0 -nan -nan -nan -nan -nan -nan -nan -nan -nan -nan -nan -nan -nan -nan -nan -nan -nan -nan -nan -nan -nan -nan -nan -nan -nan -nan -nan -nan -nan -nan -nan -nan -nan -nan -nan -nan -nan -nan -nan -nan -nan -nan -nan -nan -nan -nan -nan -nan -nan -nan -nan -nan -nan -nan -nan -nan -nan -nan -nan -nan -nan -nan -nan -nan -nan -nan -nan -nan -nan -nan -nan -nan -nan -nan -nan -nan -nan -nan -nan -nan -nan -nan -nan -nan -nan -nan -nan -nan -nan -nan -nan -nan -nan -nan -nan -nan -nan -nan -nan 0
0.0622 0 -nan -nan -nan -nan -nan -nan -nan -nan -nan -nan -nan -nan -nan -nan -nan -nan -nan -nan -nan -nan -nan -nan -nan -nan -nan -nan -nan -nan -nan -nan -nan -nan -nan -nan -nan -nan -nan -nan -nan -nan -nan -nan -nan -nan -nan -nan -nan -nan -nan -nan -nan -nan -nan -nan -nan -nan -nan -nan -nan -nan -nan -nan -nan -nan -nan -nan -nan -nan -nan -nan -nan -nan -nan -nan -nan -nan -nan -nan -nan -nan -nan -nan -nan -nan -nan -nan -nan -nan -nan -nan -nan -nan -nan -nan -nan -nan -nan -nan -nan 0
0.0624 0 -nan -nan -nan -nan -nan -nan -nan -nan -nan -nan -nan -nan -nan -nan -nan -nan -nan -nan -nan -nan -nan -nan -nan -nan -nan -nan -nan -nan -nan -nan -nan -nan -nan -nan -nan -nan -nan -nan -nan -nan -nan -nan -nan -nan -nan -nan -nan -nan -nan -nan -nan -nan -nan -nan -nan -nan -nan -nan -nan -nan -nan -nan -nan -nan -nan -nan -nan -nan -nan -nan -nan -nan -nan -nan -nan -nan -nan -nan -nan -nan -nan -nan -nan -nan -nan -nan -nan -nan -nan -nan -nan -nan -nan -nan -nan -nan -nan -nan -nan 0
0.0626 0 -nan -nan -nan -nan -nan -nan -nan -nan -nan -nan -nan -nan -nan -nan -nan -nan -nan -nan -nan -nan -nan -nan -nan -nan -nan -nan -nan -nan -nan -nan -nan -nan -nan -nan -nan -nan -nan -nan -nan -nan -nan -nan -nan -nan -nan -nan -nan -nan -nan -nan -nan -nan -nan -nan -nan -nan -nan -nan -nan -nan -nan -nan -nan -nan -nan -nan -nan -nan -nan -nan -nan -nan -nan -nan -nan -nan -nan -nan -nan -nan -nan -nan -nan -nan -nan -nan -nan -nan -nan -nan -nan -nan -nan -nan -nan -nan -nan -nan -nan 0
0.0628 0 -nan -nan -nan -nan -nan -nan -nan -nan -nan -nan -nan -nan -nan -nan -nan -nan -nan -nan -nan -nan -nan -nan -nan -nan -nan -nan -nan -nan -nan -nan -nan -nan -nan -nan -nan -nan -nan -nan -nan -nan -nan -nan -nan -nan -nan -nan -nan -nan -nan -nan -nan -nan -nan -nan -nan -nan -nan -nan -nan -nan -nan -nan -nan -nan -nan -nan -nan -nan -nan -nan -nan -nan -nan -nan -nan -nan -nan -nan -nan -nan -nan -nan -nan -nan -nan -nan -nan -nan -nan -nan -nan -nan -nan -nan -nan -nan -nan -nan -nan 0
0.063 0 -nan -nan -nan -nan -nan -nan -nan -nan -nan -nan -nan -nan -nan -nan -nan -nan -nan -nan -nan -nan -nan -nan -nan -nan -nan -nan -nan -nan -nan -nan -nan -nan -nan -nan -nan -nan -nan -nan -nan -nan -nan -nan -nan -nan -nan -nan -nan -nan -nan -nan -nan -nan -nan -nan -nan -nan -nan -nan -nan -nan -nan -nan -nan -nan -nan -nan -nan -nan -nan -nan -nan -nan -nan -nan -nan -nan -nan -nan -nan -nan -nan -nan -nan -nan -nan -nan -nan -nan -nan -nan -nan -nan -nan -nan -nan -nan -nan -nan -nan 0
0.0632 0 -nan -nan -nan -nan -nan -nan -nan -nan -nan -nan -nan -nan -nan -nan -nan -nan -nan -nan -nan -nan -nan -nan -nan -nan -nan -nan -nan -nan -nan -nan -nan -nan -nan -nan -nan -nan -nan -nan -nan -nan -nan -nan -nan -nan -nan -nan -nan -nan -nan -nan -nan -nan -nan -nan -nan -nan -nan -nan -nan -nan -nan -nan -nan -nan -nan -nan -nan -nan -nan -nan -nan -nan -nan -nan -nan -nan -nan -nan -nan -nan -nan -nan -nan -nan -nan -nan -nan -nan -nan -nan -nan -nan -nan -nan -nan -nan -nan -nan -nan 0
0.0634 0 -nan -nan -nan -nan -nan -nan -nan -nan -nan -nan -nan -nan -nan -nan -nan -nan -nan -nan -nan -nan -nan -nan -nan -nan -nan -nan -nan -nan -nan -nan -nan -nan -nan -nan -nan -nan -nan -nan -nan -nan -nan -nan -nan -nan -nan -nan -nan -nan -nan -nan -nan -nan -nan -nan -nan -nan -nan -nan -nan -nan -nan -nan -nan -nan -nan -nan -nan -nan -nan -nan -nan -nan -nan -nan -nan -nan -nan -nan -nan -nan -nan -nan -nan -nan -nan -nan -nan -nan -nan -nan -nan -nan -nan -nan -nan -nan -nan -nan -nan 0
0.0636 0 -nan -nan -nan -nan -nan -nan -nan -nan -nan -nan -nan -nan -nan -nan -nan -nan -nan -nan -nan -nan -nan -nan -nan -nan -nan -nan -nan -nan -nan -nan -nan -nan -nan -nan -nan -nan -nan -nan -nan -nan -nan -nan -nan -nan -nan -nan -nan -nan -nan -nan -nan -nan -nan -nan -nan -nan -nan -nan -nan -nan -nan -nan -nan -nan -nan -nan -nan -nan -nan -nan -nan -nan -nan -nan -nan -nan -nan -nan -nan -nan -nan -nan -nan -nan -nan -nan -nan -nan -nan -nan -nan -nan -nan -nan -nan -nan -nan -nan -nan 0
0.0638 0 -nan -nan -nan -nan -nan -nan -nan -nan -nan -nan -nan -nan -nan -nan -nan -nan -nan -nan -nan -nan -nan -nan -nan -nan -nan -nan -nan -nan -nan -nan -nan -nan -nan -nan -nan -nan -nan -nan -nan -nan -nan -nan -nan -nan -nan -nan -nan -nan -nan -nan -nan -nan -nan -nan -nan -nan -nan -nan -nan -nan -nan -nan -nan -nan -nan -nan -nan -nan -nan -nan -nan -nan -nan -nan -nan -nan -nan -nan -nan -nan -nan -nan -nan -nan -nan -nan -nan -nan -nan -nan -nan -nan -nan -nan -nan -nan -nan -nan -nan 0
0.064 0 -nan -nan -nan -nan -nan -nan -nan -nan -nan -nan -nan -nan -nan -nan -nan -nan -nan -nan -nan -nan -nan -nan -nan -nan -nan -nan -nan -nan -nan -nan -nan -nan -nan -nan -nan -nan -nan -nan -nan -nan -nan -nan -nan -nan -nan -nan -nan -nan -nan -nan -nan -nan -nan -nan -nan -nan -nan -nan -nan -nan -nan -nan -nan -nan -nan -nan -nan -nan -nan -nan -nan -nan -nan -nan -nan -nan -nan -nan -nan -nan -nan -nan -nan -nan -nan -nan -nan -nan -nan -nan -nan -nan -nan -nan -nan -nan -nan -nan -nan 0
0.0642 0 -nan -nan -nan -nan -nan -nan -nan -nan -nan -nan -nan -nan -nan -nan -nan -nan -nan -nan -nan -nan -nan -nan -nan -nan -nan -nan -nan -nan -nan -nan -nan -nan -nan -nan -nan -nan -nan -nan -nan -nan -nan -nan -nan -nan -nan -nan -nan -nan -nan -nan -nan -nan -nan -nan -nan -nan -nan -nan -nan -nan -nan -nan -nan -nan -nan -nan -nan -nan -nan -nan -nan -nan -nan -nan -nan -nan -nan -nan -nan -nan -nan -nan -nan -nan -nan -nan -nan -nan -nan -nan -nan -nan -nan -nan -nan -nan -nan -nan -nan 0
0.0644 0 -nan -nan -nan -nan -nan -nan -nan -nan -nan -nan -nan -nan -nan -nan -nan -nan -nan -nan -nan -nan -nan -nan -nan -nan -nan -nan -nan -nan -nan -nan -nan -nan -nan -nan -nan -nan -nan -nan -nan -nan -nan -nan -nan -nan -nan -nan -nan -nan -nan -nan -nan -nan -nan -nan -nan -nan -nan -nan -nan -nan -nan -nan -nan -nan -nan -nan -nan -nan -nan -nan -nan -nan -nan -nan -nan -nan -nan -nan -nan -nan -nan -nan -nan -nan -nan -nan -nan -nan -nan -nan -nan -nan -nan -nan -nan -nan -nan -nan -nan 0
0.0646 0 -nan -nan -nan -nan -nan -nan -nan -nan -nan -nan -nan -nan -nan -nan -nan -nan -nan -nan -nan -nan -nan -nan -nan -nan -nan -nan -nan -nan -nan -nan -nan -nan -nan -nan -nan -nan -nan -nan -nan -nan -nan -nan -nan -nan -nan -nan -nan -nan -nan -nan -nan -nan -nan -nan -nan -nan -nan -nan -nan -nan -nan -nan -nan -nan -nan -nan -nan -nan -nan -nan -nan -nan -nan -nan -nan -nan -nan -nan -nan -nan -nan -nan -nan -nan -nan -nan -nan -nan -nan -nan -nan -nan -nan -nan -nan -nan -nan -nan -nan 0
0.0648 0 -nan -nan -nan -nan -nan -nan -nan -nan -nan -nan -nan -nan -nan -nan -nan -nan -nan -nan -nan -nan -nan -nan -nan -nan -nan -nan -nan -nan -nan -nan -nan -nan -nan -nan -nan -nan -nan -nan -nan -nan -nan -nan -nan -nan -nan -nan -nan -nan -nan -nan -nan -nan -nan -nan -nan -nan -nan -nan -nan -nan -nan -nan -nan -nan -nan -nan -nan -nan -nan -nan -nan -nan -nan -nan -nan -nan -nan -nan -nan -nan -nan -nan -nan -nan -nan -nan -nan -nan -nan -nan -nan -nan -nan -nan -nan -nan -nan -nan -nan 0
0.065 0 -nan -nan -nan -nan -nan -nan -nan -nan -nan -nan -nan -nan -nan -nan -nan -nan -nan -nan -nan -nan -nan -nan -nan -nan -nan -nan -nan -nan -nan -nan -nan -nan -nan -nan -nan -nan -nan -nan -nan -nan -nan -nan -nan -nan -nan -nan -nan -nan -nan -nan -nan -nan -nan -nan -nan -nan -nan -nan -nan -nan -nan -nan -nan -nan -nan -nan -nan -nan -nan -nan -nan -nan -nan -nan -nan -nan -nan -nan -nan -nan -nan -nan -nan -nan -nan -nan -nan -nan -nan -nan -nan -nan -nan -nan -nan -nan -nan -nan -nan 0
0.0652 0 -nan -nan -nan -nan -nan -nan -nan -nan -nan -nan -nan -nan -nan -nan -nan -nan -nan -nan -nan -nan -nan -nan -nan -nan -nan -nan -nan -nan -nan -nan -nan -nan -nan -nan -nan -nan -nan -nan -nan -nan -nan -nan -nan -nan -nan -nan -nan -nan -nan -nan -nan -nan -nan -nan -nan -nan -nan -nan -nan -nan -nan -nan -nan -nan -nan -nan -nan -nan -nan -nan -nan -nan -nan -nan -nan -nan -nan -nan -nan -nan -nan -nan -nan -nan -nan -nan -nan -nan -nan -nan -nan -nan -nan -nan -nan -nan -nan -nan -nan 0
0.0654 0 -nan -nan -nan -nan -nan -nan -nan -nan -nan -nan -nan -nan -nan -nan -nan -nan -nan -nan -nan -nan -nan -nan -nan -nan -nan -nan -nan -nan -nan -nan -nan -nan -nan -nan -nan -nan -nan -nan -nan -nan -nan -nan -nan -nan -nan -nan -nan -nan -nan -nan -nan -nan -nan -nan -nan -nan -nan -nan -nan -nan -nan -nan -nan -nan -nan -nan -nan -nan -nan -nan -nan -nan -nan -nan -nan -nan -nan -nan -nan -nan -nan -nan -nan -nan -nan -nan -nan -nan -nan -nan -nan -nan -nan -nan -nan -nan -nan -nan -nan 0
0.0656 0 -nan -nan -nan -nan -nan -nan -nan -nan -nan -nan -nan -nan -nan -nan -nan -nan -nan -nan -nan -nan -nan -nan -nan -nan -nan -nan -nan -nan -nan -nan -nan -nan -nan -nan -nan -nan -nan -nan -nan -nan -nan -nan -nan -nan -nan -nan -nan -nan -nan -nan -nan -nan -nan -nan -nan -nan -nan -nan -nan -nan -nan -nan -nan -nan -nan -nan -nan -nan -nan -nan -nan -nan -nan -nan -nan -nan -nan -nan -nan -nan -nan -nan -nan -nan -nan -nan -nan -nan -nan -nan -nan -nan -nan -nan -nan -nan -nan -nan -nan 0
0.0658 0 -nan -nan -nan -nan -nan -nan -nan -nan -nan -nan -nan -nan -nan -nan -nan -nan -nan -nan -nan -nan -nan -nan -nan -nan -nan -nan -nan -nan -nan -nan -nan -nan -nan -nan -nan -nan -nan -nan -nan -nan -nan -nan -nan -nan -nan -nan -nan -nan -nan -nan -nan -nan -nan -nan -nan -nan -nan -nan -nan -nan -nan -nan -nan -nan -nan -nan -nan -nan -nan -nan -nan -nan -nan -nan -nan -nan -nan -nan -nan -nan -nan -nan -nan -nan -nan -nan -nan -nan -nan -nan -nan -nan -nan -nan -nan -nan -nan -nan -nan 0
0.066 0 -nan -nan -nan -nan -nan -nan -nan -nan -nan -nan -nan -nan -nan -nan -nan -nan -nan -nan -nan -nan -nan -nan -nan -nan -nan -nan -nan -nan -nan -nan -nan -nan -nan -nan -nan -nan -nan -nan -nan -nan -nan -nan -nan -nan -nan -nan -nan -nan -nan -nan -nan -nan -nan -nan -nan -nan -nan -nan -nan -nan -nan -nan -nan -nan -nan -nan -nan -nan -nan -nan -nan -nan -nan -nan -nan -nan -nan -nan -nan -nan -nan -nan -nan -nan -nan -nan -nan -nan -nan -nan -nan -nan -nan -nan -nan -nan -nan -nan -nan 0
0.0662 0 -nan -nan -nan -nan -nan -nan -nan -nan -nan -nan -nan -nan -nan -nan -nan -nan -nan -nan -nan -nan -nan -nan -nan -nan -nan -nan -nan -nan -nan -nan -nan -nan -nan -nan -nan -nan -nan -nan -nan -nan -nan -nan -nan -nan -nan -nan -nan -nan -nan -nan -nan -nan -nan -nan -nan -nan -nan -nan -nan -nan -nan -nan -nan -nan -nan -nan -nan -nan -nan -nan -nan -nan -nan -nan -nan -nan -nan -nan -nan -nan -nan -nan -nan -nan -nan -nan -nan -nan -nan -nan -nan -nan -nan -nan -nan -nan -nan -nan -nan 0
0.0664 0 -nan -nan -nan -nan -nan -nan -nan -nan -nan -nan -nan -nan -nan -nan -nan -nan -nan -nan -nan -nan -nan -nan -nan -nan -nan -nan -nan -nan -nan -nan -nan -nan -nan -nan -nan -nan -nan -nan -nan -nan -nan -nan -nan -nan -nan -nan -nan -nan -nan -nan -nan -nan -nan -nan -nan -nan -nan -nan -nan -nan -nan -nan -nan -nan -nan -nan -nan -nan -nan -nan -nan -nan -nan -nan -nan -nan -nan -nan -nan -nan -nan -nan -nan -nan -nan -nan -nan -nan -nan -nan -nan -nan -nan -nan -nan -nan -nan -nan -nan 0
0.0666 0 -nan -nan -nan -nan -nan -nan -nan -nan -nan -nan -nan -nan -nan -nan -nan -nan -nan -nan -nan -nan -nan -nan -nan -nan -nan -nan -nan -nan -nan -nan -nan -nan -nan -nan -nan -nan -nan -nan -nan -nan -nan -nan -nan -nan -nan -nan -nan -nan -nan -nan -nan -nan -nan -nan -nan -nan -nan -nan -nan -nan -nan -nan -nan -nan -nan -nan -nan -nan -nan -nan -nan -nan -nan -nan -nan -nan -nan -nan -nan -nan -nan -nan -nan -nan -nan -nan -nan -nan -nan -nan -nan -nan -nan -nan -nan -nan -nan -nan -nan 0
0.0668 0 -nan -nan -nan -nan -nan -nan -nan -nan -nan -nan -nan -nan -nan -nan -nan -nan -nan -nan -nan -nan -nan -nan -nan -nan -nan -nan -nan -nan -nan -nan -nan -nan -nan -nan -nan -nan -nan -nan -nan -nan -nan -nan -nan -nan -nan -nan -nan -nan -nan -nan -nan -nan -nan -nan -nan -nan -nan -nan -nan -nan -nan -nan -nan -nan -nan -nan -nan -nan -nan -nan -nan -nan -nan -nan -nan -nan -nan -nan -nan -nan -nan -nan -nan -nan -nan -nan -nan -nan -nan -nan -nan -nan -nan -nan -nan -nan -nan -nan -nan 0
0.067 0 -nan -nan -nan -nan -nan -nan -nan -nan -nan -nan -nan -nan -nan -nan -nan -nan -nan -nan -nan -nan -nan -nan -nan -nan -nan -nan -nan -nan -nan -nan -nan -nan -nan -nan -nan -nan -nan -nan -nan -nan -nan -nan -nan -nan -nan -nan -nan -nan -nan -nan -nan -nan -nan -nan -nan -nan -nan -nan -nan -nan -nan -nan -nan -nan -nan -nan -nan -nan -nan -nan -nan -nan -nan -nan -nan -nan -nan -nan -nan -nan -nan -nan -nan -nan -nan -nan -nan -nan -nan -nan -nan -nan -nan -nan -nan -nan -nan -nan -nan 0
0.0672 0 -nan -nan -nan -nan -nan -nan -nan -nan -nan -nan -nan -nan -nan -nan -nan -nan -nan -nan -nan -nan -nan -nan -nan -nan -nan -nan -nan -nan -nan -nan -nan -nan -nan -nan -nan -nan -nan -nan -nan -nan -nan -nan -nan -nan -nan -nan -nan -nan -nan -nan -nan -nan -nan -nan -nan -nan -nan -nan -nan -nan -nan -nan -nan -nan -nan -nan -nan -nan -nan -nan -nan -nan -nan -nan -nan -nan -nan -nan -nan -nan -nan -nan -nan -nan -nan -nan -nan -nan -nan -nan -nan -nan -nan -nan -nan -nan -nan -nan -nan 0
0.0674 0 -nan -nan -nan -nan -nan -nan -nan -nan -nan -nan -nan -nan -nan -nan -nan -nan -nan -nan -nan -nan -nan -nan -nan -nan -nan -nan -nan -nan -nan -nan -nan -nan -nan -nan -nan -nan -nan -nan -nan -nan -nan -nan -nan -nan -nan -nan -nan -nan -nan -nan -nan -nan -nan -nan -nan -nan -nan -nan -nan -nan -nan -nan -nan -nan -nan -nan -nan -nan -nan -nan -nan -nan -nan -nan -nan -nan -nan -nan -nan -nan -nan -nan -nan -nan -nan -nan -nan -nan -nan -nan -nan -nan -nan -nan -nan -nan -nan -nan -nan 0
0.0676 0 -nan -nan -nan -nan -nan -nan -nan -nan -nan -nan -nan -nan -nan -nan -nan -nan -nan -nan -nan -nan -nan -nan -nan -nan -nan -nan -nan -nan -nan -nan -nan -nan -nan -nan -nan -nan -nan -nan -nan -nan -nan -nan -nan -nan -nan -nan -nan -nan -nan -nan -nan -nan -nan -nan -nan -nan -nan -nan -nan -nan -nan -nan -nan -nan -nan -nan -nan -nan -nan -nan -nan -nan -nan -nan -nan -nan -nan -nan -nan -nan -nan -nan -nan -nan -nan -nan -nan -nan -nan -nan -nan -nan -nan -nan -nan -nan -nan -nan -nan 0
0.0678 0 -nan -nan -nan -nan -nan -nan -nan -nan -nan -nan -nan -nan -nan -nan -nan -nan -nan -nan -nan -nan -nan -nan -nan -nan -nan -nan -nan -nan -nan -nan -nan -nan -nan -nan -nan -nan -nan -nan -nan -nan -nan -nan -nan -nan -nan -nan -nan -nan -nan -nan -nan -nan -nan -nan -nan -nan -nan -nan -nan -nan -nan -nan -nan -nan -nan -nan -nan -nan -nan -nan -nan -nan -nan -nan -nan -nan -nan -nan -nan -nan -nan -nan -nan -nan -nan -nan -nan -nan -nan -nan -nan -nan -nan -nan -nan -nan -nan -nan -nan 0
0.068 0 -nan -nan -nan -nan -nan -nan -nan -nan -nan -nan -nan -nan -nan -nan -nan -nan -nan -nan -nan -nan -nan -nan -nan -nan -nan -nan -nan -nan -nan -nan -nan -nan -nan -nan -nan -nan -nan -nan -nan -nan -nan -nan -nan -nan -nan -nan -nan -nan -nan -nan -nan -nan -nan -nan -nan -nan -nan -nan -nan -nan -nan -nan -nan -nan -nan -nan -nan -nan -nan -nan -nan -nan -nan -nan -nan -nan -nan -nan -nan -nan -nan -nan -nan -nan -nan -nan -nan -nan -nan -nan -nan -nan -nan -nan -nan -nan -nan -nan -nan 0
0.0682 0 -nan -nan -nan -nan -nan -nan -nan -nan -nan -nan -nan -nan -nan -nan -nan -nan -nan -nan -nan -nan -nan -nan -nan -nan -nan -nan -nan -nan -nan -nan -nan -nan -nan -nan -nan -nan -nan -nan -nan -nan -nan -nan -nan -nan -nan -nan -nan -nan -nan -nan -nan -nan -nan -nan -nan -nan -nan -nan -nan -nan -nan -nan -nan -nan -nan -nan -nan -nan -nan -nan -nan -nan -nan -nan -nan -nan -nan -nan -nan -nan -nan -nan -nan -nan -nan -nan -nan -nan -nan -nan -nan -nan -nan -nan -nan -nan -nan -nan -nan 0
0.0684 0 -nan -nan -nan -nan -nan -nan -nan -nan -nan -nan -nan -nan -nan -nan -nan -nan -nan -nan -nan -nan -nan -nan -nan -nan -nan -nan -nan -nan -nan -nan -nan -nan -nan -nan -nan -nan -nan -nan -nan -nan -nan -nan -nan -nan -nan -nan -nan -nan -nan -nan -nan -nan -nan -nan -nan -nan -nan -nan -nan -nan -nan -nan -nan -nan -nan -nan -nan -nan -nan -nan -nan -nan -nan -nan -nan -nan -nan -nan -nan -nan -nan -nan -nan -nan -nan -nan -nan -nan -nan -nan -nan -nan -nan -nan -nan -nan -nan -nan -nan 0
0.0686 0 -nan -nan -nan -nan -nan -nan -nan -nan -nan -nan -nan -nan -nan -nan -nan -nan -nan -nan -nan -nan -nan -nan -nan -nan -nan -nan -nan -nan -nan -nan -nan -nan -nan -nan -nan -nan -nan -nan -nan -nan -nan -nan -nan -nan -nan -nan -nan -nan -nan -nan -nan -nan -nan -nan -nan -nan -nan -nan -nan -nan -nan -nan -nan -nan -nan -nan -nan -nan -nan -nan -nan -nan -nan -nan -nan -nan -nan -nan -nan -nan -nan -nan -nan -nan -nan -nan -nan -nan -nan -nan -nan -nan -nan -nan -nan -nan -nan -nan -nan 0
0.0688 0 -nan -nan -nan -nan -nan -nan -nan -nan -nan -nan -nan -nan -nan -nan -nan -nan -nan -nan -nan -nan -nan -nan -nan -nan -nan -nan -nan -nan -nan -nan -nan -nan -nan -nan -nan -nan -nan -nan -nan -nan -nan -nan -nan -nan -nan -nan -nan -nan -nan -nan -nan -nan -nan -nan -nan -nan -nan -nan -nan -nan -nan -nan -nan -nan -nan -nan -nan -nan -nan -nan -nan -nan -nan -nan -nan -nan -nan -nan -nan -nan -nan -nan -nan -nan -nan -nan -nan -nan -nan -nan -nan -nan -nan -nan -nan -nan -nan -nan -nan 0
0.069 0 -nan -nan -nan -nan -nan -nan -nan -nan -nan -nan -nan -nan -nan -nan -nan -nan -nan -nan -nan -nan -nan -nan -nan -nan -nan -nan -nan -nan -nan -nan -nan -nan -nan -nan -nan -nan -nan -nan -nan -nan -nan -nan -nan -nan -nan -nan -nan -nan -nan -nan -nan -nan -nan -nan -nan -nan -nan -nan -nan -nan -nan -nan -nan -nan -nan -nan -nan -nan -nan -nan -nan -nan -nan -nan -nan -nan -nan -nan -nan -nan -nan -nan -nan -nan -nan -nan -nan -nan -nan -nan -nan -nan -nan -nan -nan -nan -nan -nan -nan 0
0.0692 0 -nan -nan -nan -nan -nan -nan -nan -nan -nan -nan -nan -nan -nan -nan -nan -nan -nan -nan -nan -nan -nan -nan -nan -nan -nan -nan -nan -nan -nan -nan -nan -nan -nan -nan -nan -nan -nan -nan -nan -nan -nan -nan -nan -nan -nan -nan -nan -nan -nan -nan -nan -nan -nan -nan -nan -nan -nan -nan -nan -nan -nan -nan -nan -nan -nan -nan -nan -nan -nan -nan -nan -nan -nan -nan -nan -nan -nan -nan -nan -nan -nan -nan -nan -nan -nan -nan -nan -nan -nan -nan -nan -nan -nan -nan -nan -nan -nan -nan -nan 0
0.0694 0 -nan -nan -nan -nan -nan -nan -nan -nan -nan -nan -nan -nan -nan -nan -nan -nan -nan -nan -nan -nan -nan -nan -nan -nan -nan -nan -nan -nan -nan -nan -nan -nan -nan -nan -nan -nan -nan -nan -nan -nan -nan -nan -nan -nan -nan -nan -nan -nan -nan -nan -nan -nan -nan -nan -nan -nan -nan -nan -nan -nan -nan -nan -nan -nan -nan -nan -nan -nan -nan -nan -nan -nan -nan -nan -nan -nan -nan -nan -nan -nan -nan -nan -nan -nan -nan -nan -nan -nan -nan -nan -nan -nan -nan -nan -nan -nan -nan -nan -nan 0
0.0696 0 -nan -nan -nan -nan -nan -nan -nan -nan -nan -nan -nan -nan -nan -nan -nan -nan -nan -nan -nan -nan -nan -nan -nan -nan -nan -nan -nan -nan -nan -nan -nan -nan -nan -nan -nan -nan -nan -nan -nan -nan -nan -nan -nan -nan -nan -nan -nan -nan -nan -nan -nan -nan -nan -nan -nan -nan -nan -nan -nan -nan -nan -nan -nan -nan -nan -nan -nan -nan -nan -nan -nan -nan -nan -nan -nan -nan -nan -nan -nan -nan -nan -nan -nan -nan -nan -nan -nan -nan -nan -nan -nan -nan -nan -nan -nan -nan -nan -nan -nan 0
0.0698 0 -nan -nan -nan -nan -nan -nan -nan -nan -nan -nan -nan -nan -nan -nan -nan -nan -nan -nan -nan -nan -nan -nan -nan -nan -nan -nan -nan -nan -nan -nan -nan -nan -nan -nan -nan -nan -nan -nan -nan -nan -nan -nan -nan -nan -nan -nan -nan -nan -nan -nan -nan -nan -nan -nan -nan -nan -nan -nan -nan -nan -nan -nan -nan -nan -nan -nan -nan -nan -nan -nan -nan -nan -nan -nan -nan -nan -nan -nan -nan -nan -nan -nan -nan -nan -nan -nan -nan -nan -nan -nan -nan -nan -nan -nan -nan -nan -nan -nan -nan 0
0.07 0 -nan -nan -nan -nan -nan -nan -nan -nan -nan -nan -nan -nan -nan -nan -nan -nan -nan -nan -nan -nan -nan -nan -nan -nan -nan -nan -nan -nan -nan -nan -nan -nan -nan -nan -nan -nan -nan -nan -nan -nan -nan -nan -nan -nan -nan -nan -nan -nan -nan -nan -nan -nan -nan -nan -nan -nan -nan -nan -nan -nan -nan -nan -nan -nan -nan -nan -nan -nan -nan -nan -nan -nan -nan -nan -nan -nan -nan -nan -nan -nan -nan -nan -nan -nan -nan -nan -nan -nan -nan -nan -nan -nan -nan -nan -nan -nan -nan -nan -nan 0
0.0702 0 -nan -nan -nan -nan -nan -nan -nan -nan -nan -nan -nan -nan -nan -nan -nan -nan -nan -nan -nan -nan -nan -nan -nan -nan -nan -nan -nan -nan -nan -nan -nan -nan -nan -nan -nan -nan -nan -nan -nan -nan -nan -nan -nan -nan -nan -nan -nan -nan -nan -nan -nan -nan -nan -nan -nan -nan -nan -nan -nan -nan -nan -nan -nan -nan -nan -nan -nan -nan -nan -nan -nan -nan -nan -nan -nan -nan -nan -nan -nan -nan -nan -nan -nan -nan -nan -nan -nan -nan -nan -nan -nan -nan -nan -nan -nan -nan -nan -nan -nan 0
0.0704 0 -nan -nan -nan -nan -nan -nan -nan -nan -nan -nan -nan -nan -nan -nan -nan -nan -nan -nan -nan -nan -nan -nan -nan -nan -nan -nan -nan -nan -nan -nan -nan -nan -nan -nan -nan -nan -nan -nan -nan -nan -nan -nan -nan -nan -nan -nan -nan -nan -nan -nan -nan -nan -nan -nan -nan -nan -nan -nan -nan -nan -nan -nan -nan -nan -nan -nan -nan -nan -nan -nan -nan -nan -nan -nan -nan -nan -nan -nan -nan -nan -nan -nan -nan -nan -nan -nan -nan -nan -nan -nan -nan -nan -nan -nan -nan -nan -nan -nan -nan 0
0.0706 0 -nan -nan -nan -nan -nan -nan -nan -nan -nan -nan -nan -nan -nan -nan -nan -nan -nan -nan -nan -nan -nan -nan -nan -nan -nan -nan -nan -nan -nan -nan -nan -nan -nan -nan -nan -nan -nan -nan -nan -nan -nan -nan -nan -nan -nan -nan -nan -nan -nan -nan -nan -nan -nan -nan -nan -nan -nan -nan -nan -nan -nan -nan -nan -nan -nan -nan -nan -nan -nan -nan -nan -nan -nan -nan -nan -nan -nan -nan -nan -nan -nan -nan -nan -nan -nan -nan -nan -nan -nan -nan -nan -nan -nan -nan -nan -nan -nan -nan -nan 0
0.0708 0 -nan -nan -nan -nan -nan -nan -nan -nan -nan -nan -nan -nan -nan -nan -nan -nan -nan -nan -nan -nan -nan -nan -nan -nan -nan -nan -nan -nan -nan -nan -nan -nan -nan -nan -nan -nan -nan -nan -nan -nan -nan -nan -nan -nan -nan -nan -nan -nan -nan -nan -nan -nan -nan -nan -nan -nan -nan -nan -nan -nan -nan -nan -nan -nan -nan -nan -nan -nan -nan -nan -nan -nan -nan -nan -nan -nan -nan -nan -nan -nan -nan -nan -nan -nan -nan -nan -nan -nan -nan -nan -nan -nan -nan -nan -nan -nan -nan -nan -nan 0
0.071 0 -nan -nan -nan -nan -nan -nan -nan -nan -nan -nan -nan -nan -nan -nan -nan -nan -nan -nan -nan -nan -nan -nan -nan -nan -nan -nan -nan -nan -nan -nan -nan -nan -nan -nan -nan -nan -nan -nan -nan -nan -nan -nan -nan -nan -nan -nan -nan -nan -nan -nan -nan -nan -nan -nan -nan -nan -nan -nan -nan -nan -nan -nan -nan -nan -nan -nan -nan -nan -nan -nan -nan -nan -nan -nan -nan -nan -nan -nan -nan -nan -nan -nan -nan -nan -nan -nan -nan -nan -nan -nan -nan -nan -nan -nan -nan -nan -nan -nan -nan 0
0.0712 0 -nan -nan -nan -nan -nan -nan -nan -nan -nan -nan -nan -nan -nan -nan -nan -nan -nan -nan -nan -nan -nan -nan -nan -nan -nan -nan -nan -nan -nan -nan -nan -nan -nan -nan -nan -nan -nan -nan -nan -nan -nan -nan -nan -nan -nan -nan -nan -nan -nan -nan -nan -nan -nan -nan -nan -nan -nan -nan -nan -nan -nan -nan -nan -nan -nan -nan -nan -nan -nan -nan -nan -nan -nan -nan -nan -nan -nan -nan -nan -nan -nan -nan -nan -nan -nan -nan -nan -nan -nan -nan -nan -nan -nan -nan -nan -nan -nan -nan -nan 0
0.0714 0 -nan -nan -nan -nan -nan -nan -nan -nan -nan -nan -nan -nan -nan -nan -nan -nan -nan -nan -nan -nan -nan -nan -nan -nan -nan -nan -nan -nan -nan -nan -nan -nan -nan -nan -nan -nan -nan -nan -nan -nan -nan -nan -nan -nan -nan -nan -nan -nan -nan -nan -nan -nan -nan -nan -nan -nan -nan -nan -nan -nan -nan -nan -nan -nan -nan -nan -nan -nan -nan -nan -nan -nan -nan -nan -nan -nan -nan -nan -nan -nan -nan -nan -nan -nan -nan -nan -nan -nan -nan -nan -nan -nan -nan -nan -nan -nan -nan -nan -nan 0
0.0716 0 -nan -nan -nan -nan -nan -nan -nan -nan -nan -nan -nan -nan -nan -nan -nan -nan -nan -nan -nan -nan -nan -nan -nan -nan -nan -nan -nan -nan -nan -nan -nan -nan -nan -nan -nan -nan -nan -nan -nan -nan -nan -nan -nan -nan -nan -nan -nan -nan -nan -nan -nan -nan -nan -nan -nan -nan -nan -nan -nan -nan -nan -nan -nan -nan -nan -nan -nan -nan -nan -nan -nan -nan -nan -nan -nan -nan -nan -nan -nan -nan -nan -nan -nan -nan -nan -nan -nan -nan -nan -nan -nan -nan -nan -nan -nan -nan -nan -nan -nan 0
0.0718 0 -nan -nan -nan -nan -nan -nan -nan -nan -nan -nan -nan -nan -nan -nan -nan -nan -nan -nan -nan -nan -nan -nan -nan -nan -nan -nan -nan -nan -nan -nan -nan -nan -nan -nan -nan -nan -nan -nan -nan -nan -nan -nan -nan -nan -nan -nan -nan -nan -nan -nan -nan -nan -nan -nan -nan -nan -nan -nan -nan -nan -nan -nan -nan -nan -nan -nan -nan -nan -nan -nan -nan -nan -nan -nan -nan -nan -nan -nan -nan -nan -nan -nan -nan -nan -nan -nan -nan -nan -nan -nan -nan -nan -nan -nan -nan -nan -nan -nan -nan 0
0.072 0 -nan -nan -nan -nan -nan -nan -nan -nan -nan -nan -nan -nan -nan -nan -nan -nan -nan -nan -nan -nan -nan -nan -nan -nan -nan -nan -nan -nan -nan -nan -nan -nan -nan -nan -nan -nan -nan -nan -nan -nan -nan -nan -nan -nan -nan -nan -nan -nan -nan -nan -nan -nan -nan -nan -nan -nan -nan -nan -nan -nan -nan -nan -nan -nan -nan -nan -nan -nan -nan -nan -nan -nan -nan -nan -nan -nan -nan -nan -nan -nan -nan -nan -nan -nan -nan -nan -nan -nan -nan -nan -nan -nan -nan -nan -nan -nan -nan -nan -nan 0
0.0722 0 -nan -nan -nan -nan -nan -nan -nan -nan -nan -nan -nan -nan -nan -nan -nan -nan -nan -nan -nan -nan -nan -nan -nan -nan -nan -nan -nan -nan -nan -nan -nan -nan -nan -nan -nan -nan -nan -nan -nan -nan -nan -nan -nan -nan -nan -nan -nan -nan -nan -nan -nan -nan -nan -nan -nan -nan -nan -nan -nan -nan -nan -nan -nan -nan -nan -nan -nan -nan -nan -nan -nan -nan -nan -nan -nan -nan -nan -nan -nan -nan -nan -nan -nan -nan -nan -nan -nan -nan -nan -nan -nan -nan -nan -nan -nan -nan -nan -nan -nan 0
0.0724 0 -nan -nan -nan -nan -nan -nan -nan -nan -nan -nan -nan -nan -nan -nan -nan -nan -nan -nan -nan -nan -nan -nan -nan -nan -nan -nan -nan -nan -nan -nan -nan -nan -nan -nan -nan -nan -nan -nan -nan -nan -nan -nan -nan -nan -nan -nan -nan -nan -nan -nan -nan -nan -nan -nan -nan -nan -nan -nan -nan -nan -nan -nan -nan -nan -nan -nan -nan -nan -nan -nan -nan -nan -nan -nan -nan -nan -nan -nan -nan -nan -nan -nan -nan -nan -nan -nan -nan -nan -nan -nan -nan -nan -nan -nan -nan -nan -nan -nan -nan 0
0.0726 0 -nan -nan -nan -nan -nan -nan -nan -nan -nan -nan -nan -nan -nan -nan -nan -nan -nan -nan -nan -nan -nan -nan -nan -nan -nan -nan -nan -nan -nan -nan -nan -nan -nan -nan -nan -nan -nan -nan -nan -nan -nan -nan -nan -nan -nan -nan -nan -nan -nan -nan -nan -nan -nan -nan -nan -nan -nan -nan -nan -nan -nan -nan -nan -nan -nan -nan -nan -nan -nan -nan -nan -nan -nan -nan -nan -nan -nan -nan -nan -nan -nan -nan -nan -nan -nan -nan -nan -nan -nan -nan -nan -nan -nan -nan -nan -nan -nan -nan -nan 0
0.0728 0 -nan -nan -nan -nan -nan -nan -nan -nan -nan -nan -nan -nan -nan -nan -nan -nan -nan -nan -nan -nan -nan -nan -nan -nan -nan -nan -nan -nan -nan -nan -nan -nan -nan -nan -nan -nan -nan -nan -nan -nan -nan -nan -nan -nan -nan -nan -nan -nan -nan -nan -nan -nan -nan -nan -nan -nan -nan -nan -nan -nan -nan -nan -nan -nan -nan -nan -nan -nan -nan -nan -nan -nan -nan -nan -nan -nan -nan -nan -nan -nan -nan -nan -nan -nan -nan -nan -nan -nan -nan -nan -nan -nan -nan -nan -nan -nan -nan -nan -nan 0
0.073 0 -nan -nan -nan -nan -nan -nan -nan -nan -nan -nan -nan -nan -nan -nan -nan -nan -nan -nan -nan -nan -nan -nan -nan -nan -nan -nan -nan -nan -nan -nan -nan -nan -nan -nan -nan -nan -nan -nan -nan -nan -nan -nan -nan -nan -nan -nan -nan -nan -nan -nan -nan -nan -nan -nan -nan -nan -nan -nan -nan -nan -nan -nan -nan -nan -nan -nan -nan -nan -nan -nan -nan -nan -nan -nan -nan -nan -nan -nan -nan -nan -nan -nan -nan -nan -nan -nan -nan -nan -nan -nan -nan -nan -nan -nan -nan -nan -nan -nan -nan 0
0.0732 0 -nan -nan -nan -nan -nan -nan -nan -nan -nan -nan -nan -nan -nan -nan -nan -nan -nan -nan -nan -nan -nan -nan -nan -nan -nan -nan -nan -nan -nan -nan -nan -nan -nan -nan -nan -nan -nan -nan -nan -nan -nan -nan -nan -nan -nan -nan -nan -nan -nan -nan -nan -nan -nan -nan -nan -nan -nan -nan -nan -nan -nan -nan -nan -nan -nan -nan -nan -nan -nan -nan -nan -nan -nan -nan -nan -nan -nan -nan -nan -nan -nan -nan -nan -nan -nan -nan -nan -nan -nan -nan -nan -nan -nan -nan -nan -nan -nan -nan -nan 0
0.0734 0 -nan -nan -nan -nan -nan -nan -nan -nan -nan -nan -nan -nan -nan -nan -nan -nan -nan -nan -nan -nan -nan -nan -nan -nan -nan -nan -nan -nan -nan -nan -nan -nan -nan -nan -nan -nan -nan -nan -nan -nan -nan -nan -nan -nan -nan -nan -nan -nan -nan -nan -nan -nan -nan -nan -nan -nan -nan -nan -nan -nan -nan -nan -nan -nan -nan -nan -nan -nan -nan -nan -nan -nan -nan -nan -nan -nan -nan -nan -nan -nan -nan -nan -nan -nan -nan -nan -nan -nan -nan -nan -nan -nan -nan -nan -nan -nan -nan -nan -nan 0
0.0736 0 -nan -nan -nan -nan -nan -nan -nan -nan -nan -nan -nan -nan -nan -nan -nan -nan -nan -nan -nan -nan -nan -nan -nan -nan -nan -nan -nan -nan -nan -nan -nan -nan -nan -nan -nan -nan -nan -nan -nan -nan -nan -nan -nan -nan -nan -nan -nan -nan -nan -nan -nan -nan -nan -nan -nan -nan -nan -nan -nan -nan -nan -nan -nan -nan -nan -nan -nan -nan -nan -nan -nan -nan -nan -nan -nan -nan -nan -nan -nan -nan -nan -nan -nan -nan -nan -nan -nan -nan -nan -nan -nan -nan -nan -nan -nan -nan -nan -nan -nan 0
0.0738 0 -nan -nan -nan -nan -nan -nan -nan -nan -nan -nan -nan -nan -nan -nan -nan -nan -nan -nan -nan -nan -nan -nan -nan -nan -nan -nan -nan -nan -nan -nan -nan -nan -nan -nan -nan -nan -nan -nan -nan -nan -nan -nan -nan -nan -nan -nan -nan -nan -nan -nan -nan -nan -nan -nan -nan -nan -nan -nan -nan -nan -nan -nan -nan -nan -nan -nan -nan -nan -nan -nan -nan -nan -nan -nan -nan -nan -nan -nan -nan -nan -nan -nan -nan -nan -nan -nan -nan -nan -nan -nan -nan -nan -nan -nan -nan -nan -nan -nan -nan 0
0.074 0 -nan -nan -nan -nan -nan -nan -nan -nan -nan -nan -nan -nan -nan -nan -nan -nan -nan -nan -nan -nan -nan -nan -nan -nan -nan -nan -nan -nan -nan -nan -nan -nan -nan -nan -nan -nan -nan -nan -nan -nan -nan -nan -nan -nan -nan -nan -nan -nan -nan -nan -nan -nan -nan -nan -nan -nan -nan -nan -nan -nan -nan -nan -nan -nan -nan -nan -nan -nan -nan -nan -nan -nan -nan -nan -nan -nan -nan -nan -nan -nan -nan -nan -nan -nan -nan -nan -nan -nan -nan -nan -nan -nan -nan -nan -nan -nan -nan -nan -nan 0
0.0742 0 -nan -nan -nan -nan -nan -nan -nan -nan -nan -nan -nan -nan -nan -nan -nan -nan -nan -nan -nan -nan -nan -nan -nan -nan -nan -nan -nan -nan -nan -nan -nan -nan -nan -nan -nan -nan -nan -nan -nan -nan -nan -nan -nan -nan -nan -nan -nan -nan -nan -nan -nan -nan -nan -nan -nan -nan -nan -nan -nan -nan -nan -nan -nan -nan -nan -nan -nan -nan -nan -nan -nan -nan -nan -nan -nan -nan -nan -nan -nan -nan -nan -nan -nan -nan -nan -nan -nan -nan -nan -nan -nan -nan -nan -nan -nan -nan -nan -nan -nan 0
0.0744 0 -nan -nan -nan -nan -nan -nan -nan -nan -nan -nan -nan -nan -nan -nan -nan -nan -nan -nan -nan -nan -nan -nan -nan -nan -nan -nan -nan -nan -nan -nan -nan -nan -nan -nan -nan -nan -nan -nan -nan -nan -nan -nan -nan -nan -nan -nan -nan -nan -nan -nan -nan -nan -nan -nan -nan -nan -nan -nan -nan -nan -nan -nan -nan -nan -nan -nan -nan -nan -nan -nan -nan -nan -nan -nan -nan -nan -nan -nan -nan -nan -nan -nan -nan -nan -nan -nan -nan -nan -nan -nan -nan -nan -nan -nan -nan -nan -nan -nan -nan 0
0.0746 0 -nan -nan -nan -nan -nan -nan -nan -nan -nan -nan -nan -nan -nan -nan -nan -nan -nan -nan -nan -nan -nan -nan -nan -nan -nan -nan -nan -nan -nan -nan -nan -nan -nan -nan -nan -nan -nan -nan -nan -nan -nan -nan -nan -nan -nan -nan -nan -nan -nan -nan -nan -nan -nan -nan -nan -nan -nan -nan -nan -nan -nan -nan -nan -nan -nan -nan -nan -nan -nan -nan -nan -nan -nan -nan -nan -nan -nan -nan -nan -nan -nan -nan -nan -nan -nan -nan -nan -nan -nan -nan -nan -nan -nan -nan -nan -nan -nan -nan -nan 0
0.0748 0 -nan -nan -nan -nan -nan -nan -nan -nan -nan -nan -nan -nan -nan -nan -nan -nan -nan -nan -nan -nan -nan -nan -nan -nan -nan -nan -nan -nan -nan -nan -nan -nan -nan -nan -nan -nan -nan -nan -nan -nan -nan -nan -nan -nan -nan -nan -nan -nan -nan -nan -nan -nan -nan -nan -nan -nan -nan -nan -nan -nan -nan -nan -nan -nan -nan -nan -nan -nan -nan -nan -nan -nan -nan -nan -nan -nan -nan -nan -nan -nan -nan -nan -nan -nan -nan -nan -nan -nan -nan -nan -nan -nan -nan -nan -nan -nan -nan -nan -nan 0
0.075 0 -nan -nan -nan -nan -nan -nan -nan -nan -nan -nan -nan -nan -nan -nan -nan -nan -nan -nan -nan -nan -nan -nan -nan -nan -nan -nan -nan -nan -nan -nan -nan -nan -nan -nan -nan -nan -nan -nan -nan -nan -nan -nan -nan -nan -nan -nan -nan -nan -nan -nan -nan -nan -nan -nan -nan -nan -nan -nan -nan -nan -nan -nan -nan -nan -nan -nan -nan -nan -nan -nan -nan -nan -nan -nan -nan -nan -nan -nan -nan -nan -nan -nan -nan -nan -nan -nan -nan -nan -nan -nan -nan -nan -nan -nan -nan -nan -nan -nan -nan 0
0.0752 0 -nan -nan -nan -nan -nan -nan -nan -nan -nan -nan -nan -nan -nan -nan -nan -nan -nan -nan -nan -nan -nan -nan -nan -nan -nan -nan -nan -nan -nan -nan -nan -nan -nan -nan -nan -nan -nan -nan -nan -nan -nan -nan -nan -nan -nan -nan -nan -nan -nan -nan -nan -nan -nan -nan -nan -nan -nan -nan -nan -nan -nan -nan -nan -nan -nan -nan -nan -nan -nan -nan -nan -nan -nan -nan -nan -nan -nan -nan -nan -nan -nan -nan -nan -nan -nan -nan -nan -nan -nan -nan -nan -nan -nan -nan -nan -nan -nan -nan -nan 0
0.0754 0 -nan -nan -nan -nan -nan -nan -nan -nan -nan -nan -nan -nan -nan -nan -nan -nan -nan -nan -nan -nan -nan -nan -nan -nan -nan -nan -nan -nan -nan -nan -nan -nan -nan -nan -nan -nan -nan -nan -nan -nan -nan -nan -nan -nan -nan -nan -nan -nan -nan -nan -nan -nan -nan -nan -nan -nan -nan -nan -nan -nan -nan -nan -nan -nan -nan -nan -nan -nan -nan -nan -nan -nan -nan -nan -nan -nan -nan -nan -nan -nan -nan -nan -nan -nan -nan -nan -nan -nan -nan -nan -nan -nan -nan -nan -nan -nan -nan -nan -nan 0
0.0756 0 -nan -nan -nan -nan -nan -nan -nan -nan -nan -nan -nan -nan -nan -nan -nan -nan -nan -nan -nan -nan -nan -nan -nan -nan -nan -nan -nan -nan -nan -nan -nan -nan -nan -nan -nan -nan -nan -nan -nan -nan -nan -nan -nan -nan -nan -nan -nan -nan -nan -nan -nan -nan -nan -nan -nan -nan -nan -nan -nan -nan -nan -nan -nan -nan -nan -nan -nan -nan -nan -nan -nan -nan -nan -nan -nan -nan -nan -nan -nan -nan -nan -nan -nan -nan -nan -nan -nan -nan -nan -nan -nan -nan -nan -nan -nan -nan -nan -nan -nan 0
0.0758 0 -nan -nan -nan -nan -nan -nan -nan -nan -nan -nan -nan -nan -nan -nan -nan -nan -nan -nan -nan -nan -nan -nan -nan -nan -nan -nan -nan -nan -nan -nan -nan -nan -nan -nan -nan -nan -nan -nan -nan -nan -nan -nan -nan -nan -nan -nan -nan -nan -nan -nan -nan -nan -nan -nan -nan -nan -nan -nan -nan -nan -nan -nan -nan -nan -nan -nan -nan -nan -nan -nan -nan -nan -nan -nan -nan -nan -nan -nan -nan -nan -nan -nan -nan -nan -nan -nan -nan -nan -nan -nan -nan -nan -nan -nan -nan -nan -nan -nan -nan 0
0.076 0 -nan -nan -nan -nan -nan -nan -nan -nan -nan -nan -nan -nan -nan -nan -nan -nan -nan -nan -nan -nan -nan -nan -nan -nan -nan -nan -nan -nan -nan -nan -nan -nan -nan -nan -nan -nan -nan -nan -nan -nan -nan -nan -nan -nan -nan -nan -nan -nan -nan -nan -nan -nan -nan -nan -nan -nan -nan -nan -nan -nan -nan -nan -nan -nan -nan -nan -nan -nan -nan -nan -nan -nan -nan -nan -nan -nan -nan -nan -nan -nan -nan -nan -nan -nan -nan -nan -nan -nan -nan -nan -nan -nan -nan -nan -nan -nan -nan -nan -nan 0
0.0762 0 -nan -nan -nan -nan -nan -nan -nan -nan -nan -nan -nan -nan -nan -nan -nan -nan -nan -nan -nan -nan -nan -nan -nan -nan -nan -nan -nan -nan -nan -nan -nan -nan -nan -nan -nan -nan -nan -nan -nan -nan -nan -nan -nan -nan -nan -nan -nan -nan -nan -nan -nan -nan -nan -nan -nan -nan -nan -nan -nan -nan -nan -nan -nan -nan -nan -nan -nan -nan -nan -nan -nan -nan -nan -nan -nan -nan -nan -nan -nan -nan -nan -nan -nan -nan -nan -nan -nan -nan -nan -nan -nan -nan -nan -nan -nan -nan -nan -nan -nan 0
0.0764 0 -nan -nan -nan -nan -nan -nan -nan -nan -nan -nan -nan -nan -nan -nan -nan -nan -nan -nan -nan -nan -nan -nan -nan -nan -nan -nan -nan -nan -nan -nan -nan -nan -nan -nan -nan -nan -nan -nan -nan -nan -nan -nan -nan -nan -nan -nan -nan -nan -nan -nan -nan -nan -nan -nan -nan -nan -nan -nan -nan -nan -nan -nan -nan -nan -nan -nan -nan -nan -nan -nan -nan -nan -nan -nan -nan -nan -nan -nan -nan -nan -nan -nan -nan -nan -nan -nan -nan -nan -nan -nan -nan -nan -nan -nan -nan -nan -nan -nan -nan 0
0.0766 0 -nan -nan -nan -nan -nan -nan -nan -nan -nan -nan -nan -nan -nan -nan -nan -nan -nan -nan -nan -nan -nan -nan -nan -nan -nan -nan -nan -nan -nan -nan -nan -nan -nan -nan -nan -nan -nan -nan -nan -nan -nan -nan -nan -nan -nan -nan -nan -nan -nan -nan -nan -nan -nan -nan -nan -nan -nan -nan -nan -nan -nan -nan -nan -nan -nan -nan -nan -nan -nan -nan -nan -nan -nan -nan -nan -nan -nan -nan -nan -nan -nan -nan -nan -nan -nan -nan -nan -nan -nan -nan -nan -nan -nan -nan -nan -nan -nan -nan -nan 0
0.0768 0 -nan -nan -nan -nan -nan -nan -nan -nan -nan -nan -nan -nan -nan -nan -nan -nan -nan -nan -nan -nan -nan -nan -nan -nan -nan -nan -nan -nan -nan -nan -nan -nan -nan -nan -nan -nan -nan -nan -nan -nan -nan -nan -nan -nan -nan -nan -nan -nan -nan -nan -nan -nan -nan -nan -nan -nan -nan -nan -nan -nan -nan -nan -nan -nan -nan -nan -nan -nan -nan -nan -nan -nan -nan -nan -nan -nan -nan -nan -nan -nan -nan -nan -nan -nan -nan -nan -nan -nan -nan -nan -nan -nan -nan -nan -nan -nan -nan -nan -nan 0
0.077 0 -nan -nan -nan -nan -nan -nan -nan -nan -nan -nan -nan -nan -nan -nan -nan -nan -nan -nan -nan -nan -nan -nan -nan -nan -nan -nan -nan -nan -nan -nan -nan -nan -nan -nan -nan -nan -nan -nan -nan -nan -nan -nan -nan -nan -nan -nan -nan -nan -nan -nan -nan -nan -nan -nan -nan -nan -nan -nan -nan -nan -nan -nan -nan -nan -nan -nan -nan -nan -nan -nan -nan -nan -nan -nan -nan -nan -nan -nan -nan -nan -nan -nan -nan -nan -nan -nan -nan -nan -nan -nan -nan -nan -nan -nan -nan -nan -nan -nan -nan 0
0.0772 0 -nan -nan -nan -nan -nan -nan -nan -nan -nan -nan -nan -nan -nan -nan -nan -nan -nan -nan -nan -nan -nan -nan -nan -nan -nan -nan -nan -nan -nan -nan -nan -nan -nan -nan -nan -nan -nan -nan -nan -nan -nan -nan -nan -nan -nan -nan -nan -nan -nan -nan -nan -nan -nan -nan -nan -nan -nan -nan -nan -nan -nan -nan -nan -nan -nan -nan -nan -nan -nan -nan -nan -nan -nan -nan -nan -nan -nan -nan -nan -nan -nan -nan -nan -nan -nan -nan -nan -nan -nan -nan -nan -nan -nan -nan -nan -nan -nan -nan -nan 0
0.0774 0 -nan -nan -nan -nan -nan -nan -nan -nan -nan -nan -nan -nan -nan -nan -nan -nan -nan -nan -nan -nan -nan -nan -nan -nan -nan -nan -nan -nan -nan -nan -nan -nan -nan -nan -nan -nan -nan -nan -nan -nan -nan -nan -nan -nan -nan -nan -nan -nan -nan -nan -nan -nan -nan -nan -nan -nan -nan -nan -nan -nan -nan -nan -nan -nan -nan -nan -nan -nan -nan -nan -nan -nan -nan -nan -nan -nan -nan -nan -nan -nan -nan -nan -nan -nan -nan -nan -nan -nan -nan -nan -nan -nan -nan -nan -nan -nan -nan -nan -nan 0
0.0776 0 -nan -nan -nan -nan -nan -nan -nan -nan -nan -nan -nan -nan -nan -nan -nan -nan -nan -nan -nan -nan -nan -nan -nan -nan -nan -nan -nan -nan -nan -nan -nan -nan -nan -nan -nan -nan -nan -nan -nan -nan -nan -nan -nan -nan -nan -nan -nan -nan -nan -nan -nan -nan -nan -nan -nan -nan -nan -nan -nan -nan -nan -nan -nan -nan -nan -nan -nan -nan -nan -nan -nan -nan -nan -nan -nan -nan -nan -nan -nan -nan -nan -nan -nan -nan -nan -nan -nan -nan -nan -nan -nan -nan -nan -nan -nan -nan -nan -nan -nan 0
0.0778 0 -nan -nan -nan -nan -nan -nan -nan -nan -nan -nan -nan -nan -nan -nan -nan -nan -nan -nan -nan -nan -nan -nan -nan -nan -nan -nan -nan -nan -nan -nan -nan -nan -nan -nan -nan -nan -nan -nan -nan -nan -nan -nan -nan -nan -nan -nan -nan -nan -nan -nan -nan -nan -nan -nan -nan -nan -nan -nan -nan -nan -nan -nan -nan -nan -nan -nan -nan -nan -nan -nan -nan -nan -nan -nan -nan -nan -nan -nan -nan -nan -nan -nan -nan -nan -nan -nan -nan -nan -nan -nan -nan -nan -nan -nan -nan -nan -nan -nan -nan 0
0.078 0 -nan -nan -nan -nan -nan -nan -nan -nan -nan -nan -nan -nan -nan -nan -nan -nan -nan -nan -nan -nan -nan -nan -nan -nan -nan -nan -nan -nan -nan -nan -nan -nan -nan -nan -nan -nan -nan -nan -nan -nan -nan -nan -nan -nan -nan -nan -nan -nan -nan -nan -nan -nan -nan -nan -nan -nan -nan -nan -nan -nan -nan -nan -nan -nan -nan -nan -nan -nan -nan -nan -nan -nan -nan -nan -nan -nan -nan -nan -nan -nan -nan -nan -nan -nan -nan -nan -nan -nan -nan -nan -nan -nan -nan -nan -nan -nan -nan -nan -nan 0
0.0782 0 -nan -nan -nan -nan -nan -nan -nan -nan -nan -nan -nan -nan -nan -nan -nan -nan -nan -nan -nan -nan -nan -nan -nan -nan -nan -nan -nan -nan -nan -nan -nan -nan -nan -nan -nan -nan -nan -nan -nan -nan -nan -nan -nan -nan -nan -nan -nan -nan -nan -nan -nan -nan -nan -nan -nan -nan -nan -nan -nan -nan -nan -nan -nan -nan -nan -nan -nan -nan -nan -nan -nan -nan -nan -nan -nan -nan -nan -nan -nan -nan -nan -nan -nan -nan -nan -nan -nan -nan -nan -nan -nan -nan -nan -nan -nan -nan -nan -nan -nan 0
0.0784 0 -nan -nan -nan -nan -nan -nan -nan -nan -nan -nan -nan -nan -nan -nan -nan -nan -nan -nan -nan -nan -nan -nan -nan -nan -nan -nan -nan -nan -nan -nan -nan -nan -nan -nan -nan -nan -nan -nan -nan -nan -nan -nan -nan -nan -nan -nan -nan -nan -nan -nan -nan -nan -nan -nan -nan -nan -nan -nan -nan -nan -nan -nan -nan -nan -nan -nan -nan -nan -nan -nan -nan -nan -nan -nan -nan -nan -nan -nan -nan -nan -nan -nan -nan -nan -nan -nan -nan -nan -nan -nan -nan -nan -nan -nan -nan -nan -nan -nan -nan 0
0.0786 0 -nan -nan -nan -nan -nan -nan -nan -nan -nan -nan -nan -nan -nan -nan -nan -nan -nan -nan -nan -nan -nan -nan -nan -nan -nan -nan -nan -nan -nan -nan -nan -nan -nan -nan -nan -nan -nan -nan -nan -nan -nan -nan -nan -nan -nan -nan -nan -nan -nan -nan -nan -nan -nan -nan -nan -nan -nan -nan -nan -nan -nan -nan -nan -nan -nan -nan -nan -nan -nan -nan -nan -nan -nan -nan -nan -nan -nan -nan -nan -nan -nan -nan -nan -nan -nan -nan -nan -nan -nan -nan -nan -nan -nan -nan -nan -nan -nan -nan -nan 0
0.0788 0 -nan -nan -nan -nan -nan -nan -nan -nan -nan -nan -nan -nan -nan -nan -nan -nan -nan -nan -nan -nan -nan -nan -nan -nan -nan -nan -nan -nan -nan -nan -nan -nan -nan -nan -nan -nan -nan -nan -nan -nan -nan -nan -nan -nan -nan -nan -nan -nan -nan -nan -nan -nan -nan -nan -nan -nan -nan -nan -nan -nan -nan -nan -nan -nan -nan -nan -nan -nan -nan -nan -nan -nan -nan -nan -nan -nan -nan -nan -nan -nan -nan -nan -nan -nan -nan -nan -nan -nan -nan -nan -nan -nan -nan -nan -nan -nan -nan -nan -nan 0
0.079 0 -nan -nan -nan -nan -nan -nan -nan -nan -nan -nan -nan -nan -nan -nan -nan -nan -nan -nan -nan -nan -nan -nan -nan -nan -nan -nan -nan -nan -nan -nan -nan -nan -nan -nan -nan -nan -nan -nan -nan -nan -nan -nan -nan -nan -nan -nan -nan -nan -nan -nan -nan -nan -nan -nan -nan -nan -nan -nan -nan -nan -nan -nan -nan -nan -nan -nan -nan -nan -nan -nan -nan -nan -nan -nan -nan -nan -nan -nan -nan -nan -nan -nan -nan -nan -nan -nan -nan -nan -nan -nan -nan -nan -nan -nan -nan -nan -nan -nan -nan 0
0.0792 0 -nan -nan -nan -nan -nan -nan -nan -nan -nan -nan -nan -nan -nan -nan -nan -nan -nan -nan -nan -nan -nan -nan -nan -nan -nan -nan -nan -nan -nan -nan -nan -nan -nan -nan -nan -nan -nan -nan -nan -nan -nan -nan -nan -nan -nan -nan -nan -nan -nan -nan -nan -nan -nan -nan -nan -nan -nan -nan -nan -nan -nan -nan -nan -nan -nan -nan -nan -nan -nan -nan -nan -nan -nan -nan -nan -nan -nan -nan -nan -nan -nan -nan -nan -nan -nan -nan -nan -nan -nan -nan -nan -nan -nan -nan -nan -nan -nan -nan -nan 0
0.0794 0 -nan -nan -nan -nan -nan -nan -nan -nan -nan -nan -nan -nan -nan -nan -nan -nan -nan -nan -nan -nan -nan -nan -nan -nan -nan -nan -nan -nan -nan -nan -nan -nan -nan -nan -nan -nan -nan -nan -nan -nan -nan -nan -nan -nan -nan -nan -nan -nan -nan -nan -nan -nan -nan -nan -nan -nan -nan -nan -nan -nan -nan -nan -nan -nan -nan -nan -nan -nan -nan -nan -nan -nan -nan -nan -nan -nan -nan -nan -nan -nan -nan -nan -nan -nan -nan -nan -nan -nan -nan -nan -nan -nan -nan -nan -nan -nan -nan -nan -nan 0
0.0796 0 -nan -nan -nan -nan -nan -nan -nan -nan -nan -nan -nan -nan -nan -nan -nan -nan -nan -nan -nan -nan -nan -nan -nan -nan -nan -nan -nan -nan -nan -nan -nan -nan -nan -nan -nan -nan -nan -nan -nan -nan -nan -nan -nan -nan -nan -nan -nan -nan -nan -nan -nan -nan -nan -nan -nan -nan -nan -nan -nan -nan -nan -nan -nan -nan -nan -nan -nan -nan -nan -nan -nan -nan -nan -nan -nan -nan -nan -nan -nan -nan -nan -nan -nan -nan -nan -nan -nan -nan -nan -nan -nan -nan -nan -nan -nan -nan -nan -nan -nan 0
0.0798 0 -nan -nan -nan -nan -nan -nan -nan -nan -nan -nan -nan -nan -nan -nan -nan -nan -nan -nan -nan -nan -nan -nan -nan -nan -nan -nan -nan -nan -nan -nan -nan -nan -nan -nan -nan -nan -nan -nan -nan -nan -nan -nan -nan -nan -nan -nan -nan -nan -nan -nan -nan -nan -nan -nan -nan -nan -nan -nan -nan -nan -nan -nan -nan -nan -nan -nan -nan -nan -nan -nan -nan -nan -nan -nan -nan -nan -nan -nan -nan -nan -nan -nan -nan -nan -nan -nan -nan -nan -nan -nan -nan -nan -nan -nan -nan -nan -nan -nan -nan 0
0.08 0 -nan -nan -nan -nan -nan -nan -nan -nan -nan -nan -nan -nan -nan -nan -nan -nan -nan -nan -nan -nan -nan -nan -nan -nan -nan -nan -nan -nan -nan -nan -nan -nan -nan -nan -nan -nan -nan -nan -nan -nan -nan -nan -nan -nan -nan -nan -nan -nan -nan -nan -nan -nan -nan -nan -nan -nan -nan -nan -nan -nan -nan -nan -nan -nan -nan -nan -nan -nan -nan -nan -nan -nan -nan -nan -nan -nan -nan -nan -nan -nan -nan -nan -nan -nan -nan -nan -nan -nan -nan -nan -nan -nan -nan -nan -nan -nan -nan -nan -nan 0
0.0802 0 -nan -nan -nan -nan -nan -nan -nan -nan -nan -nan -nan -nan -nan -nan -nan -nan -nan -nan -nan -nan -nan -nan -nan -nan -nan -nan -nan -nan -nan -nan -nan -nan -nan -nan -nan -nan -nan -nan -nan -nan -nan -nan -nan -nan -nan -nan -nan -nan -nan -nan -nan -nan -nan -nan -nan -nan -nan -nan -nan -nan -nan -nan -nan -nan -nan -nan -nan -nan -nan -nan -nan -nan -nan -nan -nan -nan -nan -nan -nan -nan -nan -nan -nan -nan -nan -nan -nan -nan -nan -nan -nan -nan -nan -nan -nan -nan -nan -nan -nan 0
0.0804 0 -nan -nan -nan -nan -nan -nan -nan -nan -nan -nan -nan -nan -nan -nan -nan -nan -nan -nan -nan -nan -nan -nan -nan -nan -nan -nan -nan -nan -nan -nan -nan -nan -nan -nan -nan -nan -nan -nan -nan -nan -nan -nan -nan -nan -nan -nan -nan -nan -nan -nan -nan -nan -nan -nan -nan -nan -nan -nan -nan -nan -nan -nan -nan -nan -nan -nan -nan -nan -nan -nan -nan -nan -nan -nan -nan -nan -nan -nan -nan -nan -nan -nan -nan -nan -nan -nan -nan -nan -nan -nan -nan -nan -nan -nan -nan -nan -nan -nan -nan 0
0.0806 0 -nan -nan -nan -nan -nan -nan -nan -nan -nan -nan -nan -nan -nan -nan -nan -nan -nan -nan -nan -nan -nan -nan -nan -nan -nan -nan -nan -nan -nan -nan -nan -nan -nan -nan -nan -nan -nan -nan -nan -nan -nan -nan -nan -nan -nan -nan -nan -nan -nan -nan -nan -nan -nan -nan -nan -nan -nan -nan -nan -nan -nan -nan -nan -nan -nan -nan -nan -nan -nan -nan -nan -nan -nan -nan -nan -nan -nan -nan -nan -nan -nan -nan -nan -nan -nan -nan -nan -nan -nan -nan -nan -nan -nan -nan -nan -nan -nan -nan -nan 0
0.0808 0 -nan -nan -nan -nan -nan -nan -nan -nan -nan -nan -nan -nan -nan -nan -nan -nan -nan -nan -nan -nan -nan -nan -nan -nan -nan -nan -nan -nan -nan -nan -nan -nan -nan -nan -nan -nan -nan -nan -nan -nan -nan -nan -nan -nan -nan -nan -nan -nan -nan -nan -nan -nan -nan -nan -nan -nan -nan -nan -nan -nan -nan -nan -nan -nan -nan -nan -nan -nan -nan -nan -nan -nan -nan -nan -nan -nan -nan -nan -nan -nan -nan -nan -nan -nan -nan -nan -nan -nan -nan -nan -nan -nan -nan -nan -nan -nan -nan -nan -nan 0
0.081 0 -nan -nan -nan -nan -nan -nan -nan -nan -nan -nan -nan -nan -nan -nan -nan -nan -nan -nan -nan -nan -nan -nan -nan -nan -nan -nan -nan -nan -nan -nan -nan -nan -nan -nan -nan -nan -nan -nan -nan -nan -nan -nan -nan -nan -nan -nan -nan -nan -nan -nan -nan -nan -nan -nan -nan -nan -nan -nan -nan -nan -nan -nan -nan -nan -nan -nan -nan -nan -nan -nan -nan -nan -nan -nan -nan -nan -nan -nan -nan -nan -nan -nan -nan -nan -nan -nan -nan -nan -nan -nan -nan -nan -nan -nan -nan -nan -nan -nan -nan 0
0.0812 0 -nan -nan -nan -nan -nan -nan -nan -nan -nan -nan -nan -nan -nan -nan -nan -nan -nan -nan -nan -nan -nan -nan -nan -nan -nan -nan -nan -nan -nan -nan -nan -nan -nan -nan -nan -nan -nan -nan -nan -nan -nan -nan -nan -nan -nan -nan -nan -nan -nan -nan -nan -nan -nan -nan -nan -nan -nan -nan -nan -nan -nan -nan -nan -nan -nan -nan -nan -nan -nan -nan -nan -nan -nan -nan -nan -nan -nan -nan -nan -nan -nan -nan -nan -nan -nan -nan -nan -nan -nan -nan -nan -nan -nan -nan -nan -nan -nan -nan -nan 0
0.0814 0 -nan -nan -nan -nan -nan -nan -nan -nan -nan -nan -nan -nan -nan -nan -nan -nan -nan -nan -nan -nan -nan -nan -nan -nan -nan -nan -nan -nan -nan -nan -nan -nan -nan -nan -nan -nan -nan -nan -nan -nan -nan -nan -nan -nan -nan -nan -nan -nan -nan -nan -nan -nan -nan -nan -nan -nan -nan -nan -nan -nan -nan -nan -nan -nan -nan -nan -nan -nan -nan -nan -nan -nan -nan -nan -nan -nan -nan -nan -nan -nan -nan -nan -nan -nan -nan -nan -nan -nan -nan -nan -nan -nan -nan -nan -nan -nan -nan -nan -nan 0
0.0816 0 -nan -nan -nan -nan -nan -nan -nan -nan -nan -nan -nan -nan -nan -nan -nan -nan -nan -nan -nan -nan -nan -nan -nan -nan -nan -nan -nan -nan -nan -nan -nan -nan -nan -nan -nan -nan -nan -nan -nan -nan -nan -nan -nan -nan -nan -nan -nan -nan -nan -nan -nan -nan -nan -nan -nan -nan -nan -nan -nan -nan -nan -nan -nan -nan -nan -nan -nan -nan -nan -nan -nan -nan -nan -nan -nan -nan -nan -nan -nan -nan -nan -nan -nan -nan -nan -nan -nan -nan -nan -nan -nan -nan -nan -nan -nan -nan -nan -nan -nan 0
0.0818 0 -nan -nan -nan -nan -nan -nan -nan -nan -nan -nan -nan -nan -nan -nan -nan -nan -nan -nan -nan -nan -nan -nan -nan -nan -nan -nan -nan -nan -nan -nan -nan -nan -nan -nan -nan -nan -nan -nan -nan -nan -nan -nan -nan -nan -nan -nan -nan -nan -nan -nan -nan -nan -nan -nan -nan -nan -nan -nan -nan -nan -nan -nan -nan -nan -nan -nan -nan -nan -nan -nan -nan -nan -nan -nan -nan -nan -nan -nan -nan -nan -nan -nan -nan -nan -nan -nan -nan -nan -nan -nan -nan -nan -nan -nan -nan -nan -nan -nan -nan 0
0.082 0 -nan -nan -nan -nan -nan -nan -nan -nan -nan -nan -nan -nan -nan -nan -nan -nan -nan -nan -nan -nan -nan -nan -nan -nan -nan -nan -nan -nan -nan -nan -nan -nan -nan -nan -nan -nan -nan -nan -nan -nan -nan -nan -nan -nan -nan -nan -nan -nan -nan -nan -nan -nan -nan -nan -nan -nan -nan -nan -nan -nan -nan -nan -nan -nan -nan -nan -nan -nan -nan -nan -nan -nan -nan -nan -nan -nan -nan -nan -nan -nan -nan -nan -nan -nan -nan -nan -nan -nan -nan -nan -nan -nan -nan -nan -nan -nan -nan -nan -nan 0
0.0822 0 -nan -nan -nan -nan -nan -nan -nan -nan -nan -nan -nan -nan -nan -nan -nan -nan -nan -nan -nan -nan -nan -nan -nan -nan -nan -nan -nan -nan -nan -nan -nan -nan -nan -nan -nan -nan -nan -nan -nan -nan -nan -nan -nan -nan -nan -nan -nan -nan -nan -nan -nan -nan -nan -nan -nan -nan -nan -nan -nan -nan -nan -nan -nan -nan -nan -nan -nan -nan -nan -nan -nan -nan -nan -nan -nan -nan -nan -nan -nan -nan -nan -nan -nan -nan -nan -nan -nan -nan -nan -nan -nan -nan -nan -nan -nan -nan -nan -nan -nan 0
0.0824 0 -nan -nan -nan -nan -nan -nan -nan -nan -nan -nan -nan -nan -nan -nan -nan -nan -nan -nan -nan -nan -nan -nan -nan -nan -nan -nan -nan -nan -nan -nan -nan -nan -nan -nan -nan -nan -nan -nan -nan -nan -nan -nan -nan -nan -nan -nan -nan -nan -nan -nan -nan -nan -nan -nan -nan -nan -nan -nan -nan -nan -nan -nan -nan -nan -nan -nan -nan -nan -nan -nan -nan -nan -nan -nan -nan -nan -nan -nan -nan -nan -nan -nan -nan -nan -nan -nan -nan -nan -nan -nan -nan -nan -nan -nan -nan -nan -nan -nan -nan 0
0.0826 0 -nan -nan -nan -nan -nan -nan -nan -nan -nan -nan -nan -nan -nan -nan -nan -nan -nan -nan -nan -nan -nan -nan -nan -nan -nan -nan -nan -nan -nan -nan -nan -nan -nan -nan -nan -nan -nan -nan -nan -nan -nan -nan -nan -nan -nan -nan -nan -nan -nan -nan -nan -nan -nan -nan -nan -nan -nan -nan -nan -nan -nan -nan -nan -nan -nan -nan -nan -nan -nan -nan -nan -nan -nan -nan -nan -nan -nan -nan -nan -nan -nan -nan -nan -nan -nan -nan -nan -nan -nan -nan -nan -nan -nan -nan -nan -nan -nan -nan -nan 0
0.0828 0 -nan -nan -nan -nan -nan -nan -nan -nan -nan -nan -nan -nan -nan -nan -nan -nan -nan -nan -nan -nan -nan -nan -nan -nan -nan -nan -nan -nan -nan -nan -nan -nan -nan -nan -nan -nan -nan -nan -nan -nan -nan -nan -nan -nan -nan -nan -nan -nan -nan -nan -nan -nan -nan -nan -nan -nan -nan -nan -nan -nan -nan -nan -nan -nan -nan -nan -nan -nan -nan -nan -nan -nan -nan -nan -nan -nan -nan -nan -nan -nan -nan -nan -nan -nan -nan -nan -nan -nan -nan -nan -nan -nan -nan -nan -nan -nan -nan -nan -nan 0
0.083 0 -nan -nan -nan -nan -nan -nan -nan -nan -nan -nan -nan -nan -nan -nan -nan -nan -nan -nan -nan -nan -nan -nan -nan -nan -nan -nan -nan -nan -nan -nan -nan -nan -nan -nan -nan -nan -nan -nan -nan -nan -nan -nan -nan -nan -nan -nan -nan -nan -nan -nan -nan -nan -nan -nan -nan -nan -nan -nan -nan -nan -nan -nan -nan -nan -nan -nan -nan -nan -nan -nan -nan -nan -nan -nan -nan -nan -nan -nan -nan -nan -nan -nan -nan -nan -nan -nan -nan -nan -nan -nan -nan -nan -nan -nan -nan -nan -nan -nan -nan 0
0.0832 0 -nan -nan -nan -nan -nan -nan -nan -nan -nan -nan -nan -nan -nan -nan -nan -nan -nan -nan -nan -nan -nan -nan -nan -nan -nan -nan -nan -nan -nan -nan -nan -nan -nan -nan -nan -nan -nan -nan -nan -nan -nan -nan -nan -nan -nan -nan -nan -nan -nan -nan -nan -nan -nan -nan -nan -nan -nan -nan -nan -nan -nan -nan -nan -nan -nan -nan -nan -nan -nan -nan -nan -nan -nan -nan -nan -nan -nan -nan -nan -nan -nan -nan -nan -nan -nan -nan -nan -nan -nan -nan -nan -nan -nan -nan -nan -nan -nan -nan -nan 0
0.0834 0 -nan -nan -nan -nan -nan -nan -nan -nan -nan -nan -nan -nan -nan -nan -nan -nan -nan -nan -nan -nan -nan -nan -nan -nan -nan -nan -nan -nan -nan -nan -nan -nan -nan -nan -nan -nan -nan -nan -nan -nan -nan -nan -nan -nan -nan -nan -nan -nan -nan -nan -nan -nan -nan -nan -nan -nan -nan -nan -nan -nan -nan -nan -nan -nan -nan -nan -nan -nan -nan -nan -nan -nan -nan -nan -nan -nan -nan -nan -nan -nan -nan -nan -nan -nan -nan -nan -nan -nan -nan -nan -nan -nan -nan -nan -nan -nan -nan -nan -nan 0
0.0836 0 -nan -nan -nan -nan -nan -nan -nan -nan -nan -nan -nan -nan -nan -nan -nan -nan -nan -nan -nan -nan -nan -nan -nan -nan -nan -nan -nan -nan -nan -nan -nan -nan -nan -nan -nan -nan -nan -nan -nan -nan -nan -nan -nan -nan -nan -nan -nan -nan -nan -nan -nan -nan -nan -nan -nan -nan -nan -nan -nan -nan -nan -nan -nan -nan -nan -nan -nan -nan -nan -nan -nan -nan -nan -nan -nan -nan -nan -nan -nan -nan -nan -nan -nan -nan -nan -nan -nan -nan -nan -nan -nan -nan -nan -nan -nan -nan -nan -nan -nan 0
0.0838 0 -nan -nan -nan -nan -nan -nan -nan -nan -nan -nan -nan -nan -nan -nan -nan -nan -nan -nan -nan -nan -nan -nan -nan -nan -nan -nan -nan -nan -nan -nan -nan -nan -nan -nan -nan -nan -nan -nan -nan -nan -nan -nan -nan -nan -nan -nan -nan -nan -nan -nan -nan -nan -nan -nan -nan -nan -nan -nan -nan -nan -nan -nan -nan -nan -nan -nan -nan -nan -nan -nan -nan -nan -nan -nan -nan -nan -nan -nan -nan -nan -nan -nan -nan -nan -nan -nan -nan -nan -nan -nan -nan -nan -nan -nan -nan -nan -nan -nan -nan 0
0.084 0 -nan -nan -nan -nan -nan -nan -nan -nan -nan -nan -nan -nan -nan -nan -nan -nan -nan -nan -nan -nan -nan -nan -nan -nan -nan -nan -nan -nan -nan -nan -nan -nan -nan -nan -nan -nan -nan -nan -nan -nan -nan -nan -nan -nan -nan -nan -nan -nan -nan -nan -nan -nan -nan -nan -nan -nan -nan -nan -nan -nan -nan -nan -nan -nan -nan -nan -nan -nan -nan -nan -nan -nan -nan -nan -nan -nan -nan -nan -nan -nan -nan -nan -nan -nan -nan -nan -nan -nan -nan -nan -nan -nan -nan -nan -nan -nan -nan -nan -nan 0
0.0842 0 -nan -nan -nan -nan -nan -nan -nan -nan -nan -nan -nan -nan -nan -nan -nan -nan -nan -nan -nan -nan -nan -nan -nan -nan -nan -nan -nan -nan -nan -nan -nan -nan -nan -nan -nan -nan -nan -nan -nan -nan -nan -nan -nan -nan -nan -nan -nan -nan -nan -nan -nan -nan -nan -nan -nan -nan -nan -nan -nan -nan -nan -nan -nan -nan -nan -nan -nan -nan -nan -nan -nan -nan -nan -nan -nan -nan -nan -nan -nan -nan -nan -nan -nan -nan -nan -nan -nan -nan -nan -nan -nan -nan -nan -nan -nan -nan -nan -nan -nan 0
0.0844 0 -nan -nan -nan -nan -nan -nan -nan -nan -nan -nan -nan -nan -nan -nan -nan -nan -nan -nan -nan -nan -nan -nan -nan -nan -nan -nan -nan -nan -nan -nan -nan -nan -nan -nan -nan -nan -nan -nan -nan -nan -nan -nan -nan -nan -nan -nan -nan -nan -nan -nan -nan -nan -nan -nan -nan -nan -nan -nan -nan -nan -nan -nan -nan -nan -nan -nan -nan -nan -nan -nan -nan -nan -nan -nan -nan -nan -nan -nan -nan -nan -nan -nan -nan -nan -nan -nan -nan -nan -nan -nan -nan -nan -nan -nan -nan -nan -nan -nan -nan 0
0.0846 0 -nan -nan -nan -nan -nan -nan -nan -nan -nan -nan -nan -nan -nan -nan -nan -nan -nan -nan -nan -nan -nan -nan -nan -nan -nan -nan -nan -nan -nan -nan -nan -nan -nan -nan -nan -nan -nan -nan -nan -nan -nan -nan -nan -nan -nan -nan -nan -nan -nan -nan -nan -nan -nan -nan -nan -nan -nan -nan -nan -nan -nan -nan -nan -nan -nan -nan -nan -nan -nan -nan -nan -nan -nan -nan -nan -nan -nan -nan -nan -nan -nan -nan -nan -nan -nan -nan -nan -nan -nan -nan -nan -nan -nan -nan -nan -nan -nan -nan -nan 0
0.0848 0 -nan -nan -nan -nan -nan -nan -nan -nan -nan -nan -nan -nan -nan -nan -nan -nan -nan -nan -nan -nan -nan -nan -nan -nan -nan -nan -nan -nan -nan -nan -nan -nan -nan -nan -nan -nan -nan -nan -nan -nan -nan -nan -nan -nan -nan -nan -nan -nan -nan -nan -nan -nan -nan -nan -nan -nan -nan -nan -nan -nan -nan -nan -nan -nan -nan -nan -nan -nan -nan -nan -nan -nan -nan -nan -nan -nan -nan -nan -nan -nan -nan -nan -nan -nan -nan -nan -nan -nan -nan -nan -nan -nan -nan -nan -nan -nan -nan -nan -nan 0
0.085 0 -nan -nan -nan -nan -nan -nan -nan -nan -nan -nan -nan -nan -nan -nan -nan -nan -nan -nan -nan -nan -nan -nan -nan -nan -nan -nan -nan -nan -nan -nan -nan -nan -nan -nan -nan -nan -nan -nan -nan -nan -nan -nan -nan -nan -nan -nan -nan -nan -nan -nan -nan -nan -nan -nan -nan -nan -nan -nan -nan -nan -nan -nan -nan -nan -nan -nan -nan -nan -nan -nan -nan -nan -nan -nan -nan -nan -nan -nan -nan -nan -nan -nan -nan -nan -nan -nan -nan -nan -nan -nan -nan -nan -nan -nan -nan -nan -nan -nan -nan 0
0.0852 0 -nan -nan -nan -nan -nan -nan -nan -nan -nan -nan -nan -nan -nan -nan -nan -nan -nan -nan -nan -nan -nan -nan -nan -nan -nan -nan -nan -nan -nan -nan -nan -nan -nan -nan -nan -nan -nan -nan -nan -nan -nan -nan -nan -nan -nan -nan -nan -nan -nan -nan -nan -nan -nan -nan -nan -nan -nan -nan -nan -nan -nan -nan -nan -nan -nan -nan -nan -nan -nan -nan -nan -nan -nan -nan -nan -nan -nan -nan -nan -nan -nan -nan -nan -nan -nan -nan -nan -nan -nan -nan -nan -nan -nan -nan -nan -nan -nan -nan -nan 0
0.0854 0 -nan -nan -nan -nan -nan -nan -nan -nan -nan -nan -nan -nan -nan -nan -nan -nan -nan -nan -nan -nan -nan -nan -nan -nan -nan -nan -nan -nan -nan -nan -nan -nan -nan -nan -nan -nan -nan -nan -nan -nan -nan -nan -nan -nan -nan -nan -nan -nan -nan -nan -nan -nan -nan -nan -nan -nan -nan -nan -nan -nan -nan -nan -nan -nan -nan -nan -nan -nan -nan -nan -nan -nan -nan -nan -nan -nan -nan -nan -nan -nan -nan -nan -nan -nan -nan -nan -nan -nan -nan -nan -nan -nan -nan -nan -nan -nan -nan -nan -nan 0
0.0856 0 -nan -nan -nan -nan -nan -nan -nan -nan -nan -nan -nan -nan -nan -nan -nan -nan -nan -nan -nan -nan -nan -nan -nan -nan -nan -nan -nan -nan -nan -nan -nan -nan -nan -nan -nan -nan -nan -nan -nan -nan -nan -nan -nan -nan -nan -nan -nan -nan -nan -nan -nan -nan -nan -nan -nan -nan -nan -nan -nan -nan -nan -nan -nan -nan -nan -nan -nan -nan -nan -nan -nan -nan -nan -nan -nan -nan -nan -nan -nan -nan -nan -nan -nan -nan -nan -nan -nan -nan -nan -nan -nan -nan -nan -nan -nan -nan -nan -nan -nan 0
0.0858 0 -nan -nan -nan -nan -nan -nan -nan -nan -nan -nan -nan -nan -nan -nan -nan -nan -nan -nan -nan -nan -nan -nan -nan -nan -nan -nan -nan -nan -nan -nan -nan -nan -nan -nan -nan -nan -nan -nan -nan -nan -nan -nan -nan -nan -nan -nan -nan -nan -nan -nan -nan -nan -nan -nan -nan -nan -nan -nan -nan -nan -nan -nan -nan -nan -nan -nan -nan -nan -nan -nan -nan -nan -nan -nan -nan -nan -nan -nan -nan -nan -nan -nan -nan -nan -nan -nan -nan -nan -nan -nan -nan -nan -nan -nan -nan -nan -nan -nan -nan 0
0.086 0 -nan -nan -nan -nan -nan -nan -nan -nan -nan -nan -nan -nan -nan -nan -nan -nan -nan -nan -nan -nan -nan -nan -nan -nan -nan -nan -nan -nan -nan -nan -nan -nan -nan -nan -nan -nan -nan -nan -nan -nan -nan -nan -nan -nan -nan -nan -nan -nan -nan -nan -nan -nan -nan -nan -nan -nan -nan -nan -nan -nan -nan -nan -nan -nan -nan -nan -nan -nan -nan -nan -nan -nan -nan -nan -nan -nan -nan -nan -nan -nan -nan -nan -nan -nan -nan -nan -nan -nan -nan -nan -nan -nan -nan -nan -nan -nan -nan -nan -nan 0
0.0862 0 -nan -nan -nan -nan -nan -nan -nan -nan -nan -nan -nan -nan -nan -nan -nan -nan -nan -nan -nan -nan -nan -nan -nan -nan -nan -nan -nan -nan -nan -nan -nan -nan -nan -nan -nan -nan -nan -nan -nan -nan -nan -nan -nan -nan -nan -nan -nan -nan -nan -nan -nan -nan -nan -nan -nan -nan -nan -nan -nan -nan -nan -nan -nan -nan -nan -nan -nan -nan -nan -nan -nan -nan -nan -nan -nan -nan -nan -nan -nan -nan -nan -nan -nan -nan -nan -nan -nan -nan -nan -nan -nan -nan -nan -nan -nan -nan -nan -nan -nan 0
0.0864 0 -nan -nan -nan -nan -nan -nan -nan -nan -nan -nan -nan -nan -nan -nan -nan -nan -nan -nan -nan -nan -nan -nan -nan -nan -nan -nan -nan -nan -nan -nan -nan -nan -nan -nan -nan -nan -nan -nan -nan -nan -nan -nan -nan -nan -nan -nan -nan -nan -nan -nan -nan -nan -nan -nan -nan -nan -nan -nan -nan -nan -nan -nan -nan -nan -nan -nan -nan -nan -nan -nan -nan -nan -nan -nan -nan -nan -nan -nan -nan -nan -nan -nan -nan -nan -nan -nan -nan -nan -nan -nan -nan -nan -nan -nan -nan -nan -nan -nan -nan 0
0.0866 0 -nan -nan -nan -nan -nan -nan -nan -nan -nan -nan -nan -nan -nan -nan -nan -nan -nan -nan -nan -nan -nan -nan -nan -nan -nan -nan -nan -nan -nan -nan -nan -nan -nan -nan -nan -nan -nan -nan -nan -nan -nan -nan -nan -nan -nan -nan -nan -nan -nan -nan -nan -nan -nan -nan -nan -nan -nan -nan -nan -nan -nan -nan -nan -nan -nan -nan -nan -nan -nan -nan -nan -nan -nan -nan -nan -nan -nan -nan -nan -nan -nan -nan -nan -nan -nan -nan -nan -nan -nan -nan -nan -nan -nan -nan -nan -nan -nan -nan -nan 0
0.0868 0 -nan -nan -nan -nan -nan -nan -nan -nan -nan -nan -nan -nan -nan -nan -nan -nan -nan -nan -nan -nan -nan -nan -nan -nan -nan -nan -nan -nan -nan -nan -nan -nan -nan -nan -nan -nan -nan -nan -nan -nan -nan -nan -nan -nan -nan -nan -nan -nan -nan -nan -nan -nan -nan -nan -nan -nan -nan -nan -nan -nan -nan -nan -nan -nan -nan -nan -nan -nan -nan -nan -nan -nan -nan -nan -nan -nan -nan -nan -nan -nan -nan -nan -nan -nan -nan -nan -nan -nan -nan -nan -nan -nan -nan -nan -nan -nan -nan -nan -nan 0
0.087 0 -nan -nan -nan -nan -nan -nan -nan -nan -nan -nan -nan -nan -nan -nan -nan -nan -nan -nan -nan -nan -nan -nan -nan -nan -nan -nan -nan -nan -nan -nan -nan -nan -nan -nan -nan -nan -nan -nan -nan -nan -nan -nan -nan -nan -nan -nan -nan -nan -nan -nan -nan -nan -nan -nan -nan -nan -nan -nan -nan -nan -nan -nan -nan -nan -nan -nan -nan -nan -nan -nan -nan -nan -nan -nan -nan -nan -nan -nan -nan -nan -nan -nan -nan -nan -nan -nan -nan -nan -nan -nan -nan -nan -nan -nan -nan -nan -nan -nan -nan 0
0.0872 0 -nan -nan -nan -nan -nan -nan -nan -nan -nan -nan -nan -nan -nan -nan -nan -nan -nan -nan -nan -nan -nan -nan -nan -nan -nan -nan -nan -nan -nan -nan -nan -nan -nan -nan -nan -nan -nan -nan -nan -nan -nan -nan -nan -nan -nan -nan -nan -nan -nan -nan -nan -nan -nan -nan -nan -nan -nan -nan -nan -nan -nan -nan -nan -nan -nan -nan -nan -nan -nan -nan -nan -nan -nan -nan -nan -nan -nan -nan -nan -nan -nan -nan -nan -nan -nan -nan -nan -nan -nan -nan -nan -nan -nan -nan -nan -nan -nan -nan -nan 0
0.0874 0 -nan -nan -nan -nan -nan -nan -nan -nan -nan -nan -nan -nan -nan -nan -nan -nan -nan -nan -nan -nan -nan -nan -nan -nan -nan -nan -nan -nan -nan -nan -nan -nan -nan -nan -nan -nan -nan -nan -nan -nan -nan -nan -nan -nan -nan -nan -nan -nan -nan -nan -nan -nan -nan -nan -nan -nan -nan -nan -nan -nan -nan -nan -nan -nan -nan -nan -nan -nan -nan -nan -nan -nan -nan -nan -nan -nan -nan -nan -nan -nan -nan -nan -nan -nan -nan -nan -nan -nan -nan -nan -nan -nan -nan -nan -nan -nan -nan -nan -nan 0
0.0876 0 -nan -nan -nan -nan -nan -nan -nan -nan -nan -nan -nan -nan -nan -nan -nan -nan -nan -nan -nan -nan -nan -nan -nan -nan -nan -nan -nan -nan -nan -nan -nan -nan -nan -nan -nan -nan -nan -nan -nan -nan -nan -nan -nan -nan -nan -nan -nan -nan -nan -nan -nan -nan -nan -nan -nan -nan -nan -nan -nan -nan -nan -nan -nan -nan -nan -nan -nan -nan -nan -nan -nan -nan -nan -nan -nan -nan -nan -nan -nan -nan -nan -nan -nan -nan -nan -nan -nan -nan -nan -nan -nan -nan -nan -nan -nan -nan -nan -nan -nan 0
0.0878 0 -nan -nan -nan -nan -nan -nan -nan -nan -nan -nan -nan -nan -nan -nan -nan -nan -nan -nan -nan -nan -nan -nan -nan -nan -nan -nan -nan -nan -nan -nan -nan -nan -nan -nan -nan -nan -nan -nan -nan -nan -nan -nan -nan -nan -nan -nan -nan -nan -nan -nan -nan -nan -nan -nan -nan -nan -nan -nan -nan -nan -nan -nan -nan -nan -nan -nan -nan -nan -nan -nan -nan -nan -nan -nan -nan -nan -nan -nan -nan -nan -nan -nan -nan -nan -nan -nan -nan -nan -nan -nan -nan -nan -nan -nan -nan -nan -nan -nan -nan 0
0.088 0 -nan -nan -nan -nan -nan -nan -nan -nan -nan -nan -nan -nan -nan -nan -nan -nan -nan -nan -nan -nan -nan -nan -nan -nan -nan -nan -nan -nan -nan -nan -nan -nan -nan -nan -nan -nan -nan -nan -nan -nan -nan -nan -nan -nan -nan -nan -nan -nan -nan -nan -nan -nan -nan -nan -nan -nan -nan -nan -nan -nan -nan -nan -nan -nan -nan -nan -nan -nan -nan -nan -nan -nan -nan -nan -nan -nan -nan -nan -nan -nan -nan -nan -nan -nan -nan -nan -nan -nan -nan -nan -nan -nan -nan -nan -nan -nan -nan -nan -nan 0
0.0882 0 -nan -nan -nan -nan -nan -nan -nan -nan -nan -nan -nan -nan -nan -nan -nan -nan -nan -nan -nan -nan -nan -nan -nan -nan -nan -nan -nan -nan -nan -nan -nan -nan -nan -nan -nan -nan -nan -nan -nan -nan -nan -nan -nan -nan -nan -nan -nan -nan -nan -nan -nan -nan -nan -nan -nan -nan -nan -nan -nan -nan -nan -nan -nan -nan -nan -nan -nan -nan -nan -nan -nan -nan -nan -nan -nan -nan -nan -nan -nan -nan -nan -nan -nan -nan -nan -nan -nan -nan -nan -nan -nan -nan -nan -nan -nan -nan -nan -nan -nan 0
0.0884 0 -nan -nan -nan -nan -nan -nan -nan -nan -nan -nan -nan -nan -nan -nan -nan -nan -nan -nan -nan -nan -nan -nan -nan -nan -nan -nan -nan -nan -nan -nan -nan -nan -nan -nan -nan -nan -nan -nan -nan -nan -nan -nan -nan -nan -nan -nan -nan -nan -nan -nan -nan -nan -nan -nan -nan -nan -nan -nan -nan -nan -nan -nan -nan -nan -nan -nan -nan -nan -nan -nan -nan -nan -nan -nan -nan -nan -nan -nan -nan -nan -nan -nan -nan -nan -nan -nan -nan -nan -nan -nan -nan -nan -nan -nan -nan -nan -nan -nan -nan 0
0.0886 0 -nan -nan -nan -nan -nan -nan -nan -nan -nan -nan -nan -nan -nan -nan -nan -nan -nan -nan -nan -nan -nan -nan -nan -nan -nan -nan -nan -nan -nan -nan -nan -nan -nan -nan -nan -nan -nan -nan -nan -nan -nan -nan -nan -nan -nan -nan -nan -nan -nan -nan -nan -nan -nan -nan -nan -nan -nan -nan -nan -nan -nan -nan -nan -nan -nan -nan -nan -nan -nan -nan -nan -nan -nan -nan -nan -nan -nan -nan -nan -nan -nan -nan -nan -nan -nan -nan -nan -nan -nan -nan -nan -nan -nan -nan -nan -nan -nan -nan -nan 0
0.0888 0 -nan -nan -nan -nan -nan -nan -nan -nan -nan -nan -nan -nan -nan -nan -nan -nan -nan -nan -nan -nan -nan -nan -nan -nan -nan -nan -nan -nan -nan -nan -nan -nan -nan -nan -nan -nan -nan -nan -nan -nan -nan -nan -nan -nan -nan -nan -nan -nan -nan -nan -nan -nan -nan -nan -nan -nan -nan -nan -nan -nan -nan -nan -nan -nan -nan -nan -nan -nan -nan -nan -nan -nan -nan -nan -nan -nan -nan -nan -nan -nan -nan -nan -nan -nan -nan -nan -nan -nan -nan -nan -nan -nan -nan -nan -nan -nan -nan -nan -nan 0
0.089 0 -nan -nan -nan -nan -nan -nan -nan -nan -nan -nan -nan -nan -nan -nan -nan -nan -nan -nan -nan -nan -nan -nan -nan -nan -nan -nan -nan -nan -nan -nan -nan -nan -nan -nan -nan -nan -nan -nan -nan -nan -nan -nan -nan -nan -nan -nan -nan -nan -nan -nan -nan -nan -nan -nan -nan -nan -nan -nan -nan -nan -nan -nan -nan -nan -nan -nan -nan -nan -nan -nan -nan -nan -nan -nan -nan -nan -nan -nan -nan -nan -nan -nan -nan -nan -nan -nan -nan -nan -nan -nan -nan -nan -nan -nan -nan -nan -nan -nan -nan 0
0.0892 0 -nan -nan -nan -nan -nan -nan -nan -nan -nan -nan -nan -nan -nan -nan -nan -nan -nan -nan -nan -nan -nan -nan -nan -nan -nan -nan -nan -nan -nan -nan -nan -nan -nan -nan -nan -nan -nan -nan -nan -nan -nan -nan -nan -nan -nan -nan -nan -nan -nan -nan -nan -nan -nan -nan -nan -nan -nan -nan -nan -nan -nan -nan -nan -nan -nan -nan -nan -nan -nan -nan -nan -nan -nan -nan -nan -nan -nan -nan -nan -nan -nan -nan -nan -nan -nan -nan -nan -nan -nan -nan -nan -nan -nan -nan -nan -nan -nan -nan -nan 0
0.0894 0 -nan -nan -nan -nan -nan -nan -nan -nan -nan -nan -nan -nan -nan -nan -nan -nan -nan -nan -nan -nan -nan -nan -nan -nan -nan -nan -nan -nan -nan -nan -nan -nan -nan -nan -nan -nan -nan -nan -nan -nan -nan -nan -nan -nan -nan -nan -nan -nan -nan -nan -nan -nan -nan -nan -nan -nan -nan -nan -nan -nan -nan -nan -nan -nan -nan -nan -nan -nan -nan -nan -nan -nan -nan -nan -nan -nan -nan -nan -nan -nan -nan -nan -nan -nan -nan -nan -nan -nan -nan -nan -nan -nan -nan -nan -nan -nan -nan -nan -nan 0
0.0896 0 -nan -nan -nan -nan -nan -nan -nan -nan -nan -nan -nan -nan -nan -nan -nan -nan -nan -nan -nan -nan -nan -nan -nan -nan -nan -nan -nan -nan -nan -nan -nan -nan -nan -nan -nan -nan -nan -nan -nan -nan -nan -nan -nan -nan -nan -nan -nan -nan -nan -nan -nan -nan -nan -nan -nan -nan -nan -nan -nan -nan -nan -nan -nan -nan -nan -nan -nan -nan -nan -nan -nan -nan -nan -nan -nan -nan -nan -nan -nan -nan -nan -nan -nan -nan -nan -nan -nan -nan -nan -nan -nan -nan -nan -nan -nan -nan -nan -nan -nan 0
0.0898 0 -nan -nan -nan -nan -nan -nan -nan -nan -nan -nan -nan -nan -nan -nan -nan -nan -nan -nan -nan -nan -nan -nan -nan -nan -nan -nan -nan -nan -nan -nan -nan -nan -nan -nan -nan -nan -nan -nan -nan -nan -nan -nan -nan -nan -nan -nan -nan -nan -nan -nan -nan -nan -nan -nan -nan -nan -nan -nan -nan -nan -nan -nan -nan -nan -nan -nan -nan -nan -nan -nan -nan -nan -nan -nan -nan -nan -nan -nan -nan -nan -nan -nan -nan -nan -nan -nan -nan -nan -nan -nan -nan -nan -nan -nan -nan -nan -nan -nan -nan 0
0.09 0 -nan -nan -nan -nan -nan -nan -nan -nan -nan -nan -nan -nan -nan -nan -nan -nan -nan -nan -nan -nan -nan -nan -nan -nan -nan -nan -nan -nan -nan -nan -nan -nan -nan -nan -nan -nan -nan -nan -nan -nan -nan -nan -nan -nan -nan -nan -nan -nan -nan -nan -nan -nan -nan -nan -nan -nan -nan -nan -nan -nan -nan -nan -nan -nan -nan -nan -nan -nan -nan -nan -nan -nan -nan -nan -nan -nan -nan -nan -nan -nan -nan -nan -nan -nan -nan -nan -nan -nan -nan -nan -nan -nan -nan -nan -nan -nan -nan -nan -nan 0
0.0902 0 -nan -nan -nan -nan -nan -nan -nan -nan -nan -nan -nan -nan -nan -nan -nan -nan -nan -nan -nan -nan -nan -nan -nan -nan -nan -nan -nan -nan -nan -nan -nan -nan -nan -nan -nan -nan -nan -nan -nan -nan -nan -nan -nan -nan -nan -nan -nan -nan -nan -nan -nan -nan -nan -nan -nan -nan -nan -nan -nan -nan -nan -nan -nan -nan -nan -nan -nan -nan -nan -nan -nan -nan -nan -nan -nan -nan -nan -nan -nan -nan -nan -nan -nan -nan -nan -nan -nan -nan -nan -nan -nan -nan -nan -nan -nan -nan -nan -nan -nan 0
0.0904 0 -nan -nan -nan -nan -nan -nan -nan -nan -nan -nan -nan -nan -nan -nan -nan -nan -nan -nan -nan -nan -nan -nan -nan -nan -nan -nan -nan -nan -nan -nan -nan -nan -nan -nan -nan -nan -nan -nan -nan -nan -nan -nan -nan -nan -nan -nan -nan -nan -nan -nan -nan -nan -nan -nan -nan -nan -nan -nan -nan -nan -nan -nan -nan -nan -nan -nan -nan -nan -nan -nan -nan -nan -nan -nan -nan -nan -nan -nan -nan -nan -nan -nan -nan -nan -nan -nan -nan -nan -nan -nan -nan -nan -nan -nan -nan -nan -nan -nan -nan 0
0.0906 0 -nan -nan -nan -nan -nan -nan -nan -nan -nan -nan -nan -nan -nan -nan -nan -nan -nan -nan -nan -nan -nan -nan -nan -nan -nan -nan -nan -nan -nan -nan -nan -nan -nan -nan -nan -nan -nan -nan -nan -nan -nan -nan -nan -nan -nan -nan -nan -nan -nan -nan -nan -nan -nan -nan -nan -nan -nan -nan -nan -nan -nan -nan -nan -nan -nan -nan -nan -nan -nan -nan -nan -nan -nan -nan -nan -nan -nan -nan -nan -nan -nan -nan -nan -nan -nan -nan -nan -nan -nan -nan -nan -nan -nan -nan -nan -nan -nan -nan -nan 0
0.0908 0 -nan -nan -nan -nan -nan -nan -nan -nan -nan -nan -nan -nan -nan -nan -nan -nan -nan -nan -nan -nan -nan -nan -nan -nan -nan -nan -nan -nan -nan -nan -nan -nan -nan -nan -nan -nan -nan -nan -nan -nan -nan -nan -nan -nan -nan -nan -nan -nan -nan -nan -nan -nan -nan -nan -nan -nan -nan -nan -nan -nan -nan -nan -nan -nan -nan -nan -nan -nan -nan -nan -nan -nan -nan -nan -nan -nan -nan -nan -nan -nan -nan -nan -nan -nan -nan -nan -nan -nan -nan -nan -nan -nan -nan -nan -nan -nan -nan -nan -nan 0
0.091 0 -nan -nan -nan -nan -nan -nan -nan -nan -nan -nan -nan -nan -nan -nan -nan -nan -nan -nan -nan -nan -nan -nan -nan -nan -nan -nan -nan -nan -nan -nan -nan -nan -nan -nan -nan -nan -nan -nan -nan -nan -nan -nan -nan -nan -nan -nan -nan -nan -nan -nan -nan -nan -nan -nan -nan -nan -nan -nan -nan -nan -nan -nan -nan -nan -nan -nan -nan -nan -nan -nan -nan -nan -nan -nan -nan -nan -nan -nan -nan -nan -nan -nan -nan -nan -nan -nan -nan -nan -nan -nan -nan -nan -nan -nan -nan -nan -nan -nan -nan 0
0.0912 0 -nan -nan -nan -nan -nan -nan -nan -nan -nan -nan -nan -nan -nan -nan -nan -nan -nan -nan -nan -nan -nan -nan -nan -nan -nan -nan -nan -nan -nan -nan -nan -nan -nan -nan -nan -nan -nan -nan -nan -nan -nan -nan -nan -nan -nan -nan -nan -nan -nan -nan -nan -nan -nan -nan -nan -nan -nan -nan -nan -nan -nan -nan -nan -nan -nan -nan -nan -nan -nan -nan -nan -nan -nan -nan -nan -nan -nan -nan -nan -nan -nan -nan -nan -nan -nan -nan -nan -nan -nan -nan -nan -nan -nan -nan -nan -nan -nan -nan -nan 0
0.0914 0 -nan -nan -nan -nan -nan -nan -nan -nan -nan -nan -nan -nan -nan -nan -nan -nan -nan -nan -nan -nan -nan -nan -nan -nan -nan -nan -nan -nan -nan -nan -nan -nan -nan -nan -nan -nan -nan -nan -nan -nan -nan -nan -nan -nan -nan -nan -nan -nan -nan -nan -nan -nan -nan -nan -nan -nan -nan -nan -nan -nan -nan -nan -nan -nan -nan -nan -nan -nan -nan -nan -nan -nan -nan -nan -nan -nan -nan -nan -nan -nan -nan -nan -nan -nan -nan -nan -nan -nan -nan -nan -nan -nan -nan -nan -nan -nan -nan -nan -nan 0
0.0916 0 -nan -nan -nan -nan -nan -nan -nan -nan -nan -nan -nan -nan -nan -nan -nan -nan -nan -nan -nan -nan -nan -nan -nan -nan -nan -nan -nan -nan -nan -nan -nan -nan -nan -nan -nan -nan -nan -nan -nan -nan -nan -nan -nan -nan -nan -nan -nan -nan -nan -nan -nan -nan -nan -nan -nan -nan -nan -nan -nan -nan -nan -nan -nan -nan -nan -nan -nan -nan -nan -nan -nan -nan -nan -nan -nan -nan -nan -nan -nan -nan -nan -nan -nan -nan -nan -nan -nan -nan -nan -nan -nan -nan -nan -nan -nan -nan -nan -nan -nan 0
0.0918 0 -nan -nan -nan -nan -nan -nan -nan -nan -nan -nan -nan -nan -nan -nan -nan -nan -nan -nan -nan -nan -nan -nan -nan -nan -nan -nan -nan -nan -nan -nan -nan -nan -nan -nan -nan -nan -nan -nan -nan -nan -nan -nan -nan -nan -nan -nan -nan -nan -nan -nan -nan -nan -nan -nan -nan -nan -nan -nan -nan -nan -nan -nan -nan -nan -nan -nan -nan -nan -nan -nan -nan -nan -nan -nan -nan -nan -nan -nan -nan -nan -nan -nan -nan -nan -nan -nan -nan -nan -nan -nan -nan -nan -nan -nan -nan -nan -nan -nan -nan 0
0.092 0 -nan -nan -nan -nan -nan -nan -nan -nan -nan -nan -nan -nan -nan -nan -nan -nan -nan -nan -nan -nan -nan -nan -nan -nan -nan -nan -nan -nan -nan -nan -nan -nan -nan -nan -nan -nan -nan -nan -nan -nan -nan -nan -nan -nan -nan -nan -nan -nan -nan -nan -nan -nan -nan -nan -nan -nan -nan -nan -nan -nan -nan -nan -nan -nan -nan -nan -nan -nan -nan -nan -nan -nan -nan -nan -nan -nan -nan -nan -nan -nan -nan -nan -nan -nan -nan -nan -nan -nan -nan -nan -nan -nan -nan -nan -nan -nan -nan -nan -nan 0
0.0922 0 -nan -nan -nan -nan -nan -nan -nan -nan -nan -nan -nan -nan -nan -nan -nan -nan -nan -nan -nan -nan -nan -nan -nan -nan -nan -nan -nan -nan -nan -nan -nan -nan -nan -nan -nan -nan -nan -nan -nan -nan -nan -nan -nan -nan -nan -nan -nan -nan -nan -nan -nan -nan -nan -nan -nan -nan -nan -nan -nan -nan -nan -nan -nan -nan -nan -nan -nan -nan -nan -nan -nan -nan -nan -nan -nan -nan -nan -nan -nan -nan -nan -nan -nan -nan -nan -nan -nan -nan -nan -nan -nan -nan -nan -nan -nan -nan -nan -nan -nan 0
0.0924 0 -nan -nan -nan -nan -nan -nan -nan -nan -nan -nan -nan -nan -nan -nan -nan -nan -nan -nan -nan -nan -nan -nan -nan -nan -nan -nan -nan -nan -nan -nan -nan -nan -nan -nan -nan -nan -nan -nan -nan -nan -nan -nan -nan -nan -nan -nan -nan -nan -nan -nan -nan -nan -nan -nan -nan -nan -nan -nan -nan -nan -nan -nan -nan -nan -nan -nan -nan -nan -nan -nan -nan -nan -nan -nan -nan -nan -nan -nan -nan -nan -nan -nan -nan -nan -nan -nan -nan -nan -nan -nan -nan -nan -nan -nan -nan -nan -nan -nan -nan 0
0.0926 0 -nan -nan -nan -nan -nan -nan -nan -nan -nan -nan -nan -nan -nan -nan -nan -nan -nan -nan -nan -nan -nan -nan -nan -nan -nan -nan -nan -nan -nan -nan -nan -nan -nan -nan -nan -nan -nan -nan -nan -nan -nan -nan -nan -nan -nan -nan -nan -nan -nan -nan -nan -nan -nan -nan -nan -nan -nan -nan -nan -nan -nan -nan -nan -nan -nan -nan -nan -nan -nan -nan -nan -nan -nan -nan -nan -nan -nan -nan -nan -nan -nan -nan -nan -nan -nan -nan -nan -nan -nan -nan -nan -nan -nan -nan -nan -nan -nan -nan -nan 0
0.0928 0 -nan -nan -nan -nan -nan -nan -nan -nan -nan -nan -nan -nan -nan -nan -nan -nan -nan -nan -nan -nan -nan -nan -nan -nan -nan -nan -nan -nan -nan -nan -nan -nan -nan -nan -nan -nan -nan -nan -nan -nan -nan -nan -nan -nan -nan -nan -nan -nan -nan -nan -nan -nan -nan -nan -nan -nan -nan -nan -nan -nan -nan -nan -nan -nan -nan -nan -nan -nan -nan -nan -nan -nan -nan -nan -nan -nan -nan -nan -nan -nan -nan -nan -nan -nan -nan -nan -nan -nan -nan -nan -nan -nan -nan -nan -nan -nan -nan -nan -nan 0
0.093 0 -nan -nan -nan -nan -nan -nan -nan -nan -nan -nan -nan -nan -nan -nan -nan -nan -nan -nan -nan -nan -nan -nan -nan -nan -nan -nan -nan -nan -nan -nan -nan -nan -nan -nan -nan -nan -nan -nan -nan -nan -nan -nan -nan -nan -nan -nan -nan -nan -nan -nan -nan -nan -nan -nan -nan -nan -nan -nan -nan -nan -nan -nan -nan -nan -nan -nan -nan -nan -nan -nan -nan -nan -nan -nan -nan -nan -nan -nan -nan -nan -nan -nan -nan -nan -nan -nan -nan -nan -nan -nan -nan -nan -nan -nan -nan -nan -nan -nan -nan 0
0.0932 0 -nan -nan -nan -nan -nan -nan -nan -nan -nan -nan -nan -nan -nan -nan -nan -nan -nan -nan -nan -nan -nan -nan -nan -nan -nan -nan -nan -nan -nan -nan -nan -nan -nan -nan -nan -nan -nan -nan -nan -nan -nan -nan -nan -nan -nan -nan -nan -nan -nan -nan -nan -nan -nan -nan -nan -nan -nan -nan -nan -nan -nan -nan -nan -nan -nan -nan -nan -nan -nan -nan -nan -nan -nan -nan -nan -nan -nan -nan -nan -nan -nan -nan -nan -nan -nan -nan -nan -nan -nan -nan -nan -nan -nan -nan -nan -nan -nan -nan -nan 0
0.0934 0 -nan -nan -nan -nan -nan -nan -nan -nan -nan -nan -nan -nan -nan -nan -nan -nan -nan -nan -nan -nan -nan -nan -nan -nan -nan -nan -nan -nan -nan -nan -nan -nan -nan -nan -nan -nan -nan -nan -nan -nan -nan -nan -nan -nan -nan -nan -nan -nan -nan -nan -nan -nan -nan -nan -nan -nan -nan -nan -nan -nan -nan -nan -nan -nan -nan -nan -nan -nan -nan -nan -nan -nan -nan -nan -nan -nan -nan -nan -nan -nan -nan -nan -nan -nan -nan -nan -nan -nan -nan -nan -nan -nan -nan -nan -nan -nan -nan -nan -nan 0
0.0936 0 -nan -nan -nan -nan -nan -nan -nan -nan -nan -nan -nan -nan -nan -nan -nan -nan -nan -nan -nan -nan -nan -nan -nan -nan -nan -nan -nan -nan -nan -nan -nan -nan -nan -nan -nan -nan -nan -nan -nan -nan -nan -nan -nan -nan -nan -nan -nan -nan -nan -nan -nan -nan -nan -nan -nan -nan -nan -nan -nan -nan -nan -nan -nan -nan -nan -nan -nan -nan -nan -nan -nan -nan -nan -nan -nan -nan -nan -nan -nan -nan -nan -nan -nan -nan -nan -nan -nan -nan -nan -nan -nan -nan -nan -nan -nan -nan -nan -nan -nan 0
0.0938 0 -nan -nan -nan -nan -nan -nan -nan -nan -nan -nan -nan -nan -nan -nan -nan -nan -nan -nan -nan -nan -nan -nan -nan -nan -nan -nan -nan -nan -nan -nan -nan -nan -nan -nan -nan -nan -nan -nan -nan -nan -nan -nan -nan -nan -nan -nan -nan -nan -nan -nan -nan -nan -nan -nan -nan -nan -nan -nan -nan -nan -nan -nan -nan -nan -nan -nan -nan -nan -nan -nan -nan -nan -nan -nan -nan -nan -nan -nan -nan -nan -nan -nan -nan -nan -nan -nan -nan -nan -nan -nan -nan -nan -nan -nan -nan -nan -nan -nan -nan 0
0.094 0 -nan -nan -nan -nan -nan -nan -nan -nan -nan -nan -nan -nan -nan -nan -nan -nan -nan -nan -nan -nan -nan -nan -nan -nan -nan -nan -nan -nan -nan -nan -nan -nan -nan -nan -nan -nan -nan -nan -nan -nan -nan -nan -nan -nan -nan -nan -nan -nan -nan -nan -nan -nan -nan -nan -nan -nan -nan -nan -nan -nan -nan -nan -nan -nan -nan -nan -nan -nan -nan -nan -nan -nan -nan -nan -nan -nan -nan -nan -nan -nan -nan -nan -nan -nan -nan -nan -nan -nan -nan -nan -nan -nan -nan -nan -nan -nan -nan -nan -nan 0
0.0942 0 -nan -nan -nan -nan -nan -nan -nan -nan -nan -nan -nan -nan -nan -nan -nan -nan -nan -nan -nan -nan -nan -nan -nan -nan -nan -nan -nan -nan -nan -nan -nan -nan -nan -nan -nan -nan -nan -nan -nan -nan -nan -nan -nan -nan -nan -nan -nan -nan -nan -nan -nan -nan -nan -nan -nan -nan -nan -nan -nan -nan -nan -nan -nan -nan -nan -nan -nan -nan -nan -nan -nan -nan -nan -nan -nan -nan -nan -nan -nan -nan -nan -nan -nan -nan -nan -nan -nan -nan -nan -nan -nan -nan -nan -nan -nan -nan -nan -nan -nan 0
0.0944 0 -nan -nan -nan -nan -nan -nan -nan -nan -nan -nan -nan -nan -nan -nan -nan -nan -nan -nan -nan -nan -nan -nan -nan -nan -nan -nan -nan -nan -nan -nan -nan -nan -nan -nan -nan -nan -nan -nan -nan -nan -nan -nan -nan -nan -nan -nan -nan -nan -nan -nan -nan -nan -nan -nan -nan -nan -nan -nan -nan -nan -nan -nan -nan -nan -nan -nan -nan -nan -nan -nan -nan -nan -nan -nan -nan -nan -nan -nan -nan -nan -nan -nan -nan -nan -nan -nan -nan -nan -nan -nan -nan -nan -nan -nan -nan -nan -nan -nan -nan 0
0.0946 0 -nan -nan -nan -nan -nan -nan -nan -nan -nan -nan -nan -nan -nan -nan -nan -nan -nan -nan -nan -nan -nan -nan -nan -nan -nan -nan -nan -nan -nan -nan -nan -nan -nan -nan -nan -nan -nan -nan -nan -nan -nan -nan -nan -nan -nan -nan -nan -nan -nan -nan -nan -nan -nan -nan -nan -nan -nan -nan -nan -nan -nan -nan -nan -nan -nan -nan -nan -nan -nan -nan -nan -nan -nan -nan -nan -nan -nan -nan -nan -nan -nan -nan -nan -nan -nan -nan -nan -nan -nan -nan -nan -nan -nan -nan -nan -nan -nan -nan -nan 0
0.0948 0 -nan -nan -nan -nan -nan -nan -nan -nan -nan -nan -nan -nan -nan -nan -nan -nan -nan -nan -nan -nan -nan -nan -nan -nan -nan -nan -nan -nan -nan -nan -nan -nan -nan -nan -nan -nan -nan -nan -nan -nan -nan -nan -nan -nan -nan -nan -nan -nan -nan -nan -nan -nan -nan -nan -nan -nan -nan -nan -nan -nan -nan -nan -nan -nan -nan -nan -nan -nan -nan -nan -nan -nan -nan -nan -nan -nan -nan -nan -nan -nan -nan -nan -nan -nan -nan -nan -nan -nan -nan -nan -nan -nan -nan -nan -nan -nan -nan -nan -nan 0
0.095 0 -nan -nan -nan -nan -nan -nan -nan -nan -nan -nan -nan -nan -nan -nan -nan -nan -nan -nan -nan -nan -nan -nan -nan -nan -nan -nan -nan -nan -nan -nan -nan -nan -nan -nan -nan -nan -nan -nan -nan -nan -nan -nan -nan -nan -nan -nan -nan -nan -nan -nan -nan -nan -nan -nan -nan -nan -nan -nan -nan -nan -nan -nan -nan -nan -nan -nan -nan -nan -nan -nan -nan -nan -nan -nan -nan -nan -nan -nan -nan -nan -nan -nan -nan -nan -nan -nan -nan -nan -nan -nan -nan -nan -nan -nan -nan -nan -nan -nan -nan 0
0.0952 0 -nan -nan -nan -nan -nan -nan -nan -nan -nan -nan -nan -nan -nan -nan -nan -nan -nan -nan -nan -nan -nan -nan -nan -nan -nan -nan -nan -nan -nan -nan -nan -nan -nan -nan -nan -nan -nan -nan -nan -nan -nan -nan -nan -nan -nan -nan -nan -nan -nan -nan -nan -nan -nan -nan -nan -nan -nan -nan -nan -nan -nan -nan -nan -nan -nan -nan -nan -nan -nan -nan -nan -nan -nan -nan -nan -nan -nan -nan -nan -nan -nan -nan -nan -nan -nan -nan -nan -nan -nan -nan -nan -nan -nan -nan -nan -nan -nan -nan -nan 0
0.0954 0 -nan -nan -nan -nan -nan -nan -nan -nan -nan -nan -nan -nan -nan -nan -nan -nan -nan -nan -nan -nan -nan -nan -nan -nan -nan -nan -nan -nan -nan -nan -nan -nan -nan -nan -nan -nan -nan -nan -nan -nan -nan -nan -nan -nan -nan -nan -nan -nan -nan -nan -nan -nan -nan -nan -nan -nan -nan -nan -nan -nan -nan -nan -nan -nan -nan -nan -nan -nan -nan -nan -nan -nan -nan -nan -nan -nan -nan -nan -nan -nan -nan -nan -nan -nan -nan -nan -nan -nan -nan -nan -nan -nan -nan -nan -nan -nan -nan -nan -nan 0
0.0956 0 -nan -nan -nan -nan -nan -nan -nan -nan -nan -nan -nan -nan -nan -nan -nan -nan -nan -nan -nan -nan -nan -nan -nan -nan -nan -nan -nan -nan -nan -nan -nan -nan -nan -nan -nan -nan -nan -nan -nan -nan -nan -nan -nan -nan -nan -nan -nan -nan -nan -nan -nan -nan -nan -nan -nan -nan -nan -nan -nan -nan -nan -nan -nan -nan -nan -nan -nan -nan -nan -nan -nan -nan -nan -nan -nan -nan -nan -nan -nan -nan -nan -nan -nan -nan -nan -nan -nan -nan -nan -nan -nan -nan -nan -nan -nan -nan -nan -nan -nan 0
0.0958 0 -nan -nan -nan -nan -nan -nan -nan -nan -nan -nan -nan -nan -nan -nan -nan -nan -nan -nan -nan -nan -nan -nan -nan -nan -nan -nan -nan -nan -nan -nan -nan -nan -nan -nan -nan -nan -nan -nan -nan -nan -nan -nan -nan -nan -nan -nan -nan -nan -nan -nan -nan -nan -nan -nan -nan -nan -nan -nan -nan -nan -nan -nan -nan -nan -nan -nan -nan -nan -nan -nan -nan -nan -nan -nan -nan -nan -nan -nan -nan -nan -nan -nan -nan -nan -nan -nan -nan -nan -nan -nan -nan -nan -nan -nan -nan -nan -nan -nan -nan 0
0.096 0 -nan -nan -nan -nan -nan -nan -nan -nan -nan -nan -nan -nan -nan -nan -nan -nan -nan -nan -nan -nan -nan -nan -nan -nan -nan -nan -nan -nan -nan -nan -nan -nan -nan -nan -nan -nan -nan -nan -nan -nan -nan -nan -nan -nan -nan -nan -nan -nan -nan -nan -nan -nan -nan -nan -nan -nan -nan -nan -nan -nan -nan -nan -nan -nan -nan -nan -nan -nan -nan -nan -nan -nan -nan -nan -nan -nan -nan -nan -nan -nan -nan -nan -nan -nan -nan -nan -nan -nan -nan -nan -nan -nan -nan -nan -nan -nan -nan -nan -nan 0
0.0962 0 -nan -nan -nan -nan -nan -nan -nan -nan -nan -nan -nan -nan -nan -nan -nan -nan -nan -nan -nan -nan -nan -nan -nan -nan -nan -nan -nan -nan -nan -nan -nan -nan -nan -nan -nan -nan -nan -nan -nan -nan -nan -nan -nan -nan -nan -nan -nan -nan -nan -nan -nan -nan -nan -nan -nan -nan -nan -nan -nan -nan -nan -nan -nan -nan -nan -nan -nan -nan -nan -nan -nan -nan -nan -nan -nan -nan -nan -nan -nan -nan -nan -nan -nan -nan -nan -nan -nan -nan -nan -nan -nan -nan -nan -nan -nan -nan -nan -nan -nan 0
0.0964 0 -nan -nan -nan -nan -nan -nan -nan -nan -nan -nan -nan -nan -nan -nan -nan -nan -nan -nan -nan -nan -nan -nan -nan -nan -nan -nan -nan -nan -nan -nan -nan -nan -nan -nan -nan -nan -nan -nan -nan -nan -nan -nan -nan -nan -nan -nan -nan -nan -nan -nan -nan -nan -nan -nan -nan -nan -nan -nan -nan -nan -nan -nan -nan -nan -nan -nan -nan -nan -nan -nan -nan -nan -nan -nan -nan -nan -nan -nan -nan -nan -nan -nan -nan -nan -nan -nan -nan -nan -nan -nan -nan -nan -nan -nan -nan -nan -nan -nan -nan 0
0.0966 0 -nan -nan -nan -nan -nan -nan -nan -nan -nan -nan -nan -nan -nan -nan -nan -nan -nan -nan -nan -nan -nan -nan -nan -nan -nan -nan -nan -nan -nan -nan -nan -nan -nan -nan -nan -nan -nan -nan -nan -nan -nan -nan -nan -nan -nan -nan -nan -nan -nan -nan -nan -nan -nan -nan -nan -nan -nan -nan -nan -nan -nan -nan -nan -nan -nan -nan -nan -nan -nan -nan -nan -nan -nan -nan -nan -nan -nan -nan -nan -nan -nan -nan -nan -nan -nan -nan -nan -nan -nan -nan -nan -nan -nan -nan -nan -nan -nan -nan -nan 0
0.0968 0 -nan -nan -nan -nan -nan -nan -nan -nan -nan -nan -nan -nan -nan -nan -nan -nan -nan -nan -nan -nan -nan -nan -nan -nan -nan -nan -nan -nan -nan -nan -nan -nan -nan -nan -nan -nan -nan -nan -nan -nan -nan -nan -nan -nan -nan -nan -nan -nan -nan -nan -nan -nan -nan -nan -nan -nan -nan -nan -nan -nan -nan -nan -nan -nan -nan -nan -nan -nan -nan -nan -nan -nan -nan -nan -nan -nan -nan -nan -nan -nan -nan -nan -nan -nan -nan -nan -nan -nan -nan -nan -nan -nan -nan -nan -nan -nan -nan -nan -nan 0
0.097 0 -nan -nan -nan -nan -nan -nan -nan -nan -nan -nan -nan -nan -nan -nan -nan -nan -nan -nan -nan -nan -nan -nan -nan -nan -nan -nan -nan -nan -nan -nan -nan -nan -nan -nan -nan -nan -nan -nan -nan -nan -nan -nan -nan -nan -nan -nan -nan -nan -nan -nan -nan -nan -nan -nan -nan -nan -nan -nan -nan -nan -nan -nan -nan -nan -nan -nan -nan -nan -nan -nan -nan -nan -nan -nan -nan -nan -nan -nan -nan -nan -nan -nan -nan -nan -nan -nan -nan -nan -nan -nan -nan -nan -nan -nan -nan -nan -nan -nan -nan 0
0.0972 0 -nan -nan -nan -nan -nan -nan -nan -nan -nan -nan -nan -nan -nan -nan -nan -nan -nan -nan -nan -nan -nan -nan -nan -nan -nan -nan -nan -nan -nan -nan -nan -nan -nan -nan -nan -nan -nan -nan -nan -nan -nan -nan -nan -nan -nan -nan -nan -nan -nan -nan -nan -nan -nan -nan -nan -nan -nan -nan -nan -nan -nan -nan -nan -nan -nan -nan -nan -nan -nan -nan -nan -nan -nan -nan -nan -nan -nan -nan -nan -nan -nan -nan -nan -nan -nan -nan -nan -nan -nan -nan -nan -nan -nan -nan -nan -nan -nan -nan -nan 0
0.0974 0 -nan -nan -nan -nan -nan -nan -nan -nan -nan -nan -nan -nan -nan -nan -nan -nan -nan -nan -nan -nan -nan -nan -nan -nan -nan -nan -nan -nan -nan -nan -nan -nan -nan -nan -nan -nan -nan -nan -nan -nan -nan -nan -nan -nan -nan -nan -nan -nan -nan -nan -nan -nan -nan -nan -nan -nan -nan -nan -nan -nan -nan -nan -nan -nan -nan -nan -nan -nan -nan -nan -nan -nan -nan -nan -nan -nan -nan -nan -nan -nan -nan -nan -nan -nan -nan -nan -nan -nan -nan -nan -nan -nan -nan -nan -nan -nan -nan -nan -nan 0
0.0976 0 -nan -nan -nan -nan -nan -nan -nan -nan -nan -nan -nan -nan -nan -nan -nan -nan -nan -nan -nan -nan -nan -nan -nan -nan -nan -nan -nan -nan -nan -nan -nan -nan -nan -nan -nan -nan -nan -nan -nan -nan -nan -nan -nan -nan -nan -nan -nan -nan -nan -nan -nan -nan -nan -nan -nan -nan -nan -nan -nan -nan -nan -nan -nan -nan -nan -nan -nan -nan -nan -nan -nan -nan -nan -nan -nan -nan -nan -nan -nan -nan -nan -nan -nan -nan -nan -nan -nan -nan -nan -nan -nan -nan -nan -nan -nan -nan -nan -nan -nan 0
0.0978 0 -nan -nan -nan -nan -nan -nan -nan -nan -nan -nan -nan -nan -nan -nan -nan -nan -nan -nan -nan -nan -nan -nan -nan -nan -nan -nan -nan -nan -nan -nan -nan -nan -nan -nan -nan -nan -nan -nan -nan -nan -nan -nan -nan -nan -nan -nan -nan -nan -nan -nan -nan -nan -nan -nan -nan -nan -nan -nan -nan -nan -nan -nan -nan -nan -nan -nan -nan -nan -nan -nan -nan -nan -nan -nan -nan -nan -nan -nan -nan -nan -nan -nan -nan -nan -nan -nan -nan -nan -nan -nan -nan -nan -nan -nan -nan -nan -nan -nan -nan 0
0.098 0 -nan -nan -nan -nan -nan -nan -nan -nan -nan -nan -nan -nan -nan -nan -nan -nan -nan -nan -nan -nan -nan -nan -nan -nan -nan -nan -nan -nan -nan -nan -nan -nan -nan -nan -nan -nan -nan -nan -nan -nan -nan -nan -nan -nan -nan -nan -nan -nan -nan -nan -nan -nan -nan -nan -nan -nan -nan -nan -nan -nan -nan -nan -nan -nan -nan -nan -nan -nan -nan -nan -nan -nan -nan -nan -nan -nan -nan -nan -nan -nan -nan -nan -nan -nan -nan -nan -nan -nan -nan -nan -nan -nan -nan -nan -nan -nan -nan -nan -nan 0
0.0982 0 -nan -nan -nan -nan -nan -nan -nan -nan -nan -nan -nan -nan -nan -nan -nan -nan -nan -nan -nan -nan -nan -nan -nan -nan -nan -nan -nan -nan -nan -nan -nan -nan -nan -nan -nan -nan -nan -nan -nan -nan -nan -nan -nan -nan -nan -nan -nan -nan -nan -nan -nan -nan -nan -nan -nan -nan -nan -nan -nan -nan -nan -nan -nan -nan -nan -nan -nan -nan -nan -nan -nan -nan -nan -nan -nan -nan -nan -nan -nan -nan -nan -nan -nan -nan -nan -nan -nan -nan -nan -nan -nan -nan -nan -nan -nan -nan -nan -nan -nan 0
0.0984 0 -nan -nan -nan -nan -nan -nan -nan -nan -nan -nan -nan -nan -nan -nan -nan -nan -nan -nan -nan -nan -nan -nan -nan -nan -nan -nan -nan -nan -nan -nan -nan -nan -nan -nan -nan -nan -nan -nan -nan -nan -nan -nan -nan -nan -nan -nan -nan -nan -nan -nan -nan -nan -nan -nan -nan -nan -nan -nan -nan -nan -nan -nan -nan -nan -nan -nan -nan -nan -nan -nan -nan -nan -nan -nan -nan -nan -nan -nan -nan -nan -nan -nan -nan -nan -nan -nan -nan -nan -nan -nan -nan -nan -nan -nan -nan -nan -nan -nan -nan 0
0.0986 0 -nan -nan -nan -nan -nan -nan -nan -nan -nan -nan -nan -nan -nan -nan -nan -nan -nan -nan -nan -nan -nan -nan -nan -nan -nan -nan -nan -nan -nan -nan -nan -nan -nan -nan -nan -nan -nan -nan -nan -nan -nan -nan -nan -nan -nan -nan -nan -nan -nan -nan -nan -nan -nan -nan -nan -nan -nan -nan -nan -nan -nan -nan -nan -nan -nan -nan -nan -nan -nan -nan -nan -nan -nan -nan -nan -nan -nan -nan -nan -nan -nan -nan -nan -nan -nan -nan -nan -nan -nan -nan -nan -nan -nan -nan -nan -nan -nan -nan -nan 0
0.0988 0 -nan -nan -nan -nan -nan -nan -nan -nan -nan -nan -nan -nan -nan -nan -nan -nan -nan -nan -nan -nan -nan -nan -nan -nan -nan -nan -nan -nan -nan -nan -nan -nan -nan -nan -nan -nan -nan -nan -nan -nan -nan -nan -nan -nan -nan -nan -nan -nan -nan -nan -nan -nan -nan -nan -nan -nan -nan -nan -nan -nan -nan -nan -nan -nan -nan -nan -nan -nan -nan -nan -nan -nan -nan -nan -nan -nan -nan -nan -nan -nan -nan -nan -nan -nan -nan -nan -nan -nan -nan -nan -nan -nan -nan -nan -nan -nan -nan -nan -nan 0
0.099 0 -nan -nan -nan -nan -nan -nan -nan -nan -nan -nan -nan -nan -nan -nan -nan -nan -nan -nan -nan -nan -nan -nan -nan -nan -nan -nan -nan -nan -nan -nan -nan -nan -nan -nan -nan -nan -nan -nan -nan -nan -nan -nan -nan -nan -nan -nan -nan -nan -nan -nan -nan -nan -nan -nan -nan -nan -nan -nan -nan -nan -nan -nan -nan -nan -nan -nan -nan -nan -nan -nan -nan -nan -nan -nan -nan -nan -nan -nan -nan -nan -nan -nan -nan -nan -nan -nan -nan -nan -nan -nan -nan -nan -nan -nan -nan -nan -nan -nan -nan 0
0.0992 0 -nan -nan -nan -nan -nan -nan -nan -nan -nan -nan -nan -nan -nan -nan -nan -nan -nan -nan -nan -nan -nan -nan -nan -nan -nan -nan -nan -nan -nan -nan -nan -nan -nan -nan -nan -nan -nan -nan -nan -nan -nan -nan -nan -nan -nan -nan -nan -nan -nan -nan -nan -nan -nan -nan -nan -nan -nan -nan -nan -nan -nan -nan -nan -nan -nan -nan -nan -nan -nan -nan -nan -nan -nan -nan -nan -nan -nan -nan -nan -nan -nan -nan -nan -nan -nan -nan -nan -nan -nan -nan -nan -nan -nan -nan -nan -nan -nan -nan -nan 0
0.0994 0 -nan -nan -nan -nan -nan -nan -nan -nan -nan -nan -nan -nan -nan -nan -nan -nan -nan -nan -nan -nan -nan -nan -nan -nan -nan -nan -nan -nan -nan -nan -nan -nan -nan -nan -nan -nan -nan -nan -nan -nan -nan -nan -nan -nan -nan -nan -nan -nan -nan -nan -nan -nan -nan -nan -nan -nan -nan -nan -nan -nan -nan -nan -nan -nan -nan -nan -nan -nan -nan -nan -nan -nan -nan -nan -nan -nan -nan -nan -nan -nan -nan -nan -nan -nan -nan -nan -nan -nan -nan -nan -nan -nan -nan -nan -nan -nan -nan -nan -nan 0
0.0996 0 -nan -nan -nan -nan -nan -nan -nan -nan -nan -nan -nan -nan -nan -nan -nan -nan -nan -nan -nan -nan -nan -nan -nan -nan -nan -nan -nan -nan -nan -nan -nan -nan -nan -nan -nan -nan -nan -nan -nan -nan -nan -nan -nan -nan -nan -nan -nan -nan -nan -nan -nan -nan -nan -nan -nan -nan -nan -nan -nan -nan -nan -nan -nan -nan -nan -nan -nan -nan -nan -nan -nan -nan -nan -nan -nan -nan -nan -nan -nan -nan -nan -nan -nan -nan -nan -nan -nan -nan -nan -nan -nan -nan -nan -nan -nan -nan -nan -nan -nan 0
0.0998 0 -nan -nan -nan -nan -nan -nan -nan -nan -nan -nan -nan -nan -nan -nan -nan -nan -nan -nan -nan -nan -nan -nan -nan -nan -nan -nan -nan -nan -nan -nan -nan -nan -nan -nan -nan -nan -nan -nan -nan -nan -nan -nan -nan -nan -nan -nan -nan -nan -nan -nan -nan -nan -nan -nan -nan -nan -nan -nan -nan -nan -nan -nan -nan -nan -nan -nan -nan -nan -nan -nan -nan -nan -nan -nan -nan -nan -nan -nan -nan -nan -nan -nan -nan -nan -nan -nan -nan -nan -nan -nan -nan -nan -nan -nan -nan -nan -nan -nan -nan 0
0.1 0 -nan -nan -nan -nan -nan -nan -nan -nan -nan -nan -nan -nan -nan -nan -nan -nan -nan -nan -nan -nan -nan -nan -nan -nan -nan -nan -nan -nan -nan -nan -nan -nan -nan -nan -nan -nan -nan -nan -nan -nan -nan -nan -nan -nan -nan -nan -nan -nan -nan -nan -nan -nan -nan -nan -nan -nan -nan -nan -nan -nan -nan -nan -nan -nan -nan -nan -nan -nan -nan -nan -nan -nan -nan -nan -nan -nan -nan -nan -nan -nan -nan -nan -nan -nan -nan -nan -nan -nan -nan -nan -nan -nan -nan -nan -nan -nan -nan -nan -nan 0
