0 0.1 0
0.001 0.0999875 -0.024999
0.002 0.09995 -0.0499917
0.003 0.0998875 -0.0749719
0.004 0.0998001 -0.0999333
0.005 0.0996877 -0.12487
0.006 0.0995503 -0.149775
0.007 0.0993881 -0.174643
0.008 0.0992011 -0.199467
0.009 0.0989892 -0.224241
0.01 0.0987526 -0.24896
0.011 0.0984913 -0.273616
0.012 0.0982054 -0.298203
0.013 0.0978949 -0.322716
0.014 0.09756 -0.347149
0.015 0.0972007 -0.371494
0.016 0.096817 -0.395747
0.017 0.0964092 -0.419901
0.018 0.0959773 -0.44395
0.019 0.0955213 -0.467887
0.02 0.0950415 -0.491708
0.021 0.094538 -0.515406
0.022 0.0940108 -0.538975
0.023 0.0934601 -0.56241
0.024 0.092886 -0.585703
0.025 0.0922887 -0.608851
0.026 0.0916683 -0.631846
0.027 0.0910251 -0.654683
0.028 0.090359 -0.677356
0.029 0.0896704 -0.699861
0.03 0.0889594 -0.72219
0.031 0.0882261 -0.744338
0.032 0.0874707 -0.766301
0.033 0.0866935 -0.788072
0.034 0.0858947 -0.809646
0.035 0.0850743 -0.831017
0.036 0.0842327 -0.852181
0.037 0.08337 -0.873132
0.038 0.0824865 -0.893865
0.039 0.0815824 -0.914374
0.04 0.0806578 -0.934654
0.041 0.0797131 -0.954701
0.042 0.0787485 -0.974509
0.043 0.0777642 -0.994073
0.044 0.0767605 -1.01339
0.045 0.0757375 -1.03245
0.046 0.0746956 -1.05126
0.047 0.0736351 -1.0698
0.048 0.0725561 -1.08807
0.049 0.071459 -1.10607
0.05 0.0703441 -1.1238
0.051 0.0692115 -1.14125
0.052 0.0680617 -1.1584
0.053 0.0668948 -1.17527
0.054 0.0657112 -1.19185
0.055 0.0645112 -1.20813
0.056 0.0632951 -1.22411
0.057 0.0620631 -1.23978
0.058 0.0608156 -1.25514
0.059 0.0595529 -1.27018
0.06 0.0582754 -1.28491
0.061 0.0569832 -1.29932
0.062 0.0556768 -1.3134
0.063 0.0543565 -1.32716
0.064 0.0530226 -1.34058
0.065 0.0516755 -1.35367
0.066 0.0503154 -1.36641
0.067 0.0489428 -1.37882
0.068 0.0475579 -1.39089
0.069 0.0461611 -1.4026
0.07 0.0447528 -1.41396
0.071 0.0433333 -1.42498
0.072 0.041903 -1.43563
0.073 0.0404622 -1.44593
0.074 0.0390112 -1.45586
0.075 0.0375506 -1.46543
0.076 0.0360805 -1.47464
0.077 0.0346014 -1.48347
0.078 0.0331137 -1.49194
0.079 0.0316177 -1.50003
0.08 0.0301137 -1.50774
0.081 0.0286023 -1.51508
0.082 0.0270837 -1.52204
0.083 0.0255583 -1.52862
0.084 0.0240266 -1.53482
0.085 0.0224888 -1.54064
0.086 0.0209454 -1.54607
0.087 0.0193968 -1.55111
0.088 0.0178433 -1.55576
0.089 0.0162854 -1.56003
0.09 0.0147234 -1.56391
0.091 0.0131577 -1.56739
0.092 0.0115888 -1.57049
0.093 0.0100169 -1.57319
0.094 0.00844252 -1.57549
0.095 0.00686604 -1.57741
0.096 0.00528784 -1.57893
0.097 0.00370832 -1.58005
0.098 0.00212787 -1.58078
0.099 0.000546886 -1.58112
0.1 -0.00103423 -1.58105
0.101 -0.00261509 -1.5806
0.102 -0.0041953 -1.57975
0.103 -0.00577445 -1.5785
0.104 -0.00735217 -1.57686
0.105 -0.00892804 -1.57482
0.106 -0.0105017 -1.5724
0.107 -0.0120727 -1.56957
0.108 -0.0136407 -1.56636
0.109 -0.0152053 -1.56275
0.11 -0.0167661 -1.55876
0.111 -0.0183227 -1.55437
0.112 -0.0198747 -1.5496
0.113 -0.0214217 -1.54443
0.114 -0.0229634 -1.53889
0.115 -0.0244994 -1.53295
0.116 -0.0260292 -1.52664
0.117 -0.0275525 -1.51994
0.118 -0.029069 -1.51286
0.119 -0.0305781 -1.50541
0.12 -0.0320796 -1.49757
0.121 -0.0335731 -1.48937
0.122 -0.0350583 -1.48079
0.123 -0.0365346 -1.47184
0.124 -0.0380018 -1.46252
0.125 -0.0394595 -1.45284
0.126 -0.0409074 -1.44279
0.127 -0.042345 -1.43238
0.128 -0.043772 -1.42162
0.129 -0.0451881 -1.4105
0.13 -0.0465929 -1.39903
0.131 -0.047986 -1.3872
0.132 -0.0493672 -1.37503
0.133 -0.050736 -1.36252
0.134 -0.0520921 -1.34967
0.135 -0.0534352 -1.33648
0.136 -0.054765 -1.32295
0.137 -0.056081 -1.3091
0.138 -0.057383 -1.29491
0.139 -0.0586707 -1.2804
0.14 -0.0599437 -1.26558
0.141 -0.0612018 -1.25043
0.142 -0.0624445 -1.23498
0.143 -0.0636716 -1.21921
0.144 -0.0648828 -1.20314
0.145 -0.0660778 -1.18677
0.146 -0.0672563 -1.17011
0.147 -0.0684179 -1.15315
0.148 -0.0695625 -1.1359
0.149 -0.0706896 -1.11837
0.15 -0.0717991 -1.10056
0.151 -0.0728906 -1.08247
0.152 -0.073964 -1.06411
0.153 -0.0750188 -1.04549
0.154 -0.0760548 -1.0266
0.155 -0.0770719 -1.00746
0.156 -0.0780697 -0.988069
0.157 -0.079048 -0.968429
0.158 -0.0800065 -0.948547
0.159 -0.080945 -0.928428
0.16 -0.0818632 -0.908076
0.161 -0.0827611 -0.887498
0.162 -0.0836382 -0.866697
0.163 -0.0844944 -0.84568
0.164 -0.0853295 -0.824452
0.165 -0.0861432 -0.803017
0.166 -0.0869354 -0.781382
0.167 -0.0877059 -0.759551
0.168 -0.0884545 -0.737531
0.169 -0.0891809 -0.715326
0.17 -0.0898851 -0.692942
0.171 -0.0905667 -0.670385
0.172 -0.0912258 -0.647661
0.173 -0.091862 -0.624774
0.174 -0.0924753 -0.601732
0.175 -0.0930654 -0.578539
0.176 -0.0936323 -0.555201
0.177 -0.0941758 -0.531725
0.178 -0.0946957 -0.508115
0.179 -0.095192 -0.484379
0.18 -0.0956644 -0.460521
0.181 -0.096113 -0.436548
0.182 -0.0965375 -0.412467
0.183 -0.0969379 -0.388282
0.184 -0.097314 -0.364
0.185 -0.0976658 -0.339627
0.186 -0.0979932 -0.315169
0.187 -0.0982961 -0.290632
0.188 -0.0985745 -0.266023
0.189 -0.0988282 -0.241347
0.19 -0.0990572 -0.216611
0.191 -0.0992614 -0.19182
0.192 -0.0994408 -0.166982
0.193 -0.0995953 -0.142102
0.194 -0.099725 -0.117187
0.195 -0.0998297 -0.0922417
0.196 -0.0999094 -0.0672738
0.197 -0.0999642 -0.0422891
0.198 -0.099994 -0.0172938
0.199 -0.0999988 0.00770583
0.2 -0.0999786 0.0327035
0.201 -0.0999334 0.0576931
0.202 -0.0998632 0.0826682
0.203 -0.0997681 0.107623
0.204 -0.099648 0.13255
0.205 -0.099503 0.157445
0.206 -0.0993331 0.1823
0.207 -0.0991384 0.207109
0.208 -0.0989189 0.231867
0.209 -0.0986747 0.256566
0.21 -0.0984058 0.281202
0.211 -0.0981123 0.305767
0.212 -0.0977943 0.330256
0.213 -0.0974518 0.354662
0.214 -0.097085 0.37898
0.215 -0.0966939 0.403203
0.216 -0.0962786 0.427325
0.217 -0.0958393 0.45134
0.218 -0.095376 0.475243
0.219 -0.0948888 0.499026
0.22 -0.094378 0.522685
0.221 -0.0938435 0.546213
0.222 -0.0932856 0.569605
0.223 -0.0927043 0.592854
0.224 -0.0920999 0.615955
0.225 -0.0914725 0.638902
0.226 -0.0908222 0.661689
0.227 -0.0901492 0.684311
0.228 -0.0894536 0.706762
0.229 -0.0887357 0.729036
0.23 -0.0879956 0.751128
0.231 -0.0872335 0.773032
0.232 -0.0864496 0.794743
0.233 -0.0856441 0.816255
0.234 -0.0848172 0.837563
0.235 -0.083969 0.858662
0.236 -0.0830999 0.879546
0.237 -0.08221 0.90021
0.238 -0.0812996 0.920649
0.239 -0.0803688 0.940858
0.24 -0.0794179 0.960832
0.241 -0.0784472 0.980566
0.242 -0.0774569 1.00005
0.243 -0.0764472 1.01929
0.244 -0.0754184 1.03828
0.245 -0.0743707 1.057
0.246 -0.0733045 1.07546
0.247 -0.0722199 1.09365
0.248 -0.0711173 1.11157
0.249 -0.0699968 1.12921
0.25 -0.0688589 1.14657
0.251 -0.0677038 1.16364
0.252 -0.0665318 1.18042
0.253 -0.0653431 1.1969
0.254 -0.0641381 1.21309
0.255 -0.062917 1.22897
0.256 -0.0616802 1.24454
0.257 -0.060428 1.25981
0.258 -0.0591607 1.27476
0.259 -0.0578786 1.28939
0.26 -0.056582 1.30369
0.261 -0.0552713 1.31768
0.262 -0.0539468 1.33133
0.263 -0.0526088 1.34465
0.264 -0.0512576 1.35763
0.265 -0.0498936 1.37028
0.266 -0.0485172 1.38258
0.267 -0.0471286 1.39453
0.268 -0.0457282 1.40614
0.269 -0.0443164 1.4174
0.27 -0.0428936 1.4283
0.271 -0.04146 1.43884
0.272 -0.040016 1.44903
0.273 -0.038562 1.45885
0.274 -0.0370984 1.46831
0.275 -0.0356255 1.4774
0.276 -0.0341437 1.48612
0.277 -0.0326534 1.49447
0.278 -0.0311549 1.50245
0.279 -0.0296487 1.51005
0.28 -0.028135 1.51727
0.281 -0.0266142 1.52411
0.282 -0.0250869 1.53058
0.283 -0.0235532 1.53666
0.284 -0.0220137 1.54235
0.285 -0.0204686 1.54766
0.286 -0.0189185 1.55259
0.287 -0.0173636 1.55712
0.288 -0.0158044 1.56127
0.289 -0.0142412 1.56502
0.29 -0.0126745 1.56839
0.291 -0.0111045 1.57136
0.292 -0.00953187 1.57394
0.293 -0.0079568 1.57613
0.294 -0.00637975 1.57792
0.295 -0.0048011 1.57932
0.296 -0.00322125 1.58032
0.297 -0.00164059 1.58093
0.298 -5.95269e-05 1.58114
0.299 0.00152155 1.58096
0.3 0.00310225 1.58038
0.301 0.00468218 1.5794
0.302 0.00626093 1.57804
0.303 0.00783812 1.57627
0.304 0.00941335 1.57412
0.305 0.0109862 1.57157
0.306 0.0125564 1.56863
0.307 0.0141233 1.56529
0.308 0.0156868 1.56156
0.309 0.0172463 1.55745
0.31 0.0188016 1.55294
0.311 0.0203521 1.54805
0.312 0.0218975 1.54277
0.313 0.0234375 1.5371
0.314 0.0249716 1.53105
0.315 0.0264995 1.52461
0.316 0.0280207 1.5178
0.317 0.0295349 1.5106
0.318 0.0310418 1.50303
0.319 0.0325409 1.49508
0.32 0.0340318 1.48676
0.321 0.0355143 1.47807
0.322 0.0369878 1.469
0.323 0.0384522 1.45957
0.324 0.0399069 1.44978
0.325 0.0413516 1.43962
0.326 0.042786 1.4291
0.327 0.0442097 1.41823
0.328 0.0456223 1.407
0.329 0.0470236 1.39542
0.33 0.048413 1.38349
0.331 0.0497904 1.37121
0.332 0.0511554 1.3586
0.333 0.0525075 1.34564
0.334 0.0538465 1.33234
0.335 0.0551721 1.31872
0.336 0.0564838 1.30476
0.337 0.0577815 1.29047
0.338 0.0590647 1.27587
0.339 0.0603331 1.26094
0.34 0.0615865 1.2457
0.341 0.0628244 1.23015
0.342 0.0640467 1.21429
0.343 0.0652529 1.19813
0.344 0.0664428 1.18167
0.345 0.0676161 1.16491
0.346 0.0687726 1.14786
0.347 0.0699118 1.13052
0.348 0.0710335 1.11291
0.349 0.0721375 1.09501
0.35 0.0732234 1.07684
0.351 0.0742911 1.0584
0.352 0.0753401 1.03969
0.353 0.0763704 1.02073
0.354 0.0773815 1.00151
0.355 0.0783733 0.982042
0.356 0.0793455 0.962326
0.357 0.0802979 0.94237
0.358 0.0812302 0.922179
0.359 0.0821422 0.901757
0.36 0.0830336 0.88111
0.361 0.0839043 0.860242
0.362 0.084754 0.839159
0.363 0.0855826 0.817867
0.364 0.0863897 0.79637
0.365 0.0871752 0.774674
0.366 0.087939 0.752784
0.367 0.0886807 0.730706
0.368 0.0894003 0.708445
0.369 0.0900976 0.686008
0.37 0.0907723 0.663399
0.371 0.0914243 0.640623
0.372 0.0920535 0.617688
0.373 0.0926596 0.594599
0.374 0.0932426 0.57136
0.375 0.0938023 0.547979
0.376 0.0943385 0.524461
0.377 0.0948512 0.500812
0.378 0.0953401 0.477038
0.379 0.0958052 0.453144
0.38 0.0962464 0.429137
0.381 0.0966635 0.405023
0.382 0.0970564 0.380807
0.383 0.0974251 0.356497
0.384 0.0977694 0.332097
0.385 0.0980892 0.307614
0.386 0.0983846 0.283054
0.387 0.0986553 0.258424
0.388 0.0989014 0.233729
0.389 0.0991227 0.208975
0.39 0.0993193 0.184169
0.391 0.0994911 0.159317
0.392 0.0996379 0.134426
0.393 0.0997599 0.109501
0.394 0.0998569 0.0845479
0.395 0.099929 0.0595742
0.396 0.0999761 0.0345855
0.397 0.0999982 0.00958821
0.398 0.0999952 -0.0154115
0.399 0.0999673 -0.0404073
0.4 0.0999144 -0.0653931
0.401 0.0998366 -0.0903625
0.402 0.0997337 -0.115309
0.403 0.0996059 -0.140227
0.404 0.0994533 -0.16511
0.405 0.0992757 -0.189952
0.406 0.0990734 -0.214746
0.407 0.0988463 -0.239486
0.408 0.0985944 -0.264167
0.409 0.098318 -0.288782
0.41 0.0980169 -0.313324
0.411 0.0976913 -0.337788
0.412 0.0973414 -0.362168
0.413 0.096967 -0.386457
0.414 0.0965685 -0.410649
0.415 0.0961458 -0.434739
0.416 0.095699 -0.45872
0.417 0.0952284 -0.482586
0.418 0.0947339 -0.506332
0.419 0.0942157 -0.529951
0.42 0.093674 -0.553438
0.421 0.0931089 -0.576786
0.422 0.0925205 -0.599991
0.423 0.091909 -0.623045
0.424 0.0912745 -0.645943
0.425 0.0906171 -0.66868
0.426 0.0899372 -0.69125
0.427 0.0892347 -0.713647
0.428 0.0885099 -0.735865
0.429 0.087763 -0.7579
0.43 0.0869942 -0.779745
0.431 0.0862036 -0.801395
0.432 0.0853915 -0.822845
0.433 0.084558 -0.844089
0.434 0.0837034 -0.865122
0.435 0.0828278 -0.885939
0.436 0.0819316 -0.906534
0.437 0.0810148 -0.926903
0.438 0.0800778 -0.94704
0.439 0.0791208 -0.96694
0.44 0.078144 -0.986599
0.441 0.0771477 -1.00601
0.442 0.0761321 -1.02517
0.443 0.0750975 -1.04408
0.444 0.074044 -1.06272
0.445 0.0729721 -1.0811
0.446 0.0718819 -1.0992
0.447 0.0707738 -1.11704
0.448 0.069648 -1.13459
0.449 0.0685047 -1.15186
0.45 0.0673443 -1.16884
0.451 0.0661671 -1.18553
0.452 0.0649734 -1.20192
0.453 0.0637634 -1.21801
0.454 0.0625374 -1.2338
0.455 0.0612959 -1.24928
0.456 0.060039 -1.26445
0.457 0.0587671 -1.2793
0.458 0.0574805 -1.29383
0.459 0.0561795 -1.30804
0.46 0.0548645 -1.32192
0.461 0.0535358 -1.33547
0.462 0.0521937 -1.34869
0.463 0.0508385 -1.36157
0.464 0.0494707 -1.3741
0.465 0.0480905 -1.3863
0.466 0.0466982 -1.39815
0.467 0.0452943 -1.40965
0.468 0.043879 -1.42079
0.469 0.0424528 -1.43159
0.47 0.041016 -1.44202
0.471 0.0395689 -1.45209
0.472 0.0381119 -1.4618
0.473 0.0366454 -1.47115
0.474 0.0351697 -1.48013
0.475 0.0336853 -1.48873
0.476 0.0321924 -1.49697
0.477 0.0306915 -1.50483
0.478 0.0291829 -1.51231
0.479 0.027667 -1.51942
0.48 0.0261441 -1.52615
0.481 0.0246148 -1.53249
0.482 0.0230793 -1.53845
0.483 0.021538 -1.54403
0.484 0.0199914 -1.54922
0.485 0.0184397 -1.55403
0.486 0.0168834 -1.55844
0.487 0.0153229 -1.56247
0.488 0.0137586 -1.5661
0.489 0.0121909 -1.56935
0.49 0.0106201 -1.5722
0.491 0.00904661 -1.57466
0.492 0.00747089 -1.57672
0.493 0.0058933 -1.57839
0.494 0.00431424 -1.57967
0.495 0.0027341 -1.58055
0.496 0.00115328 -1.58103
0.497 -0.000427833 -1.58112
0.498 -0.00200884 -1.58082
0.499 -0.00358934 -1.58012
0.5 -0.00516895 -1.57903
0.501 -0.00674726 -1.57754
0.502 -0.00832389 -1.57565
0.503 -0.00989843 -1.57337
0.504 -0.0114705 -1.5707
0.505 -0.0130397 -1.56764
0.506 -0.0146057 -1.56418
0.507 -0.0161679 -1.56034
0.508 -0.0177262 -1.5561
0.509 -0.01928 -1.55147
0.51 -0.020829 -1.54646
0.511 -0.0223728 -1.54106
0.512 -0.023911 -1.53527
0.513 -0.0254432 -1.5291
0.514 -0.0269691 -1.52255
0.515 -0.0284882 -1.51562
0.516 -0.0300002 -1.50831
0.517 -0.0315047 -1.50062
0.518 -0.0330013 -1.49256
0.519 -0.0344897 -1.48412
0.52 -0.0359694 -1.47531
0.521 -0.0374402 -1.46614
0.522 -0.0389016 -1.45659
0.523 -0.0403533 -1.44669
0.524 -0.0417948 -1.43642
0.525 -0.043226 -1.42579
0.526 -0.0446463 -1.41481
0.527 -0.0460555 -1.40347
0.528 -0.0474531 -1.39178
0.529 -0.0488389 -1.37974
0.53 -0.0502125 -1.36736
0.531 -0.0515735 -1.35464
0.532 -0.0529217 -1.34158
0.533 -0.0542566 -1.32818
0.534 -0.0555779 -1.31445
0.535 -0.0568853 -1.30039
0.536 -0.0581786 -1.28601
0.537 -0.0594573 -1.2713
0.538 -0.0607211 -1.25628
0.539 -0.0619697 -1.24094
0.54 -0.0632029 -1.2253
0.541 -0.0644202 -1.20934
0.542 -0.0656214 -1.19309
0.543 -0.0668063 -1.17653
0.544 -0.0679744 -1.15969
0.545 -0.0691255 -1.14255
0.546 -0.0702594 -1.12512
0.547 -0.0713757 -1.10742
0.548 -0.0724742 -1.08944
0.549 -0.0735545 -1.07118
0.55 -0.0746164 -1.05266
0.551 -0.0756597 -1.03388
0.552 -0.0766841 -1.01483
0.553 -0.0776893 -0.995537
0.554 -0.0786751 -0.975991
0.555 -0.0796412 -0.956201
0.556 -0.0805874 -0.936172
0.557 -0.0815135 -0.915909
0.558 -0.0824191 -0.895417
0.559 -0.0833042 -0.874701
0.56 -0.0841685 -0.853766
0.561 -0.0850117 -0.832618
0.562 -0.0858336 -0.811262
0.563 -0.0866341 -0.789703
0.564 -0.087413 -0.767947
0.565 -0.08817 -0.745999
0.566 -0.0889049 -0.723864
0.567 -0.0896176 -0.701548
0.568 -0.090308 -0.679057
0.569 -0.0909757 -0.656396
0.57 -0.0916207 -0.633571
0.571 -0.0922428 -0.610587
0.572 -0.0928418 -0.587451
0.573 -0.0934176 -0.564168
0.574 -0.0939701 -0.540745
0.575 -0.0944991 -0.517185
0.576 -0.0950044 -0.493497
0.577 -0.095486 -0.469685
0.578 -0.0959438 -0.445756
0.579 -0.0963775 -0.421715
0.58 -0.0967872 -0.397569
0.581 -0.0971726 -0.373324
0.582 -0.0975338 -0.348985
0.583 -0.0978706 -0.324559
0.584 -0.0981829 -0.300052
0.585 -0.0984706 -0.275469
0.586 -0.0987338 -0.250818
0.587 -0.0989723 -0.226105
0.588 -0.099186 -0.201334
0.589 -0.0993749 -0.176514
0.59 -0.099539 -0.151649
0.591 -0.0996782 -0.126746
0.592 -0.0997925 -0.101812
0.593 -0.0998818 -0.0768521
0.594 -0.0999462 -0.0518731
0.595 -0.0999855 -0.0268811
0.596 -0.0999999 -0.00188241
0.597 -0.0999893 0.0231168
0.598 -0.0999537 0.0481102
0.599 -0.0998931 0.0730915
0.6 -0.0998075 0.0980546
0.601 -0.099697 0.122993
0.602 -0.0995615 0.147901
0.603 -0.0994012 0.172772
0.604 -0.099216 0.1976
0.605 -0.099006 0.222378
0.606 -0.0987713 0.247101
0.607 -0.0985118 0.271761
0.608 -0.0982278 0.296354
0.609 -0.0979192 0.320873
0.61 -0.0975861 0.345312
0.611 -0.0972286 0.369664
0.612 -0.0968468 0.393924
0.613 -0.0964407 0.418086
0.614 -0.0960106 0.442143
0.615 -0.0955565 0.466089
0.616 -0.0950785 0.489919
0.617 -0.0945767 0.513626
0.618 -0.0940513 0.537205
0.619 -0.0935023 0.56065
0.62 -0.09293 0.583954
0.621 -0.0923345 0.607113
0.622 -0.0917158 0.63012
0.623 -0.0910743 0.652969
0.624 -0.09041 0.675655
0.625 -0.089723 0.698172
0.626 -0.0890137 0.720515
0.627 -0.0882821 0.742677
0.628 -0.0875284 0.764654
0.629 -0.0867528 0.786439
0.63 -0.0859556 0.808028
0.631 -0.0851368 0.829415
0.632 -0.0842968 0.850595
0.633 -0.0834357 0.871562
0.634 -0.0825538 0.892311
0.635 -0.0816512 0.912837
0.636 -0.0807282 0.933135
0.637 -0.079785 0.9532
0.638 -0.0788218 0.973026
0.639 -0.077839 0.992609
0.64 -0.0768367 1.01194
0.641 -0.0758152 1.03103
0.642 -0.0747747 1.04985
0.643 -0.0737156 1.06841
0.644 -0.072638 1.08671
0.645 -0.0715423 1.10473
0.646 -0.0704286 1.12248
0.647 -0.0692974 1.13994
0.648 -0.0681489 1.15712
0.649 -0.0669833 1.17401
0.65 -0.0658009 1.19061
0.651 -0.0646021 1.20691
0.652 -0.0633872 1.22291
0.653 -0.0621564 1.23861
0.654 -0.0609101 1.25399
0.655 -0.0596485 1.26906
0.656 -0.0583721 1.28381
0.657 -0.057081 1.29824
0.658 -0.0557757 1.31235
0.659 -0.0544564 1.32613
0.66 -0.0531235 1.33958
0.661 -0.0517774 1.35269
0.662 -0.0504183 1.36547
0.663 -0.0490466 1.3779
0.664 -0.0476626 1.38999
0.665 -0.0462667 1.40173
0.666 -0.0448592 1.41312
0.667 -0.0434406 1.42416
0.668 -0.042011 1.43484
0.669 -0.040571 1.44516
0.67 -0.0391208 1.45513
0.671 -0.0376609 1.46472
0.672 -0.0361915 1.47396
0.673 -0.0347131 1.48282
0.674 -0.033226 1.49131
0.675 -0.0317306 1.49943
0.676 -0.0302273 1.50718
0.677 -0.0287164 1.51454
0.678 -0.0271983 1.52153
0.679 -0.0256734 1.52814
0.68 -0.0241421 1.53437
0.681 -0.0226048 1.54021
0.682 -0.0210618 1.54567
0.683 -0.0195136 1.55074
0.684 -0.0179605 1.55543
0.685 -0.0164029 1.55972
0.686 -0.0148412 1.56363
0.687 -0.0132757 1.56714
0.688 -0.011707 1.57027
0.689 -0.0101353 1.573
0.69 -0.00856114 1.57533
0.691 -0.00698481 1.57728
0.692 -0.00540672 1.57883
0.693 -0.00382729 1.57998
0.694 -0.00224689 1.58074
0.695 -0.000665937 1.5811
0.696 0.000915184 1.58107
0.697 0.00249608 1.58065
0.698 0.00407634 1.57982
0.699 0.00565559 1.57861
0.7 0.00723343 1.577
0.701 0.00880946 1.57499
0.702 0.0103833 1.57259
0.703 0.0119545 1.5698
0.704 0.0135228 1.56662
0.705 0.0150876 1.56304
0.706 0.0166487 1.55907
0.707 0.0182056 1.55472
0.708 0.019758 1.54997
0.709 0.0213054 1.54484
0.71 0.0228475 1.53932
0.711 0.0243839 1.53341
0.712 0.0259142 1.52713
0.713 0.0274381 1.52046
0.714 0.028955 1.51341
0.715 0.0304648 1.50598
0.716 0.0319669 1.49818
0.717 0.033461 1.49
0.718 0.0349467 1.48145
0.719 0.0364237 1.47252
0.72 0.0378917 1.46323
0.721 0.0393501 1.45358
0.722 0.0407987 1.44356
0.723 0.0422371 1.43318
0.724 0.0436649 1.42244
0.725 0.0450819 1.41135
0.726 0.0464875 1.3999
0.727 0.0478816 1.38811
0.728 0.0492636 1.37596
0.729 0.0506334 1.36348
0.73 0.0519905 1.35065
0.731 0.0533345 1.33748
0.732 0.0546653 1.32398
0.733 0.0559824 1.31015
0.734 0.0572855 1.29599
0.735 0.0585743 1.28151
0.736 0.0598484 1.26671
0.737 0.0611076 1.25159
0.738 0.0623515 1.23615
0.739 0.0635798 1.22041
0.74 0.0647922 1.20436
0.741 0.0659884 1.18802
0.742 0.0671681 1.17137
0.743 0.0683311 1.15443
0.744 0.0694769 1.13721
0.745 0.0706054 1.1197
0.746 0.0717162 1.10191
0.747 0.0728091 1.08384
0.748 0.0738838 1.0655
0.749 0.07494 1.0469
0.75 0.0759775 1.02803
0.751 0.076996 1.00891
0.752 0.0779952 0.989538
0.753 0.078975 0.969916
0.754 0.079935 0.950052
0.755 0.080875 0.929951
0.756 0.0817948 0.909616
0.757 0.0826942 0.889055
0.758 0.0835728 0.868271
0.759 0.0844306 0.84727
0.76 0.0852673 0.826058
0.761 0.0860827 0.804638
0.762 0.0868765 0.783018
0.763 0.0876487 0.761202
0.764 0.0883989 0.739196
0.765 0.089127 0.717004
0.766 0.0898328 0.694634
0.767 0.0905162 0.67209
0.768 0.0911769 0.649378
0.769 0.0918149 0.626503
0.77 0.0924299 0.603472
0.771 0.0930218 0.58029
0.772 0.0935904 0.556963
0.773 0.0941357 0.533497
0.774 0.0946574 0.509897
0.775 0.0951554 0.48617
0.776 0.0956297 0.462322
0.777 0.09608 0.438357
0.778 0.0965064 0.414284
0.779 0.0969086 0.390106
0.78 0.0972865 0.365831
0.781 0.0976402 0.341465
0.782 0.0979694 0.317013
0.783 0.0982742 0.292482
0.784 0.0985544 0.267878
0.785 0.0988099 0.243207
0.786 0.0990408 0.218475
0.787 0.0992469 0.193689
0.788 0.0994281 0.168854
0.789 0.0995846 0.143977
0.79 0.0997161 0.119064
0.791 0.0998227 0.0941209
0.792 0.0999043 0.0691545
0.793 0.099961 0.0441708
0.794 0.0999926 0.0191761
0.795 0.0999993 -0.00582344
0.796 0.099981 -0.0308215
0.797 0.0999377 -0.0558119
0.798 0.0998694 -0.0807883
0.799 0.0997761 -0.105744
0.8 0.0996579 -0.130674
0.801 0.0995148 -0.155571
0.802 0.0993468 -0.18043
0.803 0.0991539 -0.205243
0.804 0.0989363 -0.230004
0.805 0.0986939 -0.254709
0.806 0.0984269 -0.279349
0.807 0.0981353 -0.30392
0.808 0.0978191 -0.328415
0.809 0.0974785 -0.352828
0.81 0.0971135 -0.377152
0.811 0.0967242 -0.401382
0.812 0.0963107 -0.425512
0.813 0.0958732 -0.449536
0.814 0.0954117 -0.473447
0.815 0.0949263 -0.49724
0.816 0.0944173 -0.520908
0.817 0.0938846 -0.544446
0.818 0.0933284 -0.567848
0.819 0.0927489 -0.591109
0.82 0.0921462 -0.614221
0.821 0.0915205 -0.63718
0.822 0.0908719 -0.659979
0.823 0.0902006 -0.682614
0.824 0.0895068 -0.705078
0.825 0.0887905 -0.727365
0.826 0.0880521 -0.749471
0.827 0.0872917 -0.77139
0.828 0.0865094 -0.793115
0.829 0.0857055 -0.814642
0.83 0.0848802 -0.835966
0.831 0.0840336 -0.857081
0.832 0.0831661 -0.877981
0.833 0.0822777 -0.898662
0.834 0.0813688 -0.919118
0.835 0.0804396 -0.939345
0.836 0.0794902 -0.959336
0.837 0.078521 -0.979088
0.838 0.0775321 -0.998595
0.839 0.0765239 -1.01785
0.84 0.0754965 -1.03686
0.841 0.0744503 -1.0556
0.842 0.0733854 -1.07408
0.843 0.0723022 -1.09229
0.844 0.0712009 -1.11023
0.845 0.0700818 -1.12789
0.846 0.0689452 -1.14527
0.847 0.0677914 -1.16236
0.848 0.0666206 -1.17916
0.849 0.0654332 -1.19567
0.85 0.0642294 -1.21188
0.851 0.0630095 -1.22778
0.852 0.0617739 -1.24338
0.853 0.0605228 -1.25867
0.854 0.0592567 -1.27364
0.855 0.0579757 -1.2883
0.856 0.0566802 -1.30263
0.857 0.0553705 -1.31663
0.858 0.054047 -1.33031
0.859 0.05271 -1.34366
0.86 0.0513598 -1.35667
0.861 0.0499968 -1.36934
0.862 0.0486213 -1.38166
0.863 0.0472336 -1.39365
0.864 0.0458341 -1.40528
0.865 0.0444231 -1.41656
0.866 0.0430011 -1.42749
0.867 0.0415683 -1.43806
0.868 0.0401251 -1.44827
0.869 0.0386718 -1.45812
0.87 0.0372089 -1.46761
0.871 0.0357368 -1.47673
0.872 0.0342556 -1.48548
0.873 0.0327659 -1.49385
0.874 0.031268 -1.50186
0.875 0.0297623 -1.50949
0.876 0.0282492 -1.51674
0.877 0.026729 -1.52361
0.878 0.0252021 -1.5301
0.879 0.0236689 -1.53621
0.88 0.0221298 -1.54194
0.881 0.0205852 -1.54728
0.882 0.0190354 -1.55223
0.883 0.0174808 -1.55679
0.884 0.0159219 -1.56097
0.885 0.014359 -1.56475
0.886 0.0127925 -1.56815
0.887 0.0112229 -1.57115
0.888 0.00965037 -1.57376
0.889 0.00807547 -1.57597
0.89 0.00649855 -1.5778
0.891 0.00492001 -1.57922
0.892 0.00334024 -1.58026
0.893 0.00175963 -1.58089
0.894 0.000178581 -1.58114
0.895 -0.00140251 -1.58098
0.896 -0.00298325 -1.58044
0.897 -0.00456325 -1.57949
0.898 -0.00614211 -1.57815
0.899 -0.00771943 -1.57642
0.9 -0.00929482 -1.57429
0.901 -0.0108679 -1.57177
0.902 -0.0124382 -1.56886
0.903 -0.0140055 -1.56555
0.904 -0.0155692 -1.56186
0.905 -0.0171291 -1.55777
0.906 -0.0186846 -1.55329
0.907 -0.0202355 -1.54843
0.908 -0.0217814 -1.54318
0.909 -0.0233217 -1.53754
0.91 -0.0248563 -1.53152
0.911 -0.0263846 -1.52511
0.912 -0.0279064 -1.51832
0.913 -0.0294212 -1.51116
0.914 -0.0309286 -1.50361
0.915 -0.0324283 -1.49569
0.916 -0.0339198 -1.4874
0.917 -0.0354029 -1.47874
0.918 -0.0368772 -1.4697
0.919 -0.0383422 -1.4603
0.92 -0.0397977 -1.45053
0.921 -0.0412432 -1.4404
0.922 -0.0426783 -1.42991
0.923 -0.0441029 -1.41906
0.924 -0.0455164 -1.40786
0.925 -0.0469185 -1.3963
0.926 -0.0483088 -1.3844
0.927 -0.0496871 -1.37215
0.928 -0.051053 -1.35956
0.929 -0.0524061 -1.34663
0.93 -0.0537462 -1.33336
0.931 -0.0550727 -1.31975
0.932 -0.0563856 -1.30582
0.933 -0.0576843 -1.29156
0.934 -0.0589686 -1.27698
0.935 -0.0602381 -1.26208
0.936 -0.0614926 -1.24686
0.937 -0.0627318 -1.23133
0.938 -0.0639552 -1.2155
0.939 -0.0651626 -1.19936
0.94 -0.0663538 -1.18292
0.941 -0.0675284 -1.16618
0.942 -0.0686861 -1.14915
0.943 -0.0698266 -1.13184
0.944 -0.0709497 -1.11424
0.945 -0.072055 -1.09637
0.946 -0.0731423 -1.07822
0.947 -0.0742113 -1.0598
0.948 -0.0752618 -1.04111
0.949 -0.0762935 -1.02217
0.95 -0.0773061 -1.00297
0.951 -0.0782993 -0.983516
0.952 -0.079273 -0.963819
0.953 -0.0802269 -0.943881
0.954 -0.0811607 -0.923707
0.955 -0.0820742 -0.903303
0.956 -0.0829672 -0.882672
0.957 -0.0838395 -0.861821
0.958 -0.0846908 -0.840754
0.959 -0.0855209 -0.819477
0.96 -0.0863297 -0.797995
0.961 -0.0871168 -0.776314
0.962 -0.0878822 -0.754439
0.963 -0.0886257 -0.732375
0.964 -0.0893469 -0.710128
0.965 -0.0900459 -0.687703
0.966 -0.0907223 -0.665107
0.967 -0.091376 -0.642344
0.968 -0.0920069 -0.619421
0.969 -0.0926148 -0.596342
0.97 -0.0931995 -0.573115
0.971 -0.093761 -0.549745
0.972 -0.094299 -0.526237
0.973 -0.0948134 -0.502597
0.974 -0.0953041 -0.478832
0.975 -0.095771 -0.454947
0.976 -0.096214 -0.430948
0.977 -0.0966329 -0.406842
0.978 -0.0970277 -0.382634
0.979 -0.0973981 -0.35833
0.98 -0.0977443 -0.333937
0.981 -0.098066 -0.30946
0.982 -0.0983632 -0.284906
0.983 -0.0986358 -0.260281
0.984 -0.0988837 -0.23559
0.985 -0.0991069 -0.210841
0.986 -0.0993054 -0.186039
0.987 -0.099479 -0.16119
0.988 -0.0996277 -0.136301
0.989 -0.0997516 -0.111378
0.99 -0.0998505 -0.0864276
0.991 -0.0999244 -0.0614552
0.992 -0.0999734 -0.0364674
0.993 -0.0999974 -0.0114706
0.994 -0.0999963 0.0135292
0.995 -0.0999703 0.0385255
0.996 -0.0999193 0.0635122
0.997 -0.0998433 0.0884831
0.998 -0.0997423 0.113432
0.999 -0.0996164 0.138352
1 -0.0994656 0.163238
1.001 -0.09929 0.188083
1.002 -0.0990895 0.212881
1.003 -0.0988642 0.237626
1.004 -0.0986143 0.262311
1.005 -0.0983396 0.286931
1.006 -0.0980404 0.311479
1.007 -0.0977167 0.335949
1.008 -0.0973686 0.360335
1.009 -0.0969961 0.384631
1.01 -0.0965993 0.408831
1.011 -0.0961784 0.432929
1.012 -0.0957335 0.456918
1.013 -0.0952646 0.480793
1.014 -0.094772 0.504549
1.015 -0.0942556 0.528177
1.016 -0.0937156 0.551674
1.017 -0.0931523 0.575033
1.018 -0.0925656 0.598249
1.019 -0.0919558 0.621314
1.02 -0.091323 0.644225
1.021 -0.0906674 0.666974
1.022 -0.0899892 0.689556
1.023 -0.0892884 0.711967
1.024 -0.0885653 0.734199
1.025 -0.08782 0.756247
1.026 -0.0870528 0.778107
1.027 -0.0862639 0.799772
1.028 -0.0854534 0.821237
1.029 -0.0846215 0.842497
1.03 -0.0837684 0.863546
1.031 -0.0828945 0.884379
1.032 -0.0819998 0.904992
1.033 -0.0810846 0.925378
1.034 -0.0801491 0.945532
1.035 -0.0791936 0.96545
1.036 -0.0782183 0.985127
1.037 -0.0772234 1.00456
1.038 -0.0762092 1.02374
1.039 -0.075176 1.04266
1.04 -0.074124 1.06132
1.041 -0.0730535 1.07972
1.042 -0.0719646 1.09785
1.043 -0.0708578 1.1157
1.044 -0.0697333 1.13328
1.045 -0.0685914 1.15057
1.046 -0.0674323 1.16757
1.047 -0.0662563 1.18428
1.048 -0.0650638 1.2007
1.049 -0.063855 1.21681
1.05 -0.0626303 1.23262
1.051 -0.0613899 1.24813
1.052 -0.0601342 1.26332
1.053 -0.0588634 1.27819
1.054 -0.0575779 1.29275
1.055 -0.056278 1.30698
1.056 -0.054964 1.32089
1.057 -0.0536363 1.33446
1.058 -0.0522952 1.3477
1.059 -0.050941 1.36061
1.06 -0.0495741 1.37317
1.061 -0.0481948 1.38539
1.062 -0.0468034 1.39727
1.063 -0.0454004 1.40879
1.064 -0.043986 1.41997
1.065 -0.0425606 1.43079
1.066 -0.0411245 1.44125
1.067 -0.0396782 1.45135
1.068 -0.0382219 1.46109
1.069 -0.0367561 1.47046
1.07 -0.0352811 1.47946
1.071 -0.0337973 1.4881
1.072 -0.0323051 1.49636
1.073 -0.0308047 1.50425
1.074 -0.0292967 1.51176
1.075 -0.0277813 1.5189
1.076 -0.026259 1.52565
1.077 -0.0247302 1.53203
1.078 -0.0231951 1.53802
1.079 -0.0216543 1.54362
1.08 -0.020108 1.54884
1.081 -0.0185567 1.55368
1.082 -0.0170008 1.55812
1.083 -0.0154406 1.56218
1.084 -0.0138765 1.56584
1.085 -0.012309 1.56912
1.086 -0.0107384 1.572
1.087 -0.00916517 1.57448
1.088 -0.00758961 1.57658
1.089 -0.00601215 1.57828
1.09 -0.00443318 1.57958
1.091 -0.00285311 1.5805
1.092 -0.00127232 1.58101
1.093 0.00030878 1.58113
1.094 0.00188981 1.58086
1.095 0.00347036 1.58019
1.096 0.00505005 1.57912
1.097 0.00662847 1.57766
1.098 0.00820524 1.57581
1.099 0.00977996 1.57356
1.1 0.0113522 1.57092
1.101 0.0129217 1.56788
1.102 0.0144879 1.56446
1.103 0.0160504 1.56064
1.104 0.017609 1.55643
1.105 0.0191632 1.55184
1.106 0.0207126 1.54685
1.107 0.0222568 1.54148
1.108 0.0237954 1.53572
1.109 0.0253281 1.52958
1.11 0.0268544 1.52306
1.111 0.0283741 1.51616
1.112 0.0298866 1.50887
1.113 0.0313917 1.50121
1.114 0.0328889 1.49318
1.115 0.0343779 1.48477
1.116 0.0358583 1.47599
1.117 0.0373298 1.46684
1.118 0.0387919 1.45733
1.119 0.0402443 1.44745
1.12 0.0416867 1.4372
1.121 0.0431186 1.4266
1.122 0.0445397 1.41565
1.123 0.0459498 1.40433
1.124 0.0473483 1.39267
1.125 0.048735 1.38066
1.126 0.0501095 1.36831
1.127 0.0514715 1.35561
1.128 0.0528206 1.34257
1.129 0.0541565 1.3292
1.13 0.0554789 1.31549
1.131 0.0567874 1.30146
1.132 0.0580817 1.2871
1.133 0.0593615 1.27242
1.134 0.0606264 1.25742
1.135 0.0618762 1.24211
1.136 0.0631105 1.22648
1.137 0.0643291 1.21055
1.138 0.0655316 1.19432
1.139 0.0667176 1.17779
1.14 0.067887 1.16096
1.141 0.0690395 1.14385
1.142 0.0701746 1.12645
1.143 0.0712923 1.10876
1.144 0.0723921 1.0908
1.145 0.0734738 1.07257
1.146 0.0745371 1.05407
1.147 0.0755818 1.0353
1.148 0.0766076 1.01628
1.149 0.0776143 0.996998
1.15 0.0786015 0.977471
1.151 0.0795691 0.957699
1.152 0.0805169 0.937688
1.153 0.0814444 0.917442
1.154 0.0823517 0.896967
1.155 0.0832383 0.876268
1.156 0.0841041 0.85535
1.157 0.0849489 0.834218
1.158 0.0857725 0.812877
1.159 0.0865746 0.791334
1.16 0.0873551 0.769592
1.161 0.0881137 0.747658
1.162 0.0888504 0.725537
1.163 0.0895648 0.703234
1.164 0.0902568 0.680756
1.165 0.0909262 0.658108
1.166 0.0915729 0.635295
1.167 0.0921967 0.612323
1.168 0.0927975 0.589199
1.169 0.0933751 0.565927
1.17 0.0939293 0.542513
1.171 0.0944601 0.518964
1.172 0.0949672 0.495285
1.173 0.0954506 0.471482
1.174 0.0959101 0.447562
1.175 0.0963457 0.423529
1.176 0.0967572 0.399391
1.177 0.0971444 0.375153
1.178 0.0975074 0.350821
1.179 0.0978461 0.326401
1.18 0.0981602 0.3019
1.181 0.0984498 0.277323
1.182 0.0987148 0.252677
1.183 0.0989552 0.227968
1.184 0.0991707 0.203201
1.185 0.0993615 0.178384
1.186 0.0995275 0.153523
1.187 0.0996686 0.128623
1.188 0.0997847 0.10369
1.189 0.0998759 0.0787322
1.19 0.0999422 0.0537545
1.191 0.0999835 0.0287632
1.192 0.0999997 0.00376481
1.193 0.099991 -0.0212345
1.194 0.0999572 -0.0462286
1.195 0.0998985 -0.0712111
1.196 0.0998148 -0.0961758
1.197 0.0997062 -0.121116
1.198 0.0995726 -0.146027
1.199 0.0994141 -0.170901
1.2 0.0992308 -0.195732
1.201 0.0990227 -0.220514
1.202 0.0987898 -0.245241
1.203 0.0985322 -0.269907
1.204 0.09825 -0.294505
1.205 0.0979432 -0.31903
1.206 0.097612 -0.343475
1.207 0.0972563 -0.367834
1.208 0.0968764 -0.392101
1.209 0.0964722 -0.41627
1.21 0.0960438 -0.440335
1.211 0.0955915 -0.46429
1.212 0.0951153 -0.488129
1.213 0.0946153 -0.511846
1.214 0.0940917 -0.535434
1.215 0.0935445 -0.558889
1.216 0.0929739 -0.582205
1.217 0.0923801 -0.605374
1.218 0.0917632 -0.628393
1.219 0.0911234 -0.651254
1.22 0.0904608 -0.673953
1.221 0.0897755 -0.696483
1.222 0.0890679 -0.718839
1.223 0.0883379 -0.741015
1.224 0.0875859 -0.763006
1.225 0.086812 -0.784806
1.226 0.0860164 -0.80641
1.227 0.0851992 -0.827812
1.228 0.0843608 -0.849008
1.229 0.0835013 -0.869991
1.23 0.0826209 -0.890757
1.231 0.0817198 -0.9113
1.232 0.0807984 -0.931615
1.233 0.0798567 -0.951697
1.234 0.078895 -0.971541
1.235 0.0779137 -0.991143
1.236 0.0769128 -1.0105
1.237 0.0758928 -1.0296
1.238 0.0748537 -1.04844
1.239 0.073796 -1.06702
1.24 0.0727198 -1.08534
1.241 0.0716254 -1.10338
1.242 0.0705131 -1.12115
1.243 0.0693832 -1.13864
1.244 0.0682359 -1.15584
1.245 0.0670716 -1.17275
1.246 0.0658905 -1.18937
1.247 0.064693 -1.2057
1.248 0.0634792 -1.22172
1.249 0.0622496 -1.23744
1.25 0.0610045 -1.25284
1.251 0.059744 -1.26794
1.252 0.0584687 -1.28271
1.253 0.0571787 -1.29717
1.254 0.0558745 -1.3113
1.255 0.0545562 -1.32511
1.256 0.0532244 -1.33858
1.257 0.0518792 -1.35172
1.258 0.050521 -1.36452
1.259 0.0491503 -1.37698
1.26 0.0477672 -1.38909
1.261 0.0463722 -1.40086
1.262 0.0449656 -1.41228
1.263 0.0435478 -1.42334
1.264 0.042119 -1.43405
1.265 0.0406798 -1.4444
1.266 0.0392304 -1.45439
1.267 0.0377711 -1.46401
1.268 0.0363025 -1.47327
1.269 0.0348247 -1.48216
1.27 0.0333383 -1.49068
1.271 0.0318435 -1.49883
1.272 0.0303407 -1.50661
1.273 0.0288304 -1.514
1.274 0.0273128 -1.52102
1.275 0.0257885 -1.52766
1.276 0.0242576 -1.53391
1.277 0.0227208 -1.53979
1.278 0.0211782 -1.54527
1.279 0.0196303 -1.55037
1.28 0.0180776 -1.55509
1.281 0.0165203 -1.55941
1.282 0.0149589 -1.56335
1.283 0.0133937 -1.56689
1.284 0.0118252 -1.57004
1.285 0.0102538 -1.5728
1.286 0.00867975 -1.57517
1.287 0.00710356 -1.57714
1.288 0.0055256 -1.57872
1.289 0.00394625 -1.57991
1.29 0.00236591 -1.5807
1.291 0.000784988 -1.58109
1.292 -0.000796134 -1.58109
1.293 -0.00237706 -1.58069
1.294 -0.00395739 -1.5799
1.295 -0.00553673 -1.57871
1.296 -0.00711468 -1.57713
1.297 -0.00869086 -1.57516
1.298 -0.0102649 -1.57279
1.299 -0.0118363 -1.57002
1.3 -0.0134048 -1.56687
1.301 -0.0149699 -1.56332
1.302 -0.0165313 -1.55938
1.303 -0.0180885 -1.55506
1.304 -0.0196413 -1.55034
1.305 -0.0211891 -1.54524
1.306 -0.0227316 -1.53975
1.307 -0.0242685 -1.53387
1.308 -0.0257992 -1.52761
1.309 -0.0273236 -1.52097
1.31 -0.0288411 -1.51395
1.311 -0.0303513 -1.50655
1.312 -0.031854 -1.49878
1.313 -0.0333488 -1.49063
1.314 -0.0348352 -1.4821
1.315 -0.0363128 -1.47321
1.316 -0.0377815 -1.46395
1.317 -0.0392406 -1.45432
1.318 -0.04069 -1.44433
1.319 -0.0421292 -1.43397
1.32 -0.0435578 -1.42326
1.321 -0.0449756 -1.4122
1.322 -0.0463821 -1.40078
1.323 -0.047777 -1.38901
1.324 -0.04916 -1.37689
1.325 -0.0505307 -1.36443
1.326 -0.0518887 -1.35163
1.327 -0.0532338 -1.33848
1.328 -0.0545656 -1.32501
1.329 -0.0558837 -1.3112
1.33 -0.0571879 -1.29707
1.331 -0.0584777 -1.28261
1.332 -0.059753 -1.26783
1.333 -0.0610133 -1.25273
1.334 -0.0622583 -1.23733
1.335 -0.0634878 -1.22161
1.336 -0.0647015 -1.20558
1.337 -0.0658989 -1.18926
1.338 -0.0670799 -1.17263
1.339 -0.0682441 -1.15572
1.34 -0.0693912 -1.13851
1.341 -0.070521 -1.12102
1.342 -0.0716332 -1.10326
1.343 -0.0727274 -1.08521
1.344 -0.0738035 -1.06689
1.345 -0.0748611 -1.04831
1.346 -0.0759 -1.02946
1.347 -0.07692 -1.01036
1.348 -0.0779207 -0.991006
1.349 -0.0789019 -0.971402
1.35 -0.0798634 -0.951556
1.351 -0.0808049 -0.931472
1.352 -0.0817263 -0.911156
1.353 -0.0826272 -0.890611
1.354 -0.0835074 -0.869844
1.355 -0.0843668 -0.848859
1.356 -0.0852051 -0.827662
1.357 -0.086022 -0.806258
1.358 -0.0868175 -0.784653
1.359 -0.0875913 -0.762851
1.36 -0.0883431 -0.740859
1.361 -0.0890729 -0.718682
1.362 -0.0897805 -0.696324
1.363 -0.0904655 -0.673793
1.364 -0.091128 -0.651094
1.365 -0.0917677 -0.628231
1.366 -0.0923844 -0.605212
1.367 -0.092978 -0.582041
1.368 -0.0935484 -0.558725
1.369 -0.0940954 -0.535269
1.37 -0.0946189 -0.511679
1.371 -0.0951187 -0.487961
1.372 -0.0955948 -0.464121
1.373 -0.096047 -0.440166
1.374 -0.0964751 -0.4161
1.375 -0.0968791 -0.39193
1.376 -0.0972589 -0.367662
1.377 -0.0976144 -0.343303
1.378 -0.0979455 -0.318857
1.379 -0.0982521 -0.294332
1.38 -0.0985341 -0.269733
1.381 -0.0987915 -0.245067
1.382 -0.0990242 -0.220339
1.383 -0.0992322 -0.195557
1.384 -0.0994153 -0.170725
1.385 -0.0995736 -0.145851
1.386 -0.099707 -0.120941
1.387 -0.0998155 -0.0959999
1.388 -0.099899 -0.071035
1.389 -0.0999576 -0.0460524
1.39 -0.0999911 -0.0210583
1.391 -0.0999997 0.00394105
1.392 -0.0999832 0.0289394
1.393 -0.0999418 0.0539306
1.394 -0.0998754 0.0789083
1.395 -0.099784 0.103866
1.396 -0.0996677 0.128798
1.397 -0.0995264 0.153698
1.398 -0.0993603 0.178559
1.399 -0.0991693 0.203376
1.4 -0.0989536 0.228142
1.401 -0.098713 0.252851
1.402 -0.0984479 0.277496
1.403 -0.0981581 0.302073
1.404 -0.0978437 0.326573
1.405 -0.097505 0.350992
1.406 -0.0971418 0.375324
1.407 -0.0967543 0.399561
1.408 -0.0963427 0.423699
1.409 -0.095907 0.447731
1.41 -0.0954473 0.47165
1.411 -0.0949637 0.495452
1.412 -0.0944564 0.51913
1.413 -0.0939255 0.542679
1.414 -0.0933711 0.566091
1.415 -0.0927934 0.589362
1.416 -0.0921924 0.612486
1.417 -0.0915684 0.635456
1.418 -0.0909216 0.658268
1.419 -0.090252 0.680915
1.42 -0.0895598 0.703392
1.421 -0.0888452 0.725693
1.422 -0.0881085 0.747813
1.423 -0.0873497 0.769746
1.424 -0.086569 0.791486
1.425 -0.0857668 0.813029
1.426 -0.0849431 0.834368
1.427 -0.0840981 0.855498
1.428 -0.0832321 0.876415
1.429 -0.0823453 0.897113
1.43 -0.081438 0.917586
1.431 -0.0805102 0.93783
1.432 -0.0795624 0.957839
1.433 -0.0785947 0.977609
1.434 -0.0776073 0.997135
1.435 -0.0766005 1.01641
1.436 -0.0755745 1.03543
1.437 -0.0745297 1.0542
1.438 -0.0734662 1.0727
1.439 -0.0723844 1.09093
1.44 -0.0712844 1.10889
1.441 -0.0701667 1.12657
1.442 -0.0690314 1.14397
1.443 -0.0678789 1.16108
1.444 -0.0667093 1.17791
1.445 -0.0655231 1.19444
1.446 -0.0643206 1.21067
1.447 -0.0631019 1.2266
1.448 -0.0618675 1.24222
1.449 -0.0606176 1.25753
1.45 -0.0593525 1.27252
1.451 -0.0580726 1.2872
1.452 -0.0567782 1.30156
1.453 -0.0554696 1.31559
1.454 -0.0541471 1.32929
1.455 -0.0528111 1.34266
1.456 -0.0514619 1.3557
1.457 -0.0500999 1.36839
1.458 -0.0487253 1.38075
1.459 -0.0473385 1.39276
1.46 -0.0459399 1.40442
1.461 -0.0445298 1.41572
1.462 -0.0431085 1.42668
1.463 -0.0416765 1.43728
1.464 -0.0402341 1.44752
1.465 -0.0387816 1.45739
1.466 -0.0373194 1.46691
1.467 -0.0358479 1.47605
1.468 -0.0343674 1.48483
1.469 -0.0328784 1.49324
1.47 -0.0313811 1.50127
1.471 -0.029876 1.50893
1.472 -0.0283634 1.51621
1.473 -0.0268437 1.52311
1.474 -0.0253173 1.52963
1.475 -0.0237846 1.53576
1.476 -0.0222459 1.54152
1.477 -0.0207016 1.54689
1.478 -0.0191522 1.55187
1.479 -0.017598 1.55646
1.48 -0.0160394 1.56067
1.481 -0.0144768 1.56448
1.482 -0.0129106 1.56791
1.483 -0.0113412 1.57094
1.484 -0.00976886 1.57358
1.485 -0.00819413 1.57582
1.486 -0.00661735 1.57767
1.487 -0.00503892 1.57913
1.488 -0.00345922 1.58019
1.489 -0.00187866 1.58086
1.49 -0.000297634 1.58113
1.491 0.00128347 1.58101
1.492 0.00286425 1.58049
1.493 0.00444432 1.57958
1.494 0.00602327 1.57827
1.495 0.00760072 1.57657
1.496 0.00917627 1.57447
1.497 0.0107495 1.57198
1.498 0.0123201 1.56909
1.499 0.0138876 1.56582
1.5 0.0154516 1.56215
1.501 0.0170118 1.55809
1.502 0.0185677 1.55364
1.503 0.0201189 1.54881
1.504 0.0216651 1.54359
1.505 0.023206 1.53798
1.506 0.024741 1.53198
1.507 0.0262698 1.52561
1.508 0.027792 1.51885
1.509 0.0293074 1.51171
1.51 0.0308153 1.5042
1.511 0.0323156 1.4963
1.512 0.0338078 1.48804
1.513 0.0352916 1.4794
1.514 0.0367665 1.47039
1.515 0.0382322 1.46102
1.516 0.0396884 1.45128
1.517 0.0411347 1.44117
1.518 0.0425707 1.43071
1.519 0.043996 1.41989
1.52 0.0454103 1.40871
1.521 0.0468133 1.39719
1.522 0.0482046 1.38531
1.523 0.0495838 1.37308
1.524 0.0509506 1.36052
1.525 0.0523047 1.34761
1.526 0.0536457 1.33437
1.527 0.0549733 1.32079
1.528 0.0562872 1.30688
1.529 0.057587 1.29265
1.53 0.0588724 1.27809
1.531 0.0601431 1.26321
1.532 0.0613987 1.24802
1.533 0.062639 1.23251
1.534 0.0638636 1.2167
1.535 0.0650723 1.20058
1.536 0.0662647 1.18417
1.537 0.0674405 1.16745
1.538 0.0685995 1.15045
1.539 0.0697413 1.13315
1.54 0.0708657 1.11558
1.541 0.0719724 1.09772
1.542 0.0730611 1.07959
1.543 0.0741315 1.06119
1.544 0.0751834 1.04253
1.545 0.0762164 1.0236
1.546 0.0772305 1.00442
1.547 0.0782252 0.984989
1.548 0.0792004 0.965311
1.549 0.0801558 0.945391
1.55 0.0810911 0.925235
1.551 0.0820061 0.904847
1.552 0.0829007 0.884233
1.553 0.0837745 0.863398
1.554 0.0846274 0.842348
1.555 0.0854592 0.821086
1.556 0.0862695 0.79962
1.557 0.0870583 0.777953
1.558 0.0878254 0.756093
1.559 0.0885705 0.734043
1.56 0.0892934 0.711809
1.561 0.089994 0.689398
1.562 0.0906721 0.666814
1.563 0.0913276 0.644064
1.564 0.0919602 0.621152
1.565 0.0925698 0.598085
1.566 0.0931563 0.574869
1.567 0.0937195 0.551509
1.568 0.0942593 0.528011
1.569 0.0947755 0.504382
1.57 0.095268 0.480626
1.571 0.0957367 0.456749
1.572 0.0961815 0.432759
1.573 0.0966022 0.408661
1.574 0.0969988 0.38446
1.575 0.0973711 0.360163
1.576 0.0977191 0.335777
1.577 0.0980426 0.311306
1.578 0.0983417 0.286757
1.579 0.0986161 0.262137
1.58 0.0988659 0.237451
1.581 0.099091 0.212706
1.582 0.0992913 0.187908
1.583 0.0994668 0.163063
1.584 0.0996174 0.138177
1.585 0.0997431 0.113256
1.586 0.0998439 0.0883071
1.587 0.0999197 0.0633361
1.588 0.0999706 0.0383493
1.589 0.0999964 0.0133529
1.59 0.0999973 -0.0116468
1.591 0.0999731 -0.0366436
1.592 0.099924 -0.0616313
1.593 0.0998499 -0.0866036
1.594 0.0997508 -0.111554
1.595 0.0996268 -0.136477
1.596 0.0994779 -0.161365
1.597 0.0993041 -0.186214
1.598 0.0991054 -0.211015
1.599 0.0988821 -0.235764
1.6 0.0986339 -0.260454
1.601 0.0983612 -0.285079
1.602 0.0980638 -0.309633
1.603 0.0977419 -0.334109
1.604 0.0973956 -0.358502
1.605 0.097025 -0.382805
1.606 0.09663 -0.407012
1.607 0.096211 -0.431118
1.608 0.0957678 -0.455116
1.609 0.0953008 -0.479
1.61 0.0948099 -0.502764
1.611 0.0942953 -0.526403
1.612 0.0937571 -0.54991
1.613 0.0931955 -0.573279
1.614 0.0926106 -0.596506
1.615 0.0920025 -0.619583
1.616 0.0913715 -0.642505
1.617 0.0907176 -0.665267
1.618 0.090041 -0.687862
1.619 0.0893419 -0.710285
1.62 0.0886205 -0.732531
1.621 0.0878769 -0.754594
1.622 0.0871114 -0.776468
1.623 0.0863241 -0.798148
1.624 0.0855151 -0.819628
1.625 0.0846849 -0.840903
1.626 0.0838334 -0.861969
1.627 0.082961 -0.882818
1.628 0.0820678 -0.903447
1.629 0.0811542 -0.923851
1.63 0.0802202 -0.944023
1.631 0.0792662 -0.963959
1.632 0.0782924 -0.983654
1.633 0.077299 -1.0031
1.634 0.0762863 -1.0223
1.635 0.0752545 -1.04125
1.636 0.0742039 -1.05993
1.637 0.0731347 -1.07835
1.638 0.0720473 -1.09649
1.639 0.0709418 -1.11437
1.64 0.0698186 -1.13196
1.641 0.068678 -1.14928
1.642 0.0675202 -1.1663
1.643 0.0663455 -1.18303
1.644 0.0651542 -1.19947
1.645 0.0639466 -1.21561
1.646 0.0627231 -1.23144
1.647 0.0614838 -1.24697
1.648 0.0602292 -1.26218
1.649 0.0589596 -1.27708
1.65 0.0576752 -1.29166
1.651 0.0563764 -1.30592
1.652 0.0550634 -1.31985
1.653 0.0537368 -1.33345
1.654 0.0523967 -1.34672
1.655 0.0510434 -1.35965
1.656 0.0496775 -1.37224
1.657 0.0482991 -1.38449
1.658 0.0469086 -1.39639
1.659 0.0455064 -1.40794
1.66 0.0440929 -1.41914
1.661 0.0426683 -1.42998
1.662 0.041233 -1.44047
1.663 0.0397874 -1.4506
1.664 0.0383319 -1.46036
1.665 0.0368668 -1.46976
1.666 0.0353925 -1.4788
1.667 0.0339094 -1.48746
1.668 0.0324177 -1.49575
1.669 0.030918 -1.50367
1.67 0.0294105 -1.51121
1.671 0.0278957 -1.51837
1.672 0.0263739 -1.52516
1.673 0.0248455 -1.53156
1.674 0.0233109 -1.53758
1.675 0.0217705 -1.54321
1.676 0.0202246 -1.54846
1.677 0.0186737 -1.55333
1.678 0.0171181 -1.5578
1.679 0.0155582 -1.56189
1.68 0.0139944 -1.56558
1.681 0.0124272 -1.56888
1.682 0.0108568 -1.57179
1.683 0.00928372 -1.57431
1.684 0.00770831 -1.57643
1.685 0.00613098 -1.57816
1.686 0.00455212 -1.5795
1.687 0.00297211 -1.58044
1.688 0.00139137 -1.58099
1.689 -0.000189727 -1.58114
1.69 -0.00177077 -1.58089
1.691 -0.00335138 -1.58025
1.692 -0.00493114 -1.57922
1.693 -0.00650968 -1.57779
1.694 -0.00808658 -1.57596
1.695 -0.00966147 -1.57374
1.696 -0.0112339 -1.57113
1.697 -0.0128036 -1.56813
1.698 -0.0143701 -1.56473
1.699 -0.0159329 -1.56094
1.7 -0.0174918 -1.55676
1.701 -0.0190463 -1.5522
1.702 -0.0205961 -1.54724
1.703 -0.0221407 -1.5419
1.704 -0.0236797 -1.53617
1.705 -0.0252129 -1.53006
1.706 -0.0267397 -1.52356
1.707 -0.0282599 -1.51669
1.708 -0.029773 -1.50943
1.709 -0.0312786 -1.5018
1.71 -0.0327765 -1.4938
1.711 -0.0342661 -1.48542
1.712 -0.0357472 -1.47666
1.713 -0.0372193 -1.46754
1.714 -0.0386821 -1.45805
1.715 -0.0401353 -1.4482
1.716 -0.0415784 -1.43799
1.717 -0.0430111 -1.42741
1.718 -0.0444331 -1.41648
1.719 -0.045844 -1.4052
1.72 -0.0472434 -1.39356
1.721 -0.048631 -1.38158
1.722 -0.0500064 -1.36925
1.723 -0.0513694 -1.35658
1.724 -0.0527195 -1.34356
1.725 -0.0540564 -1.33022
1.726 -0.0553798 -1.31654
1.727 -0.0566894 -1.30253
1.728 -0.0579847 -1.28819
1.729 -0.0592656 -1.27354
1.73 -0.0605317 -1.25856
1.731 -0.0617827 -1.24327
1.732 -0.0630182 -1.22767
1.733 -0.0642379 -1.21176
1.734 -0.0654416 -1.19555
1.735 -0.0666289 -1.17905
1.736 -0.0677996 -1.16224
1.737 -0.0689533 -1.14515
1.738 -0.0700898 -1.12777
1.739 -0.0712087 -1.1101
1.74 -0.0723099 -1.09216
1.741 -0.073393 -1.07395
1.742 -0.0744577 -1.05547
1.743 -0.0755038 -1.03672
1.744 -0.0765311 -1.01772
1.745 -0.0775392 -0.998459
1.746 -0.0785279 -0.97895
1.747 -0.079497 -0.959196
1.748 -0.0804462 -0.939203
1.749 -0.0813753 -0.918975
1.75 -0.0822841 -0.898517
1.751 -0.0831723 -0.877835
1.752 -0.0840397 -0.856933
1.753 -0.0848861 -0.835816
1.754 -0.0857112 -0.814491
1.755 -0.086515 -0.792963
1.756 -0.0872971 -0.771236
1.757 -0.0880574 -0.749316
1.758 -0.0887957 -0.727209
1.759 -0.0895117 -0.70492
1.76 -0.0902054 -0.682455
1.761 -0.0908766 -0.659819
1.762 -0.091525 -0.637018
1.763 -0.0921506 -0.614058
1.764 -0.0927531 -0.590945
1.765 -0.0933324 -0.567684
1.766 -0.0938884 -0.544281
1.767 -0.0944209 -0.520742
1.768 -0.0949299 -0.497072
1.769 -0.095415 -0.473279
1.77 -0.0958764 -0.449367
1.771 -0.0963137 -0.425342
1.772 -0.096727 -0.401212
1.773 -0.0971161 -0.376981
1.774 -0.0974809 -0.352656
1.775 -0.0978214 -0.328243
1.776 -0.0981374 -0.303747
1.777 -0.0984289 -0.279176
1.778 -0.0986957 -0.254535
1.779 -0.0989379 -0.22983
1.78 -0.0991554 -0.205068
1.781 -0.099348 -0.180254
1.782 -0.0995159 -0.155396
1.783 -0.0996588 -0.130499
1.784 -0.0997769 -0.105569
1.785 -0.0998699 -0.0806123
1.786 -0.0999381 -0.0556357
1.787 -0.0999812 -0.0306453
1.788 -0.0999994 -0.00564721
1.789 -0.0999925 0.0193523
1.79 -0.0999607 0.044347
1.791 -0.0999038 0.0693305
1.792 -0.099822 0.0942968
1.793 -0.0997152 0.119239
1.794 -0.0995835 0.144152
1.795 -0.0994269 0.169029
1.796 -0.0992455 0.193864
1.797 -0.0990392 0.21865
1.798 -0.0988082 0.243381
1.799 -0.0985525 0.268052
1.8 -0.0982721 0.292655
1.801 -0.0979672 0.317186
1.802 -0.0976378 0.341637
1.803 -0.097284 0.366003
1.804 -0.0969058 0.390277
1.805 -0.0965034 0.414454
1.806 -0.0960769 0.438527
1.807 -0.0956264 0.46249
1.808 -0.095152 0.486338
1.809 -0.0946538 0.510064
1.81 -0.0941319 0.533663
1.811 -0.0935865 0.557128
1.812 -0.0930177 0.580454
1.813 -0.0924256 0.603635
1.814 -0.0918105 0.626665
1.815 -0.0911724 0.649538
1.816 -0.0905115 0.672249
1.817 -0.0898279 0.694792
1.818 -0.0891219 0.717161
1.819 -0.0883937 0.739351
1.82 -0.0876433 0.761356
1.821 -0.086871 0.783171
1.822 -0.086077 0.80479
1.823 -0.0852615 0.826208
1.824 -0.0844247 0.847419
1.825 -0.0835667 0.868418
1.826 -0.0826879 0.889201
1.827 -0.0817884 0.909761
1.828 -0.0808685 0.930093
1.829 -0.0799283 0.950193
1.83 -0.0789681 0.970056
1.831 -0.0779883 0.989676
1.832 -0.0769889 1.00905
1.833 -0.0759702 1.02817
1.834 -0.0749326 1.04703
1.835 -0.0738763 1.06563
1.836 -0.0728014 1.08397
1.837 -0.0717084 1.10203
1.838 -0.0705975 1.11982
1.839 -0.0694689 1.13733
1.84 -0.0683229 1.15455
1.841 -0.0671599 1.17149
1.842 -0.06598 1.18813
1.843 -0.0647837 1.20448
1.844 -0.0635712 1.22052
1.845 -0.0623428 1.23626
1.846 -0.0610988 1.25169
1.847 -0.0598395 1.26681
1.848 -0.0585652 1.28161
1.849 -0.0572764 1.29609
1.85 -0.0559732 1.31025
1.851 -0.054656 1.32408
1.852 -0.0533251 1.33758
1.853 -0.0519809 1.35074
1.854 -0.0506237 1.36356
1.855 -0.0492539 1.37605
1.856 -0.0478718 1.38819
1.857 -0.0464776 1.39998
1.858 -0.0450719 1.41143
1.859 -0.0436549 1.42252
1.86 -0.042227 1.43326
1.861 -0.0407885 1.44363
1.862 -0.0393398 1.45365
1.863 -0.0378813 1.4633
1.864 -0.0364134 1.47259
1.865 -0.0349363 1.48151
1.866 -0.0334505 1.49006
1.867 -0.0319563 1.49823
1.868 -0.0304541 1.50603
1.869 -0.0289444 1.51346
1.87 -0.0274273 1.5205
1.871 -0.0259035 1.52717
1.872 -0.0243731 1.53346
1.873 -0.0228367 1.53936
1.874 -0.0212945 1.54487
1.875 -0.0197471 1.55
1.876 -0.0181947 1.55475
1.877 -0.0166377 1.5591
1.878 -0.0150766 1.56307
1.879 -0.0135117 1.56664
1.88 -0.0119434 1.56982
1.881 -0.0103722 1.57261
1.882 -0.00879835 1.57501
1.883 -0.00722231 1.57701
1.884 -0.00564447 1.57862
1.885 -0.00406521 1.57983
1.886 -0.00248493 1.58065
1.887 -0.000904038 1.58107
1.888 0.000677084 1.5811
1.889 0.00225804 1.58074
1.89 0.00383842 1.57997
1.891 0.00541785 1.57882
1.892 0.00699592 1.57726
1.893 0.00857225 1.57532
1.894 0.0101464 1.57298
1.895 0.0117181 1.57025
1.896 0.0132868 1.56712
1.897 0.0148522 1.5636
1.898 0.0164139 1.55969
1.899 0.0179714 1.5554
1.9 0.0195245 1.55071
1.901 0.0210727 1.54563
1.902 0.0226157 1.54017
1.903 0.024153 1.53433
1.904 0.0256842 1.5281
1.905 0.027209 1.52149
1.906 0.028727 1.51449
1.907 0.0302379 1.50712
1.908 0.0317412 1.49937
1.909 0.0332365 1.49125
1.91 0.0347235 1.48276
1.911 0.0362019 1.47389
1.912 0.0376712 1.46466
1.913 0.0391311 1.45506
1.914 0.0405812 1.44509
1.915 0.0420211 1.43477
1.916 0.0434506 1.42408
1.917 0.0448692 1.41304
1.918 0.0462766 1.40165
1.919 0.0476724 1.38991
1.92 0.0490563 1.37781
1.921 0.0504279 1.36538
1.922 0.0517869 1.3526
1.923 0.053133 1.33949
1.924 0.0544658 1.32604
1.925 0.0557849 1.31225
1.926 0.0570902 1.29814
1.927 0.0583811 1.28371
1.928 0.0596575 1.26895
1.929 0.0609189 1.25388
1.93 0.0621651 1.2385
1.931 0.0633958 1.2228
1.932 0.0646106 1.2068
1.933 0.0658093 1.1905
1.934 0.0669915 1.1739
1.935 0.068157 1.157
1.936 0.0693054 1.13982
1.937 0.0704366 1.12235
1.938 0.0715501 1.1046
1.939 0.0726457 1.08658
1.94 0.0737231 1.06828
1.941 0.0747821 1.04972
1.942 0.0758225 1.03089
1.943 0.0768438 1.01181
1.944 0.077846 0.992472
1.945 0.0788287 0.972887
1.946 0.0797917 0.953059
1.947 0.0807347 0.932993
1.948 0.0816576 0.912693
1.949 0.08256 0.892166
1.95 0.0834419 0.871415
1.951 0.0843028 0.850446
1.952 0.0851427 0.829265
1.953 0.0859613 0.807877
1.954 0.0867584 0.786287
1.955 0.0875338 0.7645
1.956 0.0882873 0.742521
1.957 0.0890188 0.720358
1.958 0.089728 0.698014
1.959 0.0904147 0.675496
1.96 0.0910789 0.652808
1.961 0.0917203 0.629958
1.962 0.0923388 0.60695
1.963 0.0929341 0.583791
1.964 0.0935063 0.560485
1.965 0.0940551 0.537039
1.966 0.0945803 0.51346
1.967 0.0950819 0.489751
1.968 0.0955598 0.465921
1.969 0.0960137 0.441973
1.97 0.0964437 0.417916
1.971 0.0968495 0.393754
1.972 0.0972312 0.369493
1.973 0.0975885 0.34514
1.974 0.0979214 0.320701
1.975 0.0982299 0.296181
1.976 0.0985138 0.271588
1.977 0.098773 0.246926
1.978 0.0990076 0.222203
1.979 0.0992174 0.197425
1.98 0.0994024 0.172597
1.981 0.0995626 0.147726
1.982 0.0996979 0.122818
1.983 0.0998082 0.0978787
1.984 0.0998936 0.0729155
1.985 0.099954 0.047934
1.986 0.0999895 0.0229405
1.987 0.0999999 -0.00205864
1.988 0.0999854 -0.0270573
1.989 0.0999458 -0.0520492
1.99 0.0998813 -0.0770281
1.991 0.0997918 -0.101988
1.992 0.0996773 -0.126922
1.993 0.0995379 -0.151824
1.994 0.0993737 -0.176689
1.995 0.0991846 -0.201509
1.996 0.0989707 -0.226279
1.997 0.098732 -0.250992
1.998 0.0984687 -0.275643
1.999 0.0981808 -0.300225
2 0.0978683 -0.324731
2.001 0.0975313 -0.349157
2.002 0.09717 -0.373495
2.003 0.0967844 -0.39774
2.004 0.0963745 -0.421885
2.005 0.0959406 -0.445925
2.006 0.0954827 -0.469853
2.007 0.095001 -0.493664
2.008 0.0944954 -0.517352
2.009 0.0939663 -0.54091
2.01 0.0934137 -0.564333
2.011 0.0928377 -0.587615
2.012 0.0922385 -0.61075
2.013 0.0916162 -0.633732
2.014 0.0909711 -0.656556
2.015 0.0903032 -0.679216
2.016 0.0896127 -0.701706
2.017 0.0888998 -0.72402
2.018 0.0881647 -0.746154
2.019 0.0874076 -0.768101
2.02 0.0866286 -0.789856
2.021 0.0858279 -0.811413
2.022 0.0850058 -0.832768
2.023 0.0841625 -0.853915
2.024 0.0832981 -0.874848
2.025 0.0824128 -0.895562
2.026 0.081507 -0.916052
2.027 0.0805808 -0.936314
2.028 0.0796345 -0.956341
2.029 0.0786682 -0.976129
2.03 0.0776823 -0.995673
2.031 0.0766769 -1.01497
2.032 0.0756524 -1.03401
2.033 0.074609 -1.05279
2.034 0.0735469 -1.07131
2.035 0.0724665 -1.08957
2.036 0.0713679 -1.10755
2.037 0.0702515 -1.12525
2.038 0.0691175 -1.14267
2.039 0.0679662 -1.15981
2.04 0.066798 -1.17665
2.041 0.065613 -1.1932
2.042 0.0644117 -1.20946
2.043 0.0631942 -1.22541
2.044 0.061961 -1.24105
2.045 0.0607122 -1.25639
2.046 0.0594483 -1.27141
2.047 0.0581695 -1.28611
2.048 0.0568762 -1.30049
2.049 0.0555686 -1.31455
2.05 0.0542472 -1.32827
2.051 0.0529122 -1.34167
2.052 0.051564 -1.35473
2.053 0.0502029 -1.36745
2.054 0.0488292 -1.37983
2.055 0.0474433 -1.39186
2.056 0.0460456 -1.40355
2.057 0.0446363 -1.41489
2.058 0.0432159 -1.42587
2.059 0.0417847 -1.43649
2.06 0.0403431 -1.44676
2.061 0.0388913 -1.45666
2.062 0.0374299 -1.4662
2.063 0.035959 -1.47538
2.064 0.0344792 -1.48418
2.065 0.0329908 -1.49262
2.066 0.0314941 -1.50068
2.067 0.0299896 -1.50836
2.068 0.0284775 -1.51567
2.069 0.0269583 -1.5226
2.07 0.0254324 -1.52915
2.071 0.0239002 -1.53532
2.072 0.0223619 -1.5411
2.073 0.0208181 -1.5465
2.074 0.0192691 -1.55151
2.075 0.0177152 -1.55613
2.076 0.0161569 -1.56036
2.077 0.0145946 -1.56421
2.078 0.0130287 -1.56766
2.079 0.0114594 -1.57072
2.08 0.00988734 -1.57339
2.081 0.00831278 -1.57567
2.082 0.00673614 -1.57755
2.083 0.00515782 -1.57903
2.084 0.0035782 -1.58013
2.085 0.00199769 -1.58082
2.086 0.000416687 -1.58113
2.087 -0.00116442 -1.58103
2.088 -0.00274524 -1.58054
2.089 -0.00432538 -1.57966
2.09 -0.00590443 -1.57838
2.091 -0.00748201 -1.57671
2.092 -0.00905771 -1.57464
2.093 -0.0106312 -1.57218
2.094 -0.0122019 -1.56932
2.095 -0.0137697 -1.56608
2.096 -0.015334 -1.56244
2.097 -0.0168944 -1.55841
2.098 -0.0184507 -1.55399
2.099 -0.0200023 -1.54919
2.1 -0.0215489 -1.54399
2.101 -0.0230901 -1.53841
2.102 -0.0246256 -1.53245
2.103 -0.0261549 -1.5261
2.104 -0.0276777 -1.51937
2.105 -0.0291935 -1.51226
2.106 -0.0307021 -1.50477
2.107 -0.0322029 -1.49691
2.108 -0.0336958 -1.48867
2.109 -0.0351802 -1.48006
2.11 -0.0366558 -1.47108
2.111 -0.0381222 -1.46174
2.112 -0.0395791 -1.45202
2.113 -0.0410261 -1.44195
2.114 -0.0424629 -1.43151
2.115 -0.043889 -1.42072
2.116 -0.0453042 -1.40957
2.117 -0.0467081 -1.39807
2.118 -0.0481002 -1.38622
2.119 -0.0494804 -1.37402
2.12 -0.0508481 -1.36148
2.121 -0.0522032 -1.34859
2.122 -0.0535452 -1.33538
2.123 -0.0548738 -1.32182
2.124 -0.0561888 -1.30794
2.125 -0.0574896 -1.29373
2.126 -0.0587761 -1.2792
2.127 -0.0600479 -1.26434
2.128 -0.0613047 -1.24917
2.129 -0.0625461 -1.23369
2.13 -0.063772 -1.2179
2.131 -0.0649818 -1.20181
2.132 -0.0661755 -1.18541
2.133 -0.0673526 -1.16872
2.134 -0.0685128 -1.15174
2.135 -0.069656 -1.13447
2.136 -0.0707817 -1.11691
2.137 -0.0718897 -1.09908
2.138 -0.0729797 -1.08097
2.139 -0.0740515 -1.06259
2.14 -0.0751048 -1.04394
2.141 -0.0761393 -1.02504
2.142 -0.0771548 -1.00587
2.143 -0.078151 -0.986461
2.144 -0.0791276 -0.966801
2.145 -0.0800845 -0.946899
2.146 -0.0810214 -0.92676
2.147 -0.081938 -0.90639
2.148 -0.0828341 -0.885793
2.149 -0.0837095 -0.864975
2.15 -0.0845639 -0.84394
2.151 -0.0853973 -0.822695
2.152 -0.0862093 -0.801243
2.153 -0.0869997 -0.779592
2.154 -0.0877684 -0.757745
2.155 -0.0885151 -0.735709
2.156 -0.0892397 -0.71349
2.157 -0.089942 -0.691091
2.158 -0.0906219 -0.66852
2.159 -0.091279 -0.645782
2.16 -0.0919134 -0.622883
2.161 -0.0925247 -0.599828
2.162 -0.093113 -0.576622
2.163 -0.0936779 -0.553273
2.164 -0.0942195 -0.529785
2.165 -0.0947375 -0.506165
2.166 -0.0952318 -0.482419
2.167 -0.0957023 -0.458551
2.168 -0.0961488 -0.434569
2.169 -0.0965714 -0.410479
2.17 -0.0969698 -0.386286
2.171 -0.0973439 -0.361996
2.172 -0.0976937 -0.337616
2.173 -0.0980191 -0.313151
2.174 -0.09832 -0.288608
2.175 -0.0985963 -0.263993
2.176 -0.098848 -0.239312
2.177 -0.0990749 -0.214571
2.178 -0.0992771 -0.189777
2.179 -0.0994544 -0.164935
2.18 -0.0996069 -0.140052
2.181 -0.0997345 -0.115134
2.182 -0.0998372 -0.0901865
2.183 -0.0999149 -0.065217
2.184 -0.0999676 -0.0402311
2.185 -0.0999954 -0.0152353
2.186 -0.0999981 0.00976445
2.187 -0.0999758 0.0347617
2.188 -0.0999286 0.0597503
2.189 -0.0998563 0.0847239
2.19 -0.0997591 0.109676
2.191 -0.099637 0.134601
2.192 -0.0994899 0.159493
2.193 -0.099318 0.184344
2.194 -0.0991213 0.20915
2.195 -0.0988997 0.233903
2.196 -0.0986535 0.258598
2.197 -0.0983826 0.283228
2.198 -0.098087 0.307787
2.199 -0.097767 0.332269
2.2 -0.0974225 0.356668
2.201 -0.0970537 0.380978
2.202 -0.0966606 0.405193
2.203 -0.0962434 0.429307
2.204 -0.095802 0.453313
2.205 -0.0953368 0.477206
2.206 -0.0948477 0.500979
2.207 -0.0943349 0.524627
2.208 -0.0937985 0.548145
2.209 -0.0932386 0.571525
2.21 -0.0926555 0.594762
2.211 -0.0920491 0.617851
2.212 -0.0914198 0.640785
2.213 -0.0907676 0.663559
2.214 -0.0900927 0.686167
2.215 -0.0893953 0.708603
2.216 -0.0886756 0.730862
2.217 -0.0879337 0.752939
2.218 -0.0871698 0.774827
2.219 -0.0863841 0.796522
2.22 -0.0855768 0.818018
2.221 -0.0847481 0.839309
2.222 -0.0838983 0.86039
2.223 -0.0830274 0.881256
2.224 -0.0821358 0.901902
2.225 -0.0812237 0.922322
2.226 -0.0802912 0.942512
2.227 -0.0793387 0.962466
2.228 -0.0783664 0.98218
2.229 -0.0773745 1.00165
2.23 -0.0763632 1.02087
2.231 -0.0753328 1.03983
2.232 -0.0742836 1.05853
2.233 -0.0732158 1.07697
2.234 -0.0721298 1.09514
2.235 -0.0710257 1.11303
2.236 -0.0699038 1.13065
2.237 -0.0687645 1.14798
2.238 -0.0676079 1.16503
2.239 -0.0664345 1.18178
2.24 -0.0652445 1.19824
2.241 -0.0640381 1.21441
2.242 -0.0628158 1.23026
2.243 -0.0615777 1.24581
2.244 -0.0603242 1.26105
2.245 -0.0590557 1.27597
2.246 -0.0577724 1.29058
2.247 -0.0564746 1.30486
2.248 -0.0551628 1.31881
2.249 -0.0538371 1.33244
2.25 -0.052498 1.34573
2.251 -0.0511458 1.35869
2.252 -0.0497808 1.3713
2.253 -0.0484033 1.38358
2.254 -0.0470137 1.3955
2.255 -0.0456124 1.40708
2.256 -0.0441997 1.41831
2.257 -0.0427759 1.42918
2.258 -0.0413414 1.43969
2.259 -0.0398966 1.44985
2.26 -0.0384419 1.45964
2.261 -0.0369775 1.46907
2.262 -0.0355038 1.47813
2.263 -0.0340213 1.48682
2.264 -0.0325303 1.49514
2.265 -0.0310312 1.50309
2.266 -0.0295243 1.51066
2.267 -0.02801 1.51785
2.268 -0.0264887 1.52466
2.269 -0.0249608 1.53109
2.27 -0.0234267 1.53714
2.271 -0.0218867 1.5428
2.272 -0.0203412 1.54808
2.273 -0.0187906 1.55297
2.274 -0.0172354 1.55748
2.275 -0.0156758 1.56159
2.276 -0.0141123 1.56531
2.277 -0.0125453 1.56865
2.278 -0.0109751 1.57159
2.279 -0.00940225 1.57413
2.28 -0.00782701 1.57629
2.281 -0.00624981 1.57805
2.282 -0.00467104 1.57941
2.283 -0.00309111 1.58038
2.284 -0.00151041 1.58096
2.285 7.06732e-05 1.58114
2.286 0.00165174 1.58092
2.287 0.00323239 1.58031
2.288 0.00481223 1.57931
2.289 0.00639087 1.57791
2.29 0.00796791 1.57611
2.291 0.00954296 1.57392
2.292 0.0111156 1.57134
2.293 0.0126855 1.56837
2.294 0.0142522 1.565
2.295 0.0158154 1.56124
2.296 0.0173746 1.55709
2.297 0.0189294 1.55255
2.298 0.0204796 1.54763
2.299 0.0220246 1.54231
2.3 0.023564 1.53661
2.301 0.0250977 1.53053
2.302 0.026625 1.52407
2.303 0.0281457 1.51722
2.304 0.0296593 1.50999
2.305 0.0311655 1.50239
2.306 0.032664 1.49441
2.307 0.0341542 1.48606
2.308 0.0356359 1.47734
2.309 0.0371088 1.46824
2.31 0.0385723 1.45878
2.311 0.0400262 1.44896
2.312 0.0414701 1.43877
2.313 0.0429036 1.42822
2.314 0.0443264 1.41732
2.315 0.0457381 1.40606
2.316 0.0471384 1.39445
2.317 0.0485269 1.38249
2.318 0.0499033 1.37019
2.319 0.0512672 1.35754
2.32 0.0526183 1.34456
2.321 0.0539562 1.33123
2.322 0.0552806 1.31758
2.323 0.0565912 1.30359
2.324 0.0578877 1.28928
2.325 0.0591697 1.27465
2.326 0.0604369 1.2597
2.327 0.061689 1.24443
2.328 0.0629257 1.22886
2.329 0.0641466 1.21297
2.33 0.0653515 1.19679
2.331 0.0665401 1.1803
2.332 0.067712 1.16352
2.333 0.068867 1.14644
2.334 0.0700048 1.12908
2.335 0.0711251 1.11144
2.336 0.0722276 1.09352
2.337 0.073312 1.07533
2.338 0.0743782 1.05687
2.339 0.0754257 1.03814
2.34 0.0764544 1.01916
2.341 0.0774639 0.999918
2.342 0.0784541 0.980427
2.343 0.0794247 0.960692
2.344 0.0803754 0.940717
2.345 0.0813061 0.920506
2.346 0.0822164 0.900065
2.347 0.0831061 0.8794
2.348 0.0839751 0.858514
2.349 0.0848231 0.837414
2.35 0.0856498 0.816104
2.351 0.0864552 0.794591
2.352 0.087239 0.772878
2.353 0.0880009 0.750973
2.354 0.0887408 0.72888
2.355 0.0894586 0.706604
2.356 0.090154 0.684152
2.357 0.0908268 0.661529
2.358 0.091477 0.638741
2.359 0.0921043 0.615793
2.36 0.0927085 0.592691
2.361 0.0932896 0.56944
2.362 0.0938474 0.546048
2.363 0.0943817 0.522519
2.364 0.0948924 0.498859
2.365 0.0953793 0.475074
2.366 0.0958425 0.451171
2.367 0.0962816 0.427155
2.368 0.0966967 0.403032
2.369 0.0970877 0.378809
2.37 0.0974543 0.354491
2.371 0.0977966 0.330084
2.372 0.0981145 0.305594
2.373 0.0984078 0.281029
2.374 0.0986765 0.256392
2.375 0.0989205 0.231692
2.376 0.0991399 0.206934
2.377 0.0993344 0.182124
2.378 0.0995041 0.157269
2.379 0.0996489 0.132374
2.38 0.0997688 0.107447
2.381 0.0998638 0.0824922
2.382 0.0999338 0.0575169
2.383 0.0999788 0.0325273
2.384 0.0999989 0.0075296
2.385 0.0999939 -0.01747
2.386 0.0999639 -0.0424653
2.387 0.099909 -0.0674499
2.388 0.099829 -0.0924177
2.389 0.0997241 -0.117362
2.39 0.0995943 -0.142278
2.391 0.0994396 -0.167157
2.392 0.09926 -0.191995
2.393 0.0990556 -0.216785
2.394 0.0988265 -0.241521
2.395 0.0985726 -0.266197
2.396 0.0982941 -0.290805
2.397 0.097991 -0.315342
2.398 0.0976634 -0.339799
2.399 0.0973114 -0.364171
2.4 0.0969351 -0.388453
2.401 0.0965346 -0.412637
2.402 0.0961099 -0.436718
2.403 0.0956612 -0.46069
2.404 0.0951885 -0.484546
2.405 0.0946921 -0.508282
2.406 0.094172 -0.531891
2.407 0.0936284 -0.555366
2.408 0.0930613 -0.578703
2.409 0.092471 -0.601895
2.41 0.0918576 -0.624936
2.411 0.0912212 -0.647822
2.412 0.090562 -0.670545
2.413 0.0898802 -0.693101
2.414 0.0891759 -0.715483
2.415 0.0884493 -0.737687
2.416 0.0877006 -0.759706
2.417 0.0869299 -0.781535
2.418 0.0861375 -0.803169
2.419 0.0853236 -0.824602
2.42 0.0844884 -0.845829
2.421 0.0836321 -0.866845
2.422 0.0827548 -0.887644
2.423 0.0818568 -0.90822
2.424 0.0809384 -0.92857
2.425 0.0799998 -0.948688
2.426 0.0790411 -0.968568
2.427 0.0780627 -0.988207
2.428 0.0770648 -1.0076
2.429 0.0760476 -1.02674
2.43 0.0750114 -1.04562
2.431 0.0739565 -1.06424
2.432 0.072883 -1.0826
2.433 0.0717914 -1.10068
2.434 0.0706817 -1.11849
2.435 0.0695545 -1.13602
2.436 0.0684098 -1.15327
2.437 0.067248 -1.17022
2.438 0.0660694 -1.18689
2.439 0.0648743 -1.20326
2.44 0.063663 -1.21933
2.441 0.0624358 -1.23509
2.442 0.061193 -1.25054
2.443 0.0599348 -1.26568
2.444 0.0586617 -1.28051
2.445 0.0573739 -1.29501
2.446 0.0560718 -1.30919
2.447 0.0547556 -1.32305
2.448 0.0534258 -1.33657
2.449 0.0520826 -1.34976
2.45 0.0507264 -1.36261
2.451 0.0493575 -1.37512
2.452 0.0479763 -1.38729
2.453 0.046583 -1.39911
2.454 0.0451782 -1.41058
2.455 0.043762 -1.4217
2.456 0.0423349 -1.43246
2.457 0.0408972 -1.44286
2.458 0.0394493 -1.45291
2.459 0.0379915 -1.46259
2.46 0.0365242 -1.4719
2.461 0.0350478 -1.48085
2.462 0.0335626 -1.48943
2.463 0.0320691 -1.49763
2.464 0.0305675 -1.50546
2.465 0.0290583 -1.51291
2.466 0.0275418 -1.51999
2.467 0.0260184 -1.52668
2.468 0.0244886 -1.533
2.469 0.0229526 -1.53893
2.47 0.0214109 -1.54447
2.471 0.0198638 -1.54963
2.472 0.0183117 -1.5544
2.473 0.0167551 -1.55879
2.474 0.0151943 -1.56278
2.475 0.0136297 -1.56638
2.476 0.0120616 -1.5696
2.477 0.0104906 -1.57241
2.478 0.00891694 -1.57484
2.479 0.00734105 -1.57687
2.48 0.00576333 -1.57851
2.481 0.00418416 -1.57975
2.482 0.00260395 -1.5806
2.483 0.00102309 -1.58106
2.484 -0.000558032 -1.58111
2.485 -0.00213901 -1.58078
2.486 -0.00371945 -1.58004
2.487 -0.00529897 -1.57892
2.488 -0.00687716 -1.5774
2.489 -0.00845363 -1.57548
2.49 -0.010028 -1.57317
2.491 -0.0115998 -1.57047
2.492 -0.0131688 -1.56737
2.493 -0.0147344 -1.56388
2.494 -0.0162964 -1.56
2.495 -0.0178543 -1.55573
2.496 -0.0194078 -1.55108
2.497 -0.0209563 -1.54603
2.498 -0.0224997 -1.5406
2.499 -0.0240374 -1.53478
2.5 -0.0255691 -1.52858
2.501 -0.0270944 -1.522
2.502 -0.028613 -1.51503
2.503 -0.0301244 -1.50769
2.504 -0.0316282 -1.49997
2.505 -0.0331242 -1.49188
2.506 -0.0346119 -1.48341
2.507 -0.0360909 -1.47457
2.508 -0.0375609 -1.46537
2.509 -0.0390215 -1.45579
2.51 -0.0404724 -1.44586
2.511 -0.0419131 -1.43556
2.512 -0.0433433 -1.4249
2.513 -0.0447628 -1.41389
2.514 -0.046171 -1.40252
2.515 -0.0475677 -1.3908
2.516 -0.0489525 -1.37874
2.517 -0.050325 -1.36633
2.518 -0.051685 -1.35357
2.519 -0.0530321 -1.34048
2.52 -0.0543659 -1.32706
2.521 -0.0556861 -1.3133
2.522 -0.0569924 -1.29922
2.523 -0.0582844 -1.28481
2.524 -0.0595619 -1.27008
2.525 -0.0608245 -1.25503
2.526 -0.0620718 -1.23967
2.527 -0.0633037 -1.22399
2.528 -0.0645197 -1.20802
2.529 -0.0657196 -1.19174
2.53 -0.0669031 -1.17516
2.531 -0.0680698 -1.15829
2.532 -0.0692196 -1.14112
2.533 -0.070352 -1.12368
2.534 -0.0714668 -1.10595
2.535 -0.0725638 -1.08794
2.536 -0.0736426 -1.06967
2.537 -0.074703 -1.05112
2.538 -0.0757448 -1.03232
2.539 -0.0767676 -1.01325
2.54 -0.0777712 -0.993936
2.541 -0.0787554 -0.97437
2.542 -0.0797199 -0.95456
2.543 -0.0806644 -0.934512
2.544 -0.0815888 -0.91423
2.545 -0.0824928 -0.893719
2.546 -0.0833762 -0.872985
2.547 -0.0842387 -0.852033
2.548 -0.0850802 -0.830868
2.549 -0.0859004 -0.809495
2.55 -0.0866991 -0.787919
2.551 -0.0874761 -0.766147
2.552 -0.0882313 -0.744183
2.553 -0.0889645 -0.722033
2.554 -0.0896753 -0.699702
2.555 -0.0903638 -0.677197
2.556 -0.0910297 -0.654522
2.557 -0.0916728 -0.631684
2.558 -0.092293 -0.608688
2.559 -0.0928901 -0.58554
2.56 -0.093464 -0.562245
2.561 -0.0940146 -0.53881
2.562 -0.0945416 -0.51524
2.563 -0.095045 -0.491541
2.564 -0.0955246 -0.467719
2.565 -0.0959804 -0.44378
2.566 -0.0964122 -0.419731
2.567 -0.0968198 -0.395576
2.568 -0.0972033 -0.371323
2.569 -0.0975624 -0.346977
2.57 -0.0978972 -0.322544
2.571 -0.0982075 -0.29803
2.572 -0.0984932 -0.273442
2.573 -0.0987544 -0.248786
2.574 -0.0989908 -0.224067
2.575 -0.0992025 -0.199292
2.576 -0.0993894 -0.174468
2.577 -0.0995514 -0.1496
2.578 -0.0996885 -0.124694
2.579 -0.0998008 -0.0997575
2.58 -0.099888 -0.0747958
2.581 -0.0999504 -0.0498155
2.582 -0.0999877 -0.0248227
2.583 -0.1 0.000176239
2.584 -0.0999873 0.0251752
2.585 -0.0999497 0.0501678
2.586 -0.099887 0.0751479
2.587 -0.0997994 0.100109
2.588 -0.0996868 0.125046
2.589 -0.0995493 0.149951
2.59 -0.0993869 0.174818
2.591 -0.0991997 0.199642
2.592 -0.0989876 0.224416
2.593 -0.0987508 0.249134
2.594 -0.0984894 0.273789
2.595 -0.0982033 0.298376
2.596 -0.0978927 0.322889
2.597 -0.0975575 0.347321
2.598 -0.097198 0.371666
2.599 -0.0968142 0.395918
2.6 -0.0964062 0.420071
2.601 -0.0959741 0.444119
2.602 -0.095518 0.468056
2.603 -0.0950381 0.491876
2.604 -0.0945343 0.515573
2.605 -0.094007 0.539141
2.606 -0.0934561 0.562574
2.607 -0.0928819 0.585867
2.608 -0.0922844 0.609013
2.609 -0.0916639 0.632007
2.61 -0.0910204 0.654843
2.611 -0.0903542 0.677516
2.612 -0.0896655 0.700019
2.613 -0.0889543 0.722346
2.614 -0.0882208 0.744494
2.615 -0.0874653 0.766455
2.616 -0.086688 0.788225
2.617 -0.085889 0.809797
2.618 -0.0850685 0.831167
2.619 -0.0842267 0.85233
2.62 -0.0833639 0.873279
2.621 -0.0824802 0.89401
2.622 -0.0815759 0.914517
2.623 -0.0806513 0.934796
2.624 -0.0797064 0.954841
2.625 -0.0787416 0.974648
2.626 -0.0777572 0.99421
2.627 -0.0767533 1.01352
2.628 -0.0757302 1.03259
2.629 -0.0746882 1.05139
2.63 -0.0736275 1.06993
2.631 -0.0725485 1.0882
2.632 -0.0714512 1.1062
2.633 -0.0703361 1.12392
2.634 -0.0692035 1.14137
2.635 -0.0680535 1.15852
2.636 -0.0668865 1.17539
2.637 -0.0657028 1.19197
2.638 -0.0645027 1.20824
2.639 -0.0632864 1.22422
2.64 -0.0620544 1.23988
2.641 -0.0608068 1.25524
2.642 -0.059544 1.27029
2.643 -0.0582663 1.28501
2.644 -0.0569741 1.29942
2.645 -0.0556676 1.3135
2.646 -0.0543472 1.32725
2.647 -0.0530132 1.34067
2.648 -0.0516659 1.35376
2.649 -0.0503058 1.3665
2.65 -0.048933 1.37891
2.651 -0.0475481 1.39097
2.652 -0.0461512 1.40268
2.653 -0.0447428 1.41404
2.654 -0.0433233 1.42505
2.655 -0.0418928 1.4357
2.656 -0.040452 1.446
2.657 -0.039001 1.45593
2.658 -0.0375402 1.4655
2.659 -0.0360701 1.4747
2.66 -0.034591 1.48353
2.661 -0.0331032 1.49199
2.662 -0.0316071 1.50008
2.663 -0.0301031 1.5078
2.664 -0.0285916 1.51513
2.665 -0.027073 1.52209
2.666 -0.0255476 1.52867
2.667 -0.0240158 1.53487
2.668 -0.022478 1.54068
2.669 -0.0209345 1.5461
2.67 -0.0193859 1.55114
2.671 -0.0178324 1.5558
2.672 -0.0162744 1.56006
2.673 -0.0147124 1.56393
2.674 -0.0131467 1.56742
2.675 -0.0115777 1.57051
2.676 -0.0100058 1.5732
2.677 -0.00843141 1.57551
2.678 -0.00685492 1.57742
2.679 -0.00527671 1.57894
2.68 -0.00369718 1.58006
2.681 -0.00211672 1.58078
2.682 -0.00053574 1.58112
2.683 0.00104538 1.58105
2.684 0.00262623 1.58059
2.685 0.00420643 1.57974
2.686 0.00578558 1.57849
2.687 0.00736328 1.57685
2.688 0.00893914 1.57481
2.689 0.0105128 1.57238
2.69 0.0120838 1.56955
2.691 0.0136517 1.56634
2.692 0.0152163 1.56273
2.693 0.0167771 1.55873
2.694 0.0183336 1.55434
2.695 0.0198856 1.54956
2.696 0.0214326 1.5444
2.697 0.0229743 1.53885
2.698 0.0245102 1.53291
2.699 0.02604 1.52659
2.7 0.0275632 1.51989
2.701 0.0290796 1.51281
2.702 0.0305887 1.50535
2.703 0.0320902 1.49752
2.704 0.0335836 1.48931
2.705 0.0350687 1.48073
2.706 0.036545 1.47177
2.707 0.0380121 1.46245
2.708 0.0394698 1.45277
2.709 0.0409175 1.44272
2.71 0.0423551 1.43231
2.711 0.043782 1.42154
2.712 0.045198 1.41042
2.713 0.0466028 1.39894
2.714 0.0479958 1.38712
2.715 0.0493769 1.37495
2.716 0.0507456 1.36243
2.717 0.0521016 1.34958
2.718 0.0534446 1.33638
2.719 0.0547743 1.32285
2.72 0.0560902 1.309
2.721 0.0573922 1.29481
2.722 0.0586797 1.2803
2.723 0.0599527 1.26547
2.724 0.0612106 1.25033
2.725 0.0624532 1.23487
2.726 0.0636802 1.2191
2.727 0.0648913 1.20303
2.728 0.0660862 1.18666
2.729 0.0672645 1.16999
2.73 0.0684261 1.15303
2.731 0.0695705 1.13578
2.732 0.0706975 1.11824
2.733 0.0718069 1.10043
2.734 0.0728983 1.08234
2.735 0.0739715 1.06398
2.736 0.0750262 1.04536
2.737 0.0760621 1.02647
2.738 0.077079 1.00733
2.739 0.0780767 0.987932
2.74 0.0790548 0.96829
2.741 0.0800132 0.948406
2.742 0.0809515 0.928285
2.743 0.0818696 0.907932
2.744 0.0827673 0.887352
2.745 0.0836443 0.86655
2.746 0.0845003 0.845531
2.747 0.0853353 0.824302
2.748 0.0861489 0.802866
2.749 0.0869409 0.781229
2.75 0.0877113 0.759397
2.751 0.0884597 0.737375
2.752 0.089186 0.715169
2.753 0.0898899 0.692784
2.754 0.0905715 0.670226
2.755 0.0912303 0.6475
2.756 0.0918664 0.624613
2.757 0.0924795 0.601569
2.758 0.0930695 0.578375
2.759 0.0936362 0.555036
2.76 0.0941795 0.531559
2.761 0.0946993 0.507948
2.762 0.0951954 0.484211
2.763 0.0956677 0.460353
2.764 0.096116 0.436379
2.765 0.0965404 0.412296
2.766 0.0969406 0.388111
2.767 0.0973166 0.363828
2.768 0.0976682 0.339455
2.769 0.0979955 0.314996
2.77 0.0982982 0.290459
2.771 0.0985764 0.265849
2.772 0.0988299 0.241173
2.773 0.0990587 0.216436
2.774 0.0992627 0.191646
2.775 0.099442 0.166807
2.776 0.0995963 0.141927
2.777 0.0997258 0.117011
2.778 0.0998303 0.0920658
2.779 0.0999099 0.0670977
2.78 0.0999645 0.0421129
2.781 0.0999941 0.0171176
2.782 0.0999988 -0.00788207
2.783 0.0999784 -0.0328797
2.784 0.099933 -0.0578692
2.785 0.0998626 -0.0828442
2.786 0.0997673 -0.107798
2.787 0.0996471 -0.132726
2.788 0.0995019 -0.15762
2.789 0.0993318 -0.182475
2.79 0.0991369 -0.207284
2.791 0.0989173 -0.232041
2.792 0.0986729 -0.25674
2.793 0.0984038 -0.281375
2.794 0.0981102 -0.30594
2.795 0.097792 -0.330428
2.796 0.0974493 -0.354834
2.797 0.0970823 -0.379151
2.798 0.0966911 -0.403373
2.799 0.0962756 -0.427495
2.8 0.0958361 -0.451509
2.801 0.0953726 -0.475411
2.802 0.0948853 -0.499193
2.803 0.0943743 -0.522851
2.804 0.0938397 -0.546379
2.805 0.0932816 -0.569769
2.806 0.0927002 -0.593017
2.807 0.0920956 -0.616117
2.808 0.091468 -0.639063
2.809 0.0908175 -0.661849
2.81 0.0901443 -0.68447
2.811 0.0894486 -0.70692
2.812 0.0887306 -0.729193
2.813 0.0879903 -0.751283
2.814 0.0872281 -0.773186
2.815 0.086444 -0.794895
2.816 0.0856383 -0.816406
2.817 0.0848113 -0.837713
2.818 0.083963 -0.85881
2.819 0.0830937 -0.879692
2.82 0.0822037 -0.900355
2.821 0.0812931 -0.920793
2.822 0.0803622 -0.941
2.823 0.0794112 -0.960972
2.824 0.0784403 -0.980704
2.825 0.0774498 -1.00019
2.826 0.07644 -1.01943
2.827 0.0754111 -1.03841
2.828 0.0743633 -1.05713
2.829 0.0732969 -1.07559
2.83 0.0722122 -1.09378
2.831 0.0711094 -1.11169
2.832 0.0699889 -1.12933
2.833 0.0688508 -1.14669
2.834 0.0676956 -1.16376
2.835 0.0665234 -1.18053
2.836 0.0653346 -1.19702
2.837 0.0641295 -1.2132
2.838 0.0629083 -1.22908
2.839 0.0616714 -1.24465
2.84 0.0604191 -1.25991
2.841 0.0591517 -1.27486
2.842 0.0578695 -1.28949
2.843 0.0565729 -1.30379
2.844 0.055262 -1.31777
2.845 0.0539374 -1.33142
2.846 0.0525993 -1.34474
2.847 0.0512481 -1.35772
2.848 0.049884 -1.37036
2.849 0.0485074 -1.38266
2.85 0.0471188 -1.39462
2.851 0.0457183 -1.40622
2.852 0.0443064 -1.41747
2.853 0.0428835 -1.42837
2.854 0.0414498 -1.43892
2.855 0.0400058 -1.4491
2.856 0.0385517 -1.45892
2.857 0.0370881 -1.46837
2.858 0.0356151 -1.47746
2.859 0.0341333 -1.48618
2.86 0.0326429 -1.49453
2.861 0.0311443 -1.5025
2.862 0.029638 -1.5101
2.863 0.0281243 -1.51732
2.864 0.0266035 -1.52416
2.865 0.0250761 -1.53062
2.866 0.0235424 -1.5367
2.867 0.0220028 -1.54239
2.868 0.0204577 -1.5477
2.869 0.0189075 -1.55262
2.87 0.0173526 -1.55715
2.871 0.0157934 -1.5613
2.872 0.0142302 -1.56505
2.873 0.0126634 -1.56841
2.874 0.0110935 -1.57138
2.875 0.00952077 -1.57396
2.876 0.00794569 -1.57614
2.877 0.00636862 -1.57793
2.878 0.00478996 -1.57932
2.879 0.00321011 -1.58032
2.88 0.00162945 -1.58093
2.881 4.83806e-05 -1.58114
2.882 -0.0015327 -1.58095
2.883 -0.00311339 -1.58037
2.884 -0.00469331 -1.5794
2.885 -0.00627206 -1.57803
2.886 -0.00784923 -1.57626
2.887 -0.00942444 -1.5741
2.888 -0.0109973 -1.57155
2.889 -0.0125674 -1.5686
2.89 -0.0141344 -1.56527
2.891 -0.0156978 -1.56154
2.892 -0.0172573 -1.55742
2.893 -0.0188125 -1.55291
2.894 -0.020363 -1.54801
2.895 -0.0219084 -1.54273
2.896 -0.0234483 -1.53706
2.897 -0.0249824 -1.531
2.898 -0.0265102 -1.52457
2.899 -0.0280314 -1.51775
2.9 -0.0295456 -1.51055
2.901 -0.0310524 -1.50298
2.902 -0.0325514 -1.49503
2.903 -0.0340423 -1.4867
2.904 -0.0355247 -1.47801
2.905 -0.0369982 -1.46894
2.906 -0.0384624 -1.45951
2.907 -0.0399171 -1.44971
2.908 -0.0413617 -1.43955
2.909 -0.0427961 -1.42903
2.91 -0.0442197 -1.41815
2.911 -0.0456322 -1.40692
2.912 -0.0470334 -1.39534
2.913 -0.0484228 -1.3834
2.914 -0.0498001 -1.37113
2.915 -0.0511649 -1.35851
2.916 -0.052517 -1.34555
2.917 -0.0538559 -1.33225
2.918 -0.0551814 -1.31862
2.919 -0.056493 -1.30466
2.92 -0.0577906 -1.29037
2.921 -0.0590737 -1.27576
2.922 -0.060342 -1.26084
2.923 -0.0615953 -1.24559
2.924 -0.0628331 -1.23004
2.925 -0.0640552 -1.21418
2.926 -0.0652614 -1.19801
2.927 -0.0664512 -1.18155
2.928 -0.0676244 -1.16479
2.929 -0.0687806 -1.14774
2.93 -0.0699197 -1.1304
2.931 -0.0710414 -1.11278
2.932 -0.0721452 -1.09488
2.933 -0.073231 -1.07671
2.934 -0.0742985 -1.05827
2.935 -0.0753475 -1.03956
2.936 -0.0763776 -1.0206
2.937 -0.0773886 -1.00137
2.938 -0.0783802 -0.981903
2.939 -0.0793523 -0.962186
2.94 -0.0803045 -0.942229
2.941 -0.0812367 -0.922036
2.942 -0.0821485 -0.901612
2.943 -0.0830398 -0.880963
2.944 -0.0839104 -0.860094
2.945 -0.08476 -0.83901
2.946 -0.0855883 -0.817716
2.947 -0.0863953 -0.796218
2.948 -0.0871807 -0.77452
2.949 -0.0879443 -0.752629
2.95 -0.0886859 -0.73055
2.951 -0.0894053 -0.708288
2.952 -0.0901024 -0.685849
2.953 -0.090777 -0.663239
2.954 -0.0914288 -0.640462
2.955 -0.0920578 -0.617526
2.956 -0.0926638 -0.594435
2.957 -0.0932467 -0.571196
2.958 -0.0938062 -0.547814
2.959 -0.0943422 -0.524295
2.96 -0.0948547 -0.500645
2.961 -0.0953435 -0.47687
2.962 -0.0958084 -0.452975
2.963 -0.0962494 -0.428967
2.964 -0.0966663 -0.404852
2.965 -0.0970591 -0.380636
2.966 -0.0974276 -0.356325
2.967 -0.0977717 -0.331924
2.968 -0.0980914 -0.307441
2.969 -0.0983866 -0.282881
2.97 -0.0986571 -0.25825
2.971 -0.098903 -0.233554
2.972 -0.0991242 -0.2088
2.973 -0.0993206 -0.183994
2.974 -0.0994922 -0.159142
2.975 -0.0996389 -0.13425
2.976 -0.0997607 -0.109325
2.977 -0.0998575 -0.0843719
2.978 -0.0999294 -0.0593981
2.979 -0.0999763 -0.0344093
2.98 -0.0999982 -0.00941198
2.981 -0.0999951 0.0155877
2.982 -0.0999671 0.0405835
2.983 -0.099914 0.0655692
2.984 -0.0998359 0.0905384
2.985 -0.0997329 0.115485
2.986 -0.099605 0.140403
2.987 -0.0994521 0.165285
2.988 -0.0992744 0.190127
2.989 -0.0990719 0.214921
2.99 -0.0988446 0.239661
2.991 -0.0985926 0.264341
2.992 -0.0983159 0.288955
2.993 -0.0980147 0.313497
2.994 -0.097689 0.33796
2.995 -0.0973388 0.362339
2.996 -0.0969643 0.386628
2.997 -0.0965656 0.410819
2.998 -0.0961427 0.434908
2.999 -0.0956958 0.458889
3 -0.095225 0.482754
3.001 -0.0947303 0.506499
3.002 -0.094212 0.530117
3.003 -0.0936701 0.553603
3.004 -0.0931048 0.576951
3.005 -0.0925163 0.600154
3.006 -0.0919046 0.623207
3.007 -0.0912699 0.646104
3.008 -0.0906124 0.66884
3.009 -0.0899323 0.691408
3.01 -0.0892297 0.713804
3.011 -0.0885047 0.736021
3.012 -0.0877577 0.758055
3.013 -0.0869887 0.779898
3.014 -0.086198 0.801547
3.015 -0.0853857 0.822996
3.016 -0.084552 0.844238
3.017 -0.0836973 0.86527
3.018 -0.0828216 0.886085
3.019 -0.0819252 0.906679
3.02 -0.0810083 0.927046
3.021 -0.0800712 0.947181
3.022 -0.079114 0.96708
3.023 -0.0781371 0.986737
3.024 -0.0771406 1.00615
3.025 -0.0761249 1.02531
3.026 -0.0750901 1.04421
3.027 -0.0740365 1.06285
3.028 -0.0729645 1.08122
3.029 -0.0718742 1.09933
3.03 -0.0707659 1.11716
3.031 -0.06964 1.13471
3.032 -0.0684966 1.15198
3.033 -0.0673361 1.16896
3.034 -0.0661588 1.18565
3.035 -0.0649649 1.20204
3.036 -0.0637548 1.21813
3.037 -0.0625288 1.23391
3.038 -0.0612871 1.24939
3.039 -0.0600301 1.26455
3.04 -0.0587581 1.2794
3.041 -0.0574714 1.29393
3.042 -0.0561703 1.30814
3.043 -0.0548552 1.32202
3.044 -0.0535264 1.33556
3.045 -0.0521842 1.34878
3.046 -0.0508289 1.36166
3.047 -0.049461 1.37419
3.048 -0.0480807 1.38638
3.049 -0.0466883 1.39823
3.05 -0.0452843 1.40973
3.051 -0.043869 1.42087
3.052 -0.0424427 1.43166
3.053 -0.0410058 1.44209
3.054 -0.0395586 1.45216
3.055 -0.0381016 1.46187
3.056 -0.036635 1.47121
3.057 -0.0351593 1.48019
3.058 -0.0336748 1.48879
3.059 -0.0321818 1.49702
3.06 -0.0306808 1.50488
3.061 -0.0291722 1.51236
3.062 -0.0276562 1.51947
3.063 -0.0261334 1.52619
3.064 -0.024604 1.53253
3.065 -0.0230684 1.53849
3.066 -0.0215271 1.54407
3.067 -0.0199804 1.54926
3.068 -0.0184287 1.55406
3.069 -0.0168724 1.55847
3.07 -0.0153119 1.56249
3.071 -0.0137476 1.56613
3.072 -0.0121798 1.56937
3.073 -0.010609 1.57222
3.074 -0.00903551 1.57467
3.075 -0.00745978 1.57673
3.076 -0.00588218 1.5784
3.077 -0.00430311 1.57967
3.078 -0.00272296 1.58055
3.079 -0.00114213 1.58104
3.08 0.00043898 1.58112
3.081 0.00201998 1.58082
3.082 0.00360048 1.58011
3.083 0.00518008 1.57902
3.084 0.00675838 1.57752
3.085 0.00833499 1.57564
3.086 0.00990952 1.57336
3.087 0.0114816 1.57068
3.088 0.0130508 1.56762
3.089 0.0146167 1.56416
3.09 0.0161789 1.56031
3.091 0.0177372 1.55607
3.092 0.0192909 1.55144
3.093 0.0208399 1.54642
3.094 0.0223837 1.54102
3.095 0.0239218 1.53523
3.096 0.025454 1.52906
3.097 0.0269798 1.52251
3.098 0.0284989 1.51557
3.099 0.0300108 1.50826
3.1 0.0315153 1.50057
3.101 0.0330118 1.4925
3.102 0.0345001 1.48406
3.103 0.0359798 1.47525
3.104 0.0374505 1.46607
3.105 0.0389119 1.45653
3.106 0.0403635 1.44662
3.107 0.041805 1.43634
3.108 0.043236 1.42571
3.109 0.0446563 1.41473
3.11 0.0460654 1.40339
3.111 0.0474629 1.3917
3.112 0.0488486 1.37966
3.113 0.0502221 1.36727
3.114 0.0515831 1.35455
3.115 0.0529311 1.34148
3.116 0.0542659 1.32808
3.117 0.0555872 1.31435
3.118 0.0568945 1.30029
3.119 0.0581876 1.2859
3.12 0.0594662 1.2712
3.121 0.0607299 1.25617
3.122 0.0619785 1.24083
3.123 0.0632115 1.22518
3.124 0.0644287 1.20923
3.125 0.0656298 1.19297
3.126 0.0668146 1.17642
3.127 0.0679826 1.15957
3.128 0.0691336 1.14243
3.129 0.0702673 1.125
3.13 0.0713835 1.10729
3.131 0.0724818 1.08931
3.132 0.073562 1.07105
3.133 0.0746238 1.05253
3.134 0.075667 1.03374
3.135 0.0766912 1.0147
3.136 0.0776963 0.9954
3.137 0.078682 0.975852
3.138 0.0796479 0.95606
3.139 0.080594 0.93603
3.14 0.0815199 0.915765
3.141 0.0824255 0.895271
3.142 0.0833104 0.874554
3.143 0.0841745 0.853618
3.144 0.0850176 0.832468
3.145 0.0858394 0.811111
3.146 0.0866397 0.789551
3.147 0.0874184 0.767793
3.148 0.0881752 0.745843
3.149 0.08891 0.723707
3.15 0.0896226 0.70139
3.151 0.0903127 0.678898
3.152 0.0909803 0.656236
3.153 0.0916252 0.633409
3.154 0.0922471 0.610425
3.155 0.092846 0.587288
3.156 0.0934216 0.564004
3.157 0.0939739 0.540579
3.158 0.0945027 0.517019
3.159 0.0950079 0.49333
3.16 0.0954893 0.469517
3.161 0.0959469 0.445587
3.162 0.0963805 0.421545
3.163 0.09679 0.397399
3.164 0.0971752 0.373152
3.165 0.0975362 0.348813
3.166 0.0978728 0.324386
3.167 0.098185 0.299879
3.168 0.0984726 0.275296
3.169 0.0987356 0.250644
3.17 0.0989738 0.22593
3.171 0.0991874 0.20116
3.172 0.0993761 0.176339
3.173 0.0995401 0.151474
3.174 0.0996791 0.126571
3.175 0.0997932 0.101636
3.176 0.0998823 0.0766761
3.177 0.0999465 0.051697
3.178 0.0999857 0.0267049
3.179 0.0999999 0.00170617
3.18 0.0999891 -0.023293
3.181 0.0999534 -0.0482863
3.182 0.0998926 -0.0732676
3.183 0.0998068 -0.0982305
3.184 0.0996961 -0.123169
3.185 0.0995605 -0.148077
3.186 0.0994 -0.172947
3.187 0.0992146 -0.197774
3.188 0.0990045 -0.222552
3.189 0.0987695 -0.247275
3.19 0.0985099 -0.271935
3.191 0.0982257 -0.296528
3.192 0.0979169 -0.321046
3.193 0.0975836 -0.345484
3.194 0.097226 -0.369836
3.195 0.096844 -0.394095
3.196 0.0964378 -0.418256
3.197 0.0960075 -0.442312
3.198 0.0955532 -0.466257
3.199 0.095075 -0.490086
3.2 0.0945731 -0.513793
3.201 0.0940475 -0.537371
3.202 0.0934984 -0.560815
3.203 0.0929259 -0.584118
3.204 0.0923302 -0.607276
3.205 0.0917114 -0.630281
3.206 0.0910697 -0.653129
3.207 0.0904052 -0.675814
3.208 0.0897181 -0.69833
3.209 0.0890086 -0.720671
3.21 0.0882768 -0.742833
3.211 0.087523 -0.764808
3.212 0.0867473 -0.786592
3.213 0.0859499 -0.80818
3.214 0.085131 -0.829565
3.215 0.0842908 -0.850744
3.216 0.0834296 -0.871709
3.217 0.0825475 -0.892457
3.218 0.0816447 -0.912981
3.219 0.0807216 -0.933277
3.22 0.0797783 -0.95334
3.221 0.078815 -0.973165
3.222 0.077832 -0.992746
3.223 0.0768296 -1.01208
3.224 0.0758079 -1.03116
3.225 0.0747673 -1.04998
3.226 0.0737081 -1.06854
3.227 0.0726303 -1.08683
3.228 0.0715345 -1.10486
3.229 0.0704207 -1.1226
3.23 0.0692894 -1.14006
3.231 0.0681407 -1.15724
3.232 0.066975 -1.17413
3.233 0.0657925 -1.19073
3.234 0.0645936 -1.20703
3.235 0.0633786 -1.22302
3.236 0.0621477 -1.23872
3.237 0.0609012 -1.2541
3.238 0.0596396 -1.26917
3.239 0.058363 -1.28392
3.24 0.0570719 -1.29835
3.241 0.0557664 -1.31245
3.242 0.0544471 -1.32623
3.243 0.0531141 -1.33967
3.244 0.0517678 -1.35278
3.245 0.0504086 -1.36556
3.246 0.0490368 -1.37799
3.247 0.0476528 -1.39007
3.248 0.0462568 -1.40181
3.249 0.0448493 -1.4132
3.25 0.0434305 -1.42424
3.251 0.0420009 -1.43491
3.252 0.0405608 -1.44524
3.253 0.0391106 -1.45519
3.254 0.0376505 -1.46479
3.255 0.0361811 -1.47402
3.256 0.0347026 -1.48288
3.257 0.0332155 -1.49137
3.258 0.03172 -1.49949
3.259 0.0302166 -1.50723
3.26 0.0287057 -1.51459
3.261 0.0271876 -1.52158
3.262 0.0256626 -1.52819
3.263 0.0241313 -1.53441
3.264 0.022594 -1.54025
3.265 0.0210509 -1.54571
3.266 0.0195027 -1.55078
3.267 0.0179495 -1.55546
3.268 0.0163919 -1.55975
3.269 0.0148301 -1.56365
3.27 0.0132647 -1.56717
3.271 0.0116959 -1.57029
3.272 0.0101243 -1.57301
3.273 0.00855004 -1.57535
3.274 0.00697369 -1.57729
3.275 0.00539559 -1.57884
3.276 0.00381615 -1.57999
3.277 0.00223575 -1.58074
3.278 0.000654791 -1.5811
3.279 -0.000926329 -1.58107
3.28 -0.00250722 -1.58064
3.281 -0.00408748 -1.57982
3.282 -0.00566672 -1.5786
3.283 -0.00724455 -1.57698
3.284 -0.00882056 -1.57498
3.285 -0.0103944 -1.57257
3.286 -0.0119656 -1.56978
3.287 -0.0135338 -1.56659
3.288 -0.0150986 -1.56301
3.289 -0.0166597 -1.55904
3.29 -0.0182166 -1.55468
3.291 -0.0197689 -1.54993
3.292 -0.0213163 -1.5448
3.293 -0.0228584 -1.53928
3.294 -0.0243947 -1.53337
3.295 -0.025925 -1.52708
3.296 -0.0274488 -1.52041
3.297 -0.0289657 -1.51336
3.298 -0.0304754 -1.50593
3.299 -0.0319774 -1.49812
3.3 -0.0334715 -1.48994
3.301 -0.0349572 -1.48138
3.302 -0.0364341 -1.47246
3.303 -0.037902 -1.46317
3.304 -0.0393603 -1.45351
3.305 -0.0408089 -1.44349
3.306 -0.0422472 -1.43311
3.307 -0.043675 -1.42237
3.308 -0.0450918 -1.41127
3.309 -0.0464974 -1.39982
3.31 -0.0478913 -1.38802
3.311 -0.0492733 -1.37588
3.312 -0.050643 -1.36339
3.313 -0.052 -1.35056
3.314 -0.053344 -1.33739
3.315 -0.0546746 -1.32388
3.316 -0.0559916 -1.31005
3.317 -0.0572946 -1.29589
3.318 -0.0585833 -1.28141
3.319 -0.0598573 -1.2666
3.32 -0.0611164 -1.25148
3.321 -0.0623602 -1.23604
3.322 -0.0635884 -1.2203
3.323 -0.0648007 -1.20425
3.324 -0.0659968 -1.1879
3.325 -0.0671764 -1.17125
3.326 -0.0683392 -1.15431
3.327 -0.0694849 -1.13708
3.328 -0.0706133 -1.11957
3.329 -0.071724 -1.10178
3.33 -0.0728167 -1.08371
3.331 -0.0738913 -1.06537
3.332 -0.0749474 -1.04677
3.333 -0.0759847 -1.0279
3.334 -0.0770031 -1.00878
3.335 -0.0780022 -0.989401
3.336 -0.0789818 -0.969777
3.337 -0.0799417 -0.949911
3.338 -0.0808816 -0.929808
3.339 -0.0818012 -0.909472
3.34 -0.0827004 -0.888909
3.341 -0.083579 -0.868124
3.342 -0.0844366 -0.847121
3.343 -0.0852731 -0.825907
3.344 -0.0860884 -0.804487
3.345 -0.086882 -0.782865
3.346 -0.087654 -0.761047
3.347 -0.0884041 -0.73904
3.348 -0.089132 -0.716847
3.349 -0.0898377 -0.694476
3.35 -0.0905209 -0.67193
3.351 -0.0911815 -0.649217
3.352 -0.0918193 -0.626341
3.353 -0.0924341 -0.603309
3.354 -0.0930259 -0.580126
3.355 -0.0935944 -0.556798
3.356 -0.0941394 -0.533331
3.357 -0.094661 -0.50973
3.358 -0.0951588 -0.486003
3.359 -0.0956329 -0.462153
3.36 -0.0960831 -0.438188
3.361 -0.0965093 -0.414113
3.362 -0.0969113 -0.389935
3.363 -0.0972891 -0.36566
3.364 -0.0976426 -0.341293
3.365 -0.0979717 -0.316841
3.366 -0.0982763 -0.292309
3.367 -0.0985563 -0.267705
3.368 -0.0988116 -0.243033
3.369 -0.0990423 -0.218301
3.37 -0.0992482 -0.193514
3.371 -0.0994293 -0.168679
3.372 -0.0995856 -0.143801
3.373 -0.0997169 -0.118888
3.374 -0.0998233 -0.0939449
3.375 -0.0999048 -0.0689784
3.376 -0.0999613 -0.0439946
3.377 -0.0999928 -0.0189998
3.378 -0.0999993 0.00599968
3.379 -0.0999808 0.0309977
3.38 -0.0999373 0.055988
3.381 -0.0998688 0.0809643
3.382 -0.0997754 0.10592
3.383 -0.099657 0.13085
3.384 -0.0995137 0.155747
3.385 -0.0993455 0.180605
3.386 -0.0991525 0.205417
3.387 -0.0989347 0.230179
3.388 -0.0986921 0.254883
3.389 -0.0984249 0.279523
3.39 -0.0981331 0.304093
3.391 -0.0978168 0.328587
3.392 -0.097476 0.352999
3.393 -0.0971108 0.377323
3.394 -0.0967214 0.401553
3.395 -0.0963077 0.425682
3.396 -0.09587 0.449705
3.397 -0.0954084 0.473615
3.398 -0.0949228 0.497407
3.399 -0.0944136 0.521074
3.4 -0.0938807 0.544612
3.401 -0.0933244 0.568013
3.402 -0.0927448 0.591272
3.403 -0.0921419 0.614383
3.404 -0.091516 0.637341
3.405 -0.0908673 0.660139
3.406 -0.0901958 0.682773
3.407 -0.0895018 0.705235
3.408 -0.0887854 0.727522
3.409 -0.0880468 0.749626
3.41 -0.0872862 0.771543
3.411 -0.0865038 0.793268
3.412 -0.0856997 0.814793
3.413 -0.0848743 0.836116
3.414 -0.0840276 0.857229
3.415 -0.0831599 0.878128
3.416 -0.0822714 0.898807
3.417 -0.0813623 0.919262
3.418 -0.080433 0.939487
3.419 -0.0794835 0.959476
3.42 -0.0785141 0.979227
3.421 -0.0775251 0.998732
3.422 -0.0765167 1.01799
3.423 -0.0754892 1.03699
3.424 -0.0744428 1.05573
3.425 -0.0733778 1.07421
3.426 -0.0722945 1.09242
3.427 -0.0711931 1.11035
3.428 -0.0700739 1.12801
3.429 -0.0689371 1.14539
3.43 -0.0677832 1.16248
3.431 -0.0666123 1.17928
3.432 -0.0654247 1.19578
3.433 -0.0642208 1.21199
3.434 -0.0630008 1.22789
3.435 -0.0617651 1.24349
3.436 -0.060514 1.25878
3.437 -0.0592477 1.27375
3.438 -0.0579666 1.2884
3.439 -0.056671 1.30273
3.44 -0.0553612 1.31673
3.441 -0.0540376 1.33041
3.442 -0.0527005 1.34375
3.443 -0.0513502 1.35676
3.444 -0.0499871 1.36942
3.445 -0.0486115 1.38175
3.446 -0.0472237 1.39373
3.447 -0.0458242 1.40536
3.448 -0.0444131 1.41664
3.449 -0.042991 1.42757
3.45 -0.0415581 1.43813
3.451 -0.0401149 1.44834
3.452 -0.0386616 1.45819
3.453 -0.0371986 1.46767
3.454 -0.0357263 1.47679
3.455 -0.0342451 1.48554
3.456 -0.0327554 1.49391
3.457 -0.0312574 1.50191
3.458 -0.0297517 1.50954
3.459 -0.0282385 1.51679
3.46 -0.0267182 1.52366
3.461 -0.0251913 1.53015
3.462 -0.0236581 1.53625
3.463 -0.0221189 1.54198
3.464 -0.0205743 1.54731
3.465 -0.0190244 1.55226
3.466 -0.0174699 1.55682
3.467 -0.0159109 1.561
3.468 -0.014348 1.56478
3.469 -0.0127815 1.56817
3.47 -0.0112118 1.57117
3.471 -0.00963928 1.57378
3.472 -0.00806436 1.57599
3.473 -0.00648743 1.57781
3.474 -0.00490888 1.57923
3.475 -0.0033291 1.58026
3.476 -0.00174848 1.5809
3.477 -0.000167434 1.58114
3.478 0.00141366 1.58098
3.479 0.0029944 1.58043
3.48 0.00457439 1.57948
3.481 0.00615323 1.57814
3.482 0.00773054 1.57641
3.483 0.00930591 1.57428
3.484 0.010879 1.57175
3.485 0.0124493 1.56884
3.486 0.0140165 1.56553
3.487 0.0155802 1.56183
3.488 0.01714 1.55774
3.489 0.0186956 1.55326
3.49 0.0202464 1.54839
3.491 0.0217922 1.54314
3.492 0.0233326 1.5375
3.493 0.0248671 1.53147
3.494 0.0263954 1.52506
3.495 0.0279171 1.51827
3.496 0.0294318 1.51111
3.497 0.0309392 1.50356
3.498 0.0324388 1.49564
3.499 0.0339303 1.48734
3.5 0.0354134 1.47867
3.501 0.0368876 1.46964
3.502 0.0383525 1.46023
3.503 0.0398079 1.45046
3.504 0.0412533 1.44033
3.505 0.0426884 1.42983
3.506 0.0441129 1.41898
3.507 0.0455263 1.40778
3.508 0.0469283 1.39622
3.509 0.0483186 1.38432
3.51 0.0496968 1.37206
3.511 0.0510626 1.35947
3.512 0.0524156 1.34653
3.513 0.0537556 1.33326
3.514 0.0550821 1.31966
3.515 0.0563948 1.30572
3.516 0.0576934 1.29146
3.517 0.0589776 1.27688
3.518 0.060247 1.26197
3.519 0.0615014 1.24675
3.52 0.0627404 1.23122
3.521 0.0639638 1.21538
3.522 0.0651711 1.19924
3.523 0.0663621 1.1828
3.524 0.0675366 1.16606
3.525 0.0686942 1.14903
3.526 0.0698346 1.13172
3.527 0.0709575 1.11412
3.528 0.0720627 1.09624
3.529 0.0731499 1.07809
3.53 0.0742188 1.05967
3.531 0.0752691 1.04098
3.532 0.0763007 1.02203
3.533 0.0773131 1.00283
3.534 0.0783063 0.983378
3.535 0.0792798 0.96368
3.536 0.0802335 0.94374
3.537 0.0811672 0.923564
3.538 0.0820806 0.903158
3.539 0.0829734 0.882526
3.54 0.0838456 0.861673
3.541 0.0846967 0.840605
3.542 0.0855267 0.819326
3.543 0.0863353 0.797843
3.544 0.0871223 0.776161
3.545 0.0878876 0.754284
3.546 0.0886308 0.732219
3.547 0.0893519 0.70997
3.548 0.0900507 0.687545
3.549 0.090727 0.664947
3.55 0.0913805 0.642183
3.551 0.0920113 0.619259
3.552 0.092619 0.596179
3.553 0.0932036 0.572951
3.554 0.0937649 0.549579
3.555 0.0943027 0.52607
3.556 0.094817 0.50243
3.557 0.0953075 0.478664
3.558 0.0957743 0.454778
3.559 0.096217 0.430779
3.56 0.0966358 0.406672
3.561 0.0970303 0.382463
3.562 0.0974007 0.358159
3.563 0.0977466 0.333765
3.564 0.0980682 0.309287
3.565 0.0983652 0.284733
3.566 0.0986376 0.260107
3.567 0.0988854 0.235416
3.568 0.0991084 0.210666
3.569 0.0993067 0.185864
3.57 0.0994801 0.161015
3.571 0.0996287 0.136126
3.572 0.0997524 0.111203
3.573 0.0998511 0.0862516
3.574 0.0999249 0.0612791
3.575 0.0999737 0.0362913
3.576 0.0999974 0.0112943
3.577 0.0999962 -0.0137054
3.578 0.09997 -0.0387017
3.579 0.0999188 -0.0636883
3.58 0.0998427 -0.088659
3.581 0.0997415 -0.113608
3.582 0.0996155 -0.138528
3.583 0.0994645 -0.163413
3.584 0.0992886 -0.188258
3.585 0.099088 -0.213055
3.586 0.0988626 -0.2378
3.587 0.0986124 -0.262485
3.588 0.0983376 -0.287104
3.589 0.0980382 -0.311651
3.59 0.0977143 -0.336121
3.591 0.097366 -0.360507
3.592 0.0969933 -0.384802
3.593 0.0965964 -0.409001
3.594 0.0961754 -0.433098
3.595 0.0957303 -0.457087
3.596 0.0952612 -0.480961
3.597 0.0947684 -0.504716
3.598 0.0942519 -0.528344
3.599 0.0937118 -0.55184
3.6 0.0931482 -0.575198
3.601 0.0925614 -0.598412
3.602 0.0919514 -0.621476
3.603 0.0913185 -0.644386
3.604 0.0906627 -0.667134
3.605 0.0899843 -0.689715
3.606 0.0892834 -0.712124
3.607 0.0885601 -0.734355
3.608 0.0878147 -0.756402
3.609 0.0870474 -0.77826
3.61 0.0862583 -0.799924
3.611 0.0854476 -0.821388
3.612 0.0846155 -0.842646
3.613 0.0837624 -0.863694
3.614 0.0828882 -0.884525
3.615 0.0819934 -0.905136
3.616 0.081078 -0.92552
3.617 0.0801424 -0.945673
3.618 0.0791868 -0.96559
3.619 0.0782113 -0.985265
3.62 0.0772163 -1.00469
3.621 0.076202 -1.02387
3.622 0.0751687 -1.04279
3.623 0.0741165 -1.06145
3.624 0.0730458 -1.07985
3.625 0.0719569 -1.09798
3.626 0.07085 -1.11583
3.627 0.0697253 -1.1334
3.628 0.0685833 -1.15069
3.629 0.0674241 -1.16769
3.63 0.066248 -1.1844
3.631 0.0650554 -1.20081
3.632 0.0638465 -1.21693
3.633 0.0626216 -1.23273
3.634 0.0613811 -1.24823
3.635 0.0601252 -1.26342
3.636 0.0588544 -1.2783
3.637 0.0575688 -1.29285
3.638 0.0562688 -1.30708
3.639 0.0549547 -1.32098
3.64 0.0536269 -1.33456
3.641 0.0522857 -1.34779
3.642 0.0509314 -1.3607
3.643 0.0495644 -1.37326
3.644 0.048185 -1.38548
3.645 0.0467936 -1.39735
3.646 0.0453904 -1.40887
3.647 0.043976 -1.42005
3.648 0.0425505 -1.43086
3.649 0.0411144 -1.44132
3.65 0.039668 -1.45142
3.651 0.0382116 -1.46115
3.652 0.0367458 -1.47052
3.653 0.0352707 -1.47952
3.654 0.0337868 -1.48816
3.655 0.0322945 -1.49642
3.656 0.0307941 -1.5043
3.657 0.029286 -1.51181
3.658 0.0277706 -1.51895
3.659 0.0262483 -1.5257
3.66 0.0247194 -1.53207
3.661 0.0231843 -1.53806
3.662 0.0216434 -1.54366
3.663 0.0200971 -1.54888
3.664 0.0185457 -1.55371
3.665 0.0169898 -1.55815
3.666 0.0154296 -1.5622
3.667 0.0138655 -1.56587
3.668 0.012298 -1.56914
3.669 0.0107274 -1.57201
3.67 0.00915407 -1.5745
3.671 0.00757849 -1.57659
3.672 0.00600102 -1.57829
3.673 0.00442205 -1.57959
3.674 0.00284197 -1.5805
3.675 0.00126118 -1.58101
3.676 -0.000319927 -1.58113
3.677 -0.00190095 -1.58085
3.678 -0.0034815 -1.58018
3.679 -0.00506118 -1.57911
3.68 -0.00663959 -1.57765
3.681 -0.00821635 -1.57579
3.682 -0.00979105 -1.57354
3.683 -0.0113633 -1.5709
3.684 -0.0129327 -1.56786
3.685 -0.0144989 -1.56443
3.686 -0.0160614 -1.56061
3.687 -0.01762 -1.5564
3.688 -0.0191741 -1.5518
3.689 -0.0207235 -1.54681
3.69 -0.0222676 -1.54144
3.691 -0.0238062 -1.53568
3.692 -0.0253389 -1.52954
3.693 -0.0268652 -1.52301
3.694 -0.0283847 -1.51611
3.695 -0.0298972 -1.50882
3.696 -0.0314023 -1.50116
3.697 -0.0328994 -1.49312
3.698 -0.0343884 -1.48471
3.699 -0.0358687 -1.47593
3.7 -0.0373401 -1.46678
3.701 -0.0388022 -1.45726
3.702 -0.0402545 -1.44737
3.703 -0.0416968 -1.43713
3.704 -0.0431286 -1.42653
3.705 -0.0445497 -1.41557
3.706 -0.0459597 -1.40425
3.707 -0.0473581 -1.39259
3.708 -0.0487447 -1.38058
3.709 -0.0501191 -1.36822
3.71 -0.051481 -1.35552
3.711 -0.0528301 -1.34248
3.712 -0.0541659 -1.3291
3.713 -0.0554882 -1.3154
3.714 -0.0567966 -1.30136
3.715 -0.0580908 -1.287
3.716 -0.0593705 -1.27232
3.717 -0.0606353 -1.25731
3.718 -0.061885 -1.242
3.719 -0.0631192 -1.22637
3.72 -0.0643376 -1.21044
3.721 -0.06554 -1.19421
3.722 -0.0667259 -1.17767
3.723 -0.0678952 -1.16084
3.724 -0.0690475 -1.14373
3.725 -0.0701826 -1.12632
3.726 -0.0713001 -1.10864
3.727 -0.0723998 -1.09067
3.728 -0.0734813 -1.07244
3.729 -0.0745445 -1.05393
3.73 -0.0755891 -1.03517
3.731 -0.0766148 -1.01614
3.732 -0.0776213 -0.996862
3.733 -0.0786084 -0.977332
3.734 -0.0795759 -0.957559
3.735 -0.0805235 -0.937546
3.736 -0.0814509 -0.917299
3.737 -0.082358 -0.896822
3.738 -0.0832445 -0.876122
3.739 -0.0841102 -0.855202
3.74 -0.0849548 -0.834068
3.741 -0.0857782 -0.812726
3.742 -0.0865802 -0.791181
3.743 -0.0873605 -0.769438
3.744 -0.088119 -0.747502
3.745 -0.0888555 -0.72538
3.746 -0.0895697 -0.703077
3.747 -0.0902616 -0.680597
3.748 -0.0909308 -0.657948
3.749 -0.0915774 -0.635134
3.75 -0.0922011 -0.612161
3.751 -0.0928017 -0.589035
3.752 -0.0933791 -0.565762
3.753 -0.0939332 -0.542347
3.754 -0.0944637 -0.518797
3.755 -0.0949707 -0.495118
3.756 -0.0954539 -0.471314
3.757 -0.0959133 -0.447393
3.758 -0.0963487 -0.423359
3.759 -0.09676 -0.39922
3.76 -0.0971471 -0.374981
3.761 -0.0975099 -0.350649
3.762 -0.0978484 -0.326228
3.763 -0.0981623 -0.301727
3.764 -0.0984518 -0.277149
3.765 -0.0987166 -0.252503
3.766 -0.0989568 -0.227793
3.767 -0.0991722 -0.203026
3.768 -0.0993628 -0.178209
3.769 -0.0995286 -0.153347
3.77 -0.0996695 -0.128447
3.771 -0.0997855 -0.103514
3.772 -0.0998765 -0.0785562
3.773 -0.0999426 -0.0535783
3.774 -0.0999837 -0.028587
3.775 -0.0999997 -0.00358857
3.776 -0.0999908 0.0214108
3.777 -0.0999569 0.0464048
3.778 -0.099898 0.0713872
3.779 -0.0998142 0.0963517
3.78 -0.0997053 0.121292
3.781 -0.0995716 0.146202
3.782 -0.0994129 0.171076
3.783 -0.0992294 0.195907
3.784 -0.0990211 0.220689
3.785 -0.0987881 0.245415
3.786 -0.0985303 0.270081
3.787 -0.0982479 0.294678
3.788 -0.097941 0.319202
3.789 -0.0976096 0.343647
3.79 -0.0972537 0.368005
3.791 -0.0968736 0.392272
3.792 -0.0964692 0.41644
3.793 -0.0960407 0.440504
3.794 -0.0955883 0.464458
3.795 -0.0951119 0.488296
3.796 -0.0946117 0.512012
3.797 -0.0940879 0.5356
3.798 -0.0935405 0.559054
3.799 -0.0929698 0.582369
3.8 -0.0923759 0.605537
3.801 -0.0917588 0.628555
3.802 -0.0911188 0.651415
3.803 -0.090456 0.674112
3.804 -0.0897706 0.696641
3.805 -0.0890628 0.718995
3.806 -0.0883327 0.74117
3.807 -0.0875805 0.76316
3.808 -0.0868064 0.784959
3.809 -0.0860107 0.806561
3.81 -0.0851934 0.827962
3.811 -0.0843548 0.849156
3.812 -0.0834951 0.870138
3.813 -0.0826146 0.890902
3.814 -0.0817134 0.911444
3.815 -0.0807918 0.931757
3.816 -0.07985 0.951838
3.817 -0.0788882 0.97168
3.818 -0.0779067 0.99128
3.819 -0.0769057 1.01063
3.82 -0.0758855 1.02973
3.821 -0.0748463 1.04857
3.822 -0.0737885 1.06715
3.823 -0.0727121 1.08547
3.824 -0.0716176 1.10351
3.825 -0.0705052 1.12127
3.826 -0.0693752 1.13876
3.827 -0.0682278 1.15596
3.828 -0.0670633 1.17287
3.829 -0.0658821 1.18949
3.83 -0.0646845 1.20581
3.831 -0.0634706 1.22183
3.832 -0.0622409 1.23754
3.833 -0.0609956 1.25295
3.834 -0.0597351 1.26804
3.835 -0.0584597 1.28282
3.836 -0.0571696 1.29727
3.837 -0.0558652 1.3114
3.838 -0.0545469 1.3252
3.839 -0.0532149 1.33867
3.84 -0.0518697 1.35181
3.841 -0.0505114 1.36461
3.842 -0.0491406 1.37706
3.843 -0.0477574 1.38918
3.844 -0.0463623 1.40094
3.845 -0.0449556 1.41236
3.846 -0.0435377 1.42342
3.847 -0.0421089 1.43412
3.848 -0.0406696 1.44447
3.849 -0.0392201 1.45446
3.85 -0.0377608 1.46408
3.851 -0.0362921 1.47334
3.852 -0.0348143 1.48223
3.853 -0.0333277 1.49074
3.854 -0.0318329 1.49889
3.855 -0.0303301 1.50666
3.856 -0.0288197 1.51405
3.857 -0.0273021 1.52107
3.858 -0.0257777 1.5277
3.859 -0.0242468 1.53396
3.86 -0.0227099 1.53983
3.861 -0.0211673 1.54531
3.862 -0.0196194 1.55041
3.863 -0.0180666 1.55512
3.864 -0.0165093 1.55944
3.865 -0.0149479 1.56337
3.866 -0.0133827 1.56692
3.867 -0.0118142 1.57007
3.868 -0.0102427 1.57282
3.869 -0.00866865 1.57519
3.87 -0.00709245 1.57716
3.871 -0.00551447 1.57873
3.872 -0.00393511 1.57991
3.873 -0.00235477 1.5807
3.874 -0.000773842 1.58109
3.875 0.00080728 1.58109
3.876 0.0023882 1.58069
3.877 0.00396852 1.57989
3.878 0.00554786 1.5787
3.879 0.0071258 1.57712
3.88 0.00870196 1.57514
3.881 0.010276 1.57277
3.882 0.0118474 1.57
3.883 0.0134158 1.56685
3.884 0.0149809 1.5633
3.885 0.0165423 1.55936
3.886 0.0180995 1.55502
3.887 0.0196522 1.55031
3.888 0.0212 1.5452
3.889 0.0227425 1.53971
3.89 0.0242793 1.53383
3.891 0.02581 1.52757
3.892 0.0273343 1.52092
3.893 0.0288517 1.5139
3.894 0.030362 1.5065
3.895 0.0318646 1.49872
3.896 0.0333593 1.49057
3.897 0.0348456 1.48204
3.898 0.0363232 1.47314
3.899 0.0377918 1.46388
3.9 0.0392509 1.45425
3.901 0.0407002 1.44426
3.902 0.0421393 1.4339
3.903 0.0435678 1.42319
3.904 0.0449855 1.41212
3.905 0.046392 1.4007
3.906 0.0477868 1.38892
3.907 0.0491697 1.3768
3.908 0.0505403 1.36434
3.909 0.0518982 1.35153
3.91 0.0532432 1.33839
3.911 0.0545749 1.32491
3.912 0.0558929 1.3111
3.913 0.057197 1.29697
3.914 0.0584868 1.28251
3.915 0.0597619 1.26773
3.916 0.0610221 1.25263
3.917 0.0622671 1.23722
3.918 0.0634965 1.2215
3.919 0.06471 1.20547
3.92 0.0659073 1.18914
3.921 0.0670881 1.17252
3.922 0.0682522 1.1556
3.923 0.0693992 1.13839
3.924 0.0705289 1.1209
3.925 0.071641 1.10313
3.926 0.0727351 1.08508
3.927 0.073811 1.06676
3.928 0.0748685 1.04818
3.929 0.0759073 1.02933
3.93 0.0769271 1.01023
3.931 0.0779277 0.990868
3.932 0.0789087 0.971263
3.933 0.0798701 0.951416
3.934 0.0808115 0.93133
3.935 0.0817327 0.911012
3.936 0.0826334 0.890465
3.937 0.0835135 0.869697
3.938 0.0843728 0.84871
3.939 0.0852109 0.827512
3.94 0.0860277 0.806107
3.941 0.086823 0.7845
3.942 0.0875967 0.762697
3.943 0.0883484 0.740703
3.944 0.089078 0.718525
3.945 0.0897854 0.696166
3.946 0.0904703 0.673634
3.947 0.0911326 0.650933
3.948 0.0917721 0.628069
3.949 0.0923887 0.605049
3.95 0.0929821 0.581877
3.951 0.0935524 0.55856
3.952 0.0940992 0.535103
3.953 0.0946225 0.511512
3.954 0.0951222 0.487793
3.955 0.0955981 0.463953
3.956 0.0960501 0.439996
3.957 0.096478 0.41593
3.958 0.0968819 0.391759
3.959 0.0972615 0.367491
3.96 0.0976168 0.343131
3.961 0.0979477 0.318685
3.962 0.0982542 0.294159
3.963 0.098536 0.26956
3.964 0.0987933 0.244893
3.965 0.0990258 0.220165
3.966 0.0992336 0.195382
3.967 0.0994166 0.17055
3.968 0.0995747 0.145676
3.969 0.0997079 0.120765
3.97 0.0998162 0.095824
3.971 0.0998995 0.070859
3.972 0.0999579 0.0458763
3.973 0.0999913 0.0208821
3.974 0.0999997 -0.00411729
3.975 0.099983 -0.0291156
3.976 0.0999414 -0.0541067
3.977 0.0998748 -0.0790843
3.978 0.0997833 -0.104042
3.979 0.0996668 -0.128974
3.98 0.0995253 -0.153873
3.981 0.099359 -0.178734
3.982 0.0991679 -0.203551
3.983 0.0989519 -0.228316
3.984 0.0987113 -0.253025
3.985 0.0984459 -0.27767
3.986 0.0981559 -0.302246
3.987 0.0978414 -0.326746
3.988 0.0975025 -0.351164
3.989 0.0971391 -0.375495
3.99 0.0967515 -0.399732
3.991 0.0963397 -0.423869
3.992 0.0959038 -0.4479
3.993 0.095444 -0.471819
3.994 0.0949602 -0.49562
3.995 0.0944528 -0.519297
3.996 0.0939217 -0.542844
3.997 0.0933671 -0.566256
3.998 0.0927892 -0.589526
3.999 0.0921881 -0.612648
4 0.091564 -0.635618
4.001 0.0909169 -0.658428
4.002 0.0902472 -0.681074
4.003 0.0895548 -0.70355
4.004 0.0888401 -0.72585
4.005 0.0881032 -0.747968
4.006 0.0873442 -0.7699
4.007 0.0865635 -0.791639
4.008 0.085761 -0.81318
4.009 0.0849372 -0.834517
4.01 0.0840921 -0.855646
4.011 0.0832259 -0.876562
4.012 0.082339 -0.897258
4.013 0.0814315 -0.917729
4.014 0.0805036 -0.937972
4.015 0.0795556 -0.95798
4.016 0.0785878 -0.977748
4.017 0.0776002 -0.997272
4.018 0.0765933 -1.01655
4.019 0.0755672 -1.03557
4.02 0.0745223 -1.05433
4.021 0.0734587 -1.07283
4.022 0.0723767 -1.09106
4.023 0.0712766 -1.10901
4.024 0.0701588 -1.12669
4.025 0.0690233 -1.14409
4.026 0.0678707 -1.1612
4.027 0.066701 -1.17803
4.028 0.0655147 -1.19455
4.029 0.064312 -1.21078
4.03 0.0630933 -1.22671
4.031 0.0618587 -1.24233
4.032 0.0606087 -1.25764
4.033 0.0593435 -1.27263
4.034 0.0580635 -1.28731
4.035 0.056769 -1.30166
4.036 0.0554603 -1.31569
4.037 0.0541378 -1.32939
4.038 0.0528017 -1.34276
4.039 0.0514524 -1.35579
4.04 0.0500902 -1.36848
4.041 0.0487155 -1.38083
4.042 0.0473287 -1.39284
4.043 0.04593 -1.4045
4.044 0.0445198 -1.4158
4.045 0.0430985 -1.42676
4.046 0.0416664 -1.43735
4.047 0.0402239 -1.44759
4.048 0.0387713 -1.45746
4.049 0.0373091 -1.46697
4.05 0.0358375 -1.47612
4.051 0.034357 -1.48489
4.052 0.0328679 -1.49329
4.053 0.0313705 -1.50132
4.054 0.0298653 -1.50898
4.055 0.0283527 -1.51626
4.056 0.0268329 -1.52315
4.057 0.0253065 -1.52967
4.058 0.0237737 -1.53581
4.059 0.022235 -1.54156
4.06 0.0206907 -1.54692
4.061 0.0191413 -1.5519
4.062 0.0175871 -1.55649
4.063 0.0160284 -1.5607
4.064 0.0144658 -1.56451
4.065 0.0128996 -1.56793
4.066 0.0113301 -1.57096
4.067 0.00975777 -1.57359
4.068 0.00818302 -1.57584
4.069 0.00660623 -1.57768
4.07 0.00502778 -1.57914
4.071 0.00344808 -1.5802
4.072 0.00186752 -1.58086
4.073 0.000286488 -1.58113
4.074 -0.00129461 -1.58101
4.075 -0.00287539 -1.58049
4.076 -0.00445545 -1.57957
4.077 -0.0060344 -1.57826
4.078 -0.00761184 -1.57655
4.079 -0.00918737 -1.57445
4.08 -0.0107606 -1.57196
4.081 -0.0123312 -1.56907
4.082 -0.0138986 -1.56579
4.083 -0.0154626 -1.56212
4.084 -0.0170227 -1.55806
4.085 -0.0185786 -1.55361
4.086 -0.0201298 -1.54877
4.087 -0.021676 -1.54355
4.088 -0.0232168 -1.53794
4.089 -0.0247518 -1.53194
4.09 -0.0262805 -1.52556
4.091 -0.0278028 -1.5188
4.092 -0.029318 -1.51166
4.093 -0.0308259 -1.50414
4.094 -0.0323262 -1.49625
4.095 -0.0338183 -1.48798
4.096 -0.035302 -1.47934
4.097 -0.0367769 -1.47033
4.098 -0.0382425 -1.46095
4.099 -0.0396987 -1.45121
4.1 -0.0411448 -1.4411
4.101 -0.0425807 -1.43064
4.102 -0.044006 -1.41981
4.103 -0.0454202 -1.40863
4.104 -0.0468231 -1.3971
4.105 -0.0482143 -1.38522
4.106 -0.0495935 -1.373
4.107 -0.0509602 -1.36043
4.108 -0.0523142 -1.34752
4.109 -0.0536551 -1.33427
4.11 -0.0549826 -1.32069
4.111 -0.0562964 -1.30678
4.112 -0.0575961 -1.29254
4.113 -0.0588814 -1.27798
4.114 -0.060152 -1.26311
4.115 -0.0614075 -1.24791
4.116 -0.0626477 -1.2324
4.117 -0.0638722 -1.21659
4.118 -0.0650808 -1.20047
4.119 -0.066273 -1.18405
4.12 -0.0674488 -1.16733
4.121 -0.0686076 -1.15033
4.122 -0.0697493 -1.13303
4.123 -0.0708736 -1.11545
4.124 -0.0719801 -1.0976
4.125 -0.0730687 -1.07946
4.126 -0.074139 -1.06106
4.127 -0.0751907 -1.0424
4.128 -0.0762237 -1.02347
4.129 -0.0772376 -1.00429
4.13 -0.0782322 -0.984852
4.131 -0.0792072 -0.965171
4.132 -0.0801624 -0.94525
4.133 -0.0810976 -0.925092
4.134 -0.0820125 -0.904703
4.135 -0.0829069 -0.884087
4.136 -0.0837806 -0.863251
4.137 -0.0846334 -0.842199
4.138 -0.0854649 -0.820936
4.139 -0.0862752 -0.799468
4.14 -0.0870638 -0.7778
4.141 -0.0878307 -0.755938
4.142 -0.0885756 -0.733887
4.143 -0.0892984 -0.711652
4.144 -0.0899989 -0.689239
4.145 -0.0906768 -0.666654
4.146 -0.0913321 -0.643903
4.147 -0.0919646 -0.62099
4.148 -0.0925741 -0.597922
4.149 -0.0931604 -0.574705
4.15 -0.0937234 -0.551344
4.151 -0.094263 -0.527845
4.152 -0.0947791 -0.504214
4.153 -0.0952714 -0.480458
4.154 -0.0957399 -0.456581
4.155 -0.0961845 -0.43259
4.156 -0.0966051 -0.408491
4.157 -0.0970015 -0.384289
4.158 -0.0973736 -0.359992
4.159 -0.0977214 -0.335604
4.16 -0.0980448 -0.311133
4.161 -0.0983437 -0.286584
4.162 -0.098618 -0.261963
4.163 -0.0988676 -0.237277
4.164 -0.0990925 -0.212532
4.165 -0.0992926 -0.187733
4.166 -0.0994679 -0.162887
4.167 -0.0996184 -0.138001
4.168 -0.0997439 -0.11308
4.169 -0.0998445 -0.0881311
4.17 -0.0999202 -0.06316
4.171 -0.0999709 -0.0381731
4.172 -0.0999965 -0.0131767
4.173 -0.0999972 0.011823
4.174 -0.0999729 0.0368198
4.175 -0.0999236 0.0618074
4.176 -0.0998493 0.0867795
4.177 -0.09975 0.11173
4.178 -0.0996258 0.136652
4.179 -0.0994767 0.161541
4.18 -0.0993028 0.186389
4.181 -0.099104 0.21119
4.182 -0.0988804 0.235939
4.183 -0.0986321 0.260628
4.184 -0.0983592 0.285253
4.185 -0.0980616 0.309806
4.186 -0.0977396 0.334281
4.187 -0.0973931 0.358674
4.188 -0.0970223 0.382976
4.189 -0.0966272 0.407183
4.19 -0.0962079 0.431288
4.191 -0.0957646 0.455285
4.192 -0.0952974 0.479168
4.193 -0.0948063 0.502931
4.194 -0.0942916 0.526569
4.195 -0.0937532 0.550075
4.196 -0.0931915 0.573444
4.197 -0.0926064 0.596669
4.198 -0.0919982 0.619745
4.199 -0.091367 0.642666
4.2 -0.0907129 0.665427
4.201 -0.0900362 0.688021
4.202 -0.0893369 0.710443
4.203 -0.0886153 0.732687
4.204 -0.0878716 0.754749
4.205 -0.0871059 0.776621
4.206 -0.0863184 0.7983
4.207 -0.0855094 0.819779
4.208 -0.0846789 0.841053
4.209 -0.0838273 0.862116
4.21 -0.0829548 0.882965
4.211 -0.0820615 0.903592
4.212 -0.0811477 0.923994
4.213 -0.0802136 0.944164
4.214 -0.0792594 0.964099
4.215 -0.0782855 0.983792
4.216 -0.0772919 1.00324
4.217 -0.0762791 1.02244
4.218 -0.0752471 1.04138
4.219 -0.0741964 1.06006
4.22 -0.0731271 1.07847
4.221 -0.0720395 1.09662
4.222 -0.0709339 1.11449
4.223 -0.0698106 1.13209
4.224 -0.0686699 1.1494
4.225 -0.0675119 1.16642
4.226 -0.0663371 1.18315
4.227 -0.0651457 1.19959
4.228 -0.0639381 1.21572
4.229 -0.0627144 1.23155
4.23 -0.061475 1.24708
4.231 -0.0602203 1.26229
4.232 -0.0589506 1.27719
4.233 -0.0576661 1.29176
4.234 -0.0563672 1.30602
4.235 -0.0550541 1.31995
4.236 -0.0537274 1.33355
4.237 -0.0523872 1.34681
4.238 -0.0510339 1.35974
4.239 -0.0496678 1.37233
4.24 -0.0482893 1.38457
4.241 -0.0468988 1.39647
4.242 -0.0454965 1.40802
4.243 -0.0440829 1.41922
4.244 -0.0426582 1.43006
4.245 -0.0412229 1.44054
4.246 -0.0397772 1.45067
4.247 -0.0383216 1.46043
4.248 -0.0368565 1.46983
4.249 -0.0353821 1.47886
4.25 -0.0338989 1.48752
4.251 -0.0324072 1.49581
4.252 -0.0309074 1.50372
4.253 -0.0293999 1.51126
4.254 -0.027885 1.51842
4.255 -0.0263631 1.5252
4.256 -0.0248347 1.5316
4.257 -0.0233001 1.53762
4.258 -0.0217596 1.54325
4.259 -0.0202137 1.5485
4.26 -0.0186627 1.55336
4.261 -0.0171071 1.55783
4.262 -0.0155472 1.56191
4.263 -0.0139834 1.5656
4.264 -0.0124161 1.5689
4.265 -0.0108457 1.57181
4.266 -0.00927262 1.57433
4.267 -0.0076972 1.57645
4.268 -0.00611986 1.57818
4.269 -0.00454098 1.57951
4.27 -0.00296097 1.58045
4.271 -0.00138022 1.58099
4.272 0.000200873 1.58114
4.273 0.00178192 1.58089
4.274 0.00336252 1.58024
4.275 0.00494228 1.57921
4.276 0.0065208 1.57777
4.277 0.00809769 1.57595
4.278 0.00967256 1.57373
4.279 0.011245 1.57111
4.28 0.0128146 1.5681
4.281 0.0143811 1.5647
4.282 0.0159439 1.56091
4.283 0.0175028 1.55673
4.284 0.0190573 1.55216
4.285 0.020607 1.5472
4.286 0.0221515 1.54186
4.287 0.0236906 1.53613
4.288 0.0252237 1.53001
4.289 0.0267505 1.52352
4.29 0.0282706 1.51664
4.291 0.0297836 1.50938
4.292 0.0312892 1.50175
4.293 0.032787 1.49374
4.294 0.0342766 1.48535
4.295 0.0357576 1.4766
4.296 0.0372296 1.46748
4.297 0.0386924 1.45799
4.298 0.0401455 1.44813
4.299 0.0415885 1.43791
4.3 0.0430212 1.42734
4.301 0.0444431 1.4164
4.302 0.0458539 1.40512
4.303 0.0472532 1.39348
4.304 0.0486407 1.38149
4.305 0.0500161 1.36916
4.306 0.0513789 1.35648
4.307 0.0527289 1.34347
4.308 0.0540658 1.33012
4.309 0.0553891 1.31644
4.31 0.0566985 1.30243
4.311 0.0579938 1.28809
4.312 0.0592746 1.27343
4.313 0.0605406 1.25846
4.314 0.0617914 1.24316
4.315 0.0630268 1.22756
4.316 0.0642464 1.21165
4.317 0.06545 1.19544
4.318 0.0666372 1.17893
4.319 0.0678078 1.16212
4.32 0.0689614 1.14503
4.321 0.0700977 1.12764
4.322 0.0712166 1.10998
4.323 0.0723176 1.09204
4.324 0.0734005 1.07382
4.325 0.0744651 1.05534
4.326 0.0755111 1.03659
4.327 0.0765382 1.01758
4.328 0.0775462 0.998322
4.329 0.0785348 0.978811
4.33 0.0795037 0.959056
4.331 0.0804528 0.939061
4.332 0.0813818 0.918831
4.333 0.0822904 0.898372
4.334 0.0831785 0.877688
4.335 0.0840457 0.856785
4.336 0.084892 0.835667
4.337 0.085717 0.81434
4.338 0.0865206 0.79281
4.339 0.0873025 0.771082
4.34 0.0880627 0.749161
4.341 0.0888008 0.727052
4.342 0.0895167 0.704762
4.343 0.0902103 0.682296
4.344 0.0908812 0.659659
4.345 0.0915295 0.636857
4.346 0.0921549 0.613896
4.347 0.0927573 0.590782
4.348 0.0933364 0.567519
4.349 0.0938922 0.544115
4.35 0.0944246 0.520575
4.351 0.0949334 0.496905
4.352 0.0954184 0.473111
4.353 0.0958795 0.449198
4.354 0.0963167 0.425173
4.355 0.0967298 0.401041
4.356 0.0971188 0.37681
4.357 0.0974834 0.352484
4.358 0.0978237 0.32807
4.359 0.0981395 0.303574
4.36 0.0984308 0.279002
4.361 0.0986975 0.254361
4.362 0.0989395 0.229656
4.363 0.0991568 0.204893
4.364 0.0993493 0.180079
4.365 0.099517 0.155221
4.366 0.0996597 0.130323
4.367 0.0997776 0.105393
4.368 0.0998705 0.0804362
4.369 0.0999385 0.0554596
4.37 0.0999814 0.0304691
4.371 0.0999994 0.00547097
4.372 0.0999924 -0.0195285
4.373 0.0999603 -0.0445231
4.374 0.0999033 -0.0695066
4.375 0.0998213 -0.0944727
4.376 0.0997144 -0.119415
4.377 0.0995825 -0.144328
4.378 0.0994257 -0.169204
4.379 0.0992441 -0.194039
4.38 0.0990377 -0.218824
4.381 0.0988065 -0.243555
4.382 0.0985506 -0.268226
4.383 0.0982701 -0.292829
4.384 0.097965 -0.317359
4.385 0.0976354 -0.341809
4.386 0.0972814 -0.366174
4.387 0.0969031 -0.390448
4.388 0.0965005 -0.414624
4.389 0.0960738 -0.438696
4.39 0.0956232 -0.462659
4.391 0.0951486 -0.486506
4.392 0.0946502 -0.510231
4.393 0.0941281 -0.533829
4.394 0.0935826 -0.557293
4.395 0.0930136 -0.580618
4.396 0.0924214 -0.603798
4.397 0.0918061 -0.626827
4.398 0.0911678 -0.649699
4.399 0.0905067 -0.672409
4.4 0.089823 -0.694951
4.401 0.0891169 -0.717318
4.402 0.0883884 -0.739507
4.403 0.0876379 -0.761511
4.404 0.0868655 -0.783324
4.405 0.0860713 -0.804942
4.406 0.0852557 -0.826358
4.407 0.0844187 -0.847568
4.408 0.0835606 -0.868566
4.409 0.0826816 -0.889346
4.41 0.081782 -0.909905
4.411 0.0808619 -0.930236
4.412 0.0799216 -0.950334
4.413 0.0789613 -0.970195
4.414 0.0779813 -0.989813
4.415 0.0769818 -1.00918
4.416 0.075963 -1.0283
4.417 0.0749252 -1.04716
4.418 0.0738688 -1.06576
4.419 0.0727938 -1.0841
4.42 0.0717007 -1.10216
4.421 0.0705896 -1.11995
4.422 0.0694609 -1.13745
4.423 0.0683148 -1.15467
4.424 0.0671516 -1.17161
4.425 0.0659717 -1.18825
4.426 0.0647752 -1.20459
4.427 0.0635626 -1.22064
4.428 0.062334 -1.23637
4.429 0.0610899 -1.2518
4.43 0.0598305 -1.26692
4.431 0.0585562 -1.28171
4.432 0.0572672 -1.29619
4.433 0.0559639 -1.31035
4.434 0.0546466 -1.32417
4.435 0.0533157 -1.33767
4.436 0.0519714 -1.35083
4.437 0.0506141 -1.36365
4.438 0.0492442 -1.37614
4.439 0.047862 -1.38828
4.44 0.0464678 -1.40007
4.441 0.045062 -1.41151
4.442 0.0436449 -1.4226
4.443 0.0422169 -1.43333
4.444 0.0407783 -1.4437
4.445 0.0393296 -1.45372
4.446 0.037871 -1.46337
4.447 0.036403 -1.47265
4.448 0.0349258 -1.48157
4.449 0.03344 -1.49011
4.45 0.0319457 -1.49829
4.451 0.0304435 -1.50609
4.452 0.0289337 -1.51351
4.453 0.0274166 -1.52055
4.454 0.0258927 -1.52722
4.455 0.0243623 -1.5335
4.456 0.0228258 -1.5394
4.457 0.0212837 -1.54491
4.458 0.0197361 -1.55004
4.459 0.0181837 -1.55478
4.46 0.0166267 -1.55913
4.461 0.0150656 -1.56309
4.462 0.0135007 -1.56666
4.463 0.0119324 -1.56984
4.464 0.0103611 -1.57263
4.465 0.00878725 -1.57502
4.466 0.00721119 -1.57702
4.467 0.00563334 -1.57863
4.468 0.00405407 -1.57984
4.469 0.00247379 -1.58065
4.47 0.000892892 -1.58108
4.471 -0.00068823 -1.5811
4.472 -0.00226918 -1.58073
4.473 -0.00384956 -1.57997
4.474 -0.00542898 -1.57881
4.475 -0.00700704 -1.57725
4.476 -0.00858335 -1.5753
4.477 -0.0101575 -1.57296
4.478 -0.0117291 -1.57023
4.479 -0.0132978 -1.5671
4.48 -0.0148632 -1.56358
4.481 -0.0164249 -1.55967
4.482 -0.0179824 -1.55536
4.483 -0.0195355 -1.55067
4.484 -0.0210836 -1.5456
4.485 -0.0226265 -1.54013
4.486 -0.0241638 -1.53428
4.487 -0.025695 -1.52805
4.488 -0.0272197 -1.52144
4.489 -0.0287377 -1.51444
4.49 -0.0302485 -1.50707
4.491 -0.0317517 -1.49932
4.492 -0.033247 -1.49119
4.493 -0.034734 -1.4827
4.494 -0.0362123 -1.47383
4.495 -0.0376815 -1.46459
4.496 -0.0391413 -1.45499
4.497 -0.0405914 -1.44502
4.498 -0.0420313 -1.43469
4.499 -0.0434606 -1.42401
4.5 -0.0448792 -1.41296
4.501 -0.0462865 -1.40157
4.502 -0.0476822 -1.38982
4.503 -0.049066 -1.37773
4.504 -0.0504375 -1.36529
4.505 -0.0517964 -1.35251
4.506 -0.0531424 -1.33939
4.507 -0.0544751 -1.32594
4.508 -0.0557942 -1.31216
4.509 -0.0570993 -1.29804
4.51 -0.0583902 -1.28361
4.511 -0.0596664 -1.26885
4.512 -0.0609278 -1.25378
4.513 -0.0621739 -1.23839
4.514 -0.0634044 -1.22269
4.515 -0.0646191 -1.20669
4.516 -0.0658177 -1.19038
4.517 -0.0669998 -1.17378
4.518 -0.0681652 -1.15688
4.519 -0.0693135 -1.1397
4.52 -0.0704445 -1.12223
4.521 -0.0715578 -1.10448
4.522 -0.0726533 -1.08645
4.523 -0.0737306 -1.06815
4.524 -0.0747895 -1.04959
4.525 -0.0758297 -1.03076
4.526 -0.076851 -1.01167
4.527 -0.077853 -0.992335
4.528 -0.0788356 -0.972748
4.529 -0.0797984 -0.952918
4.53 -0.0807413 -0.93285
4.531 -0.081664 -0.912549
4.532 -0.0825663 -0.89202
4.533 -0.083448 -0.871268
4.534 -0.0843088 -0.850298
4.535 -0.0851485 -0.829115
4.536 -0.085967 -0.807725
4.537 -0.0867639 -0.786134
4.538 -0.0875392 -0.764345
4.539 -0.0882925 -0.742366
4.54 -0.0890238 -0.720201
4.541 -0.0897329 -0.697856
4.542 -0.0904195 -0.675336
4.543 -0.0910835 -0.652648
4.544 -0.0917247 -0.629796
4.545 -0.092343 -0.606787
4.546 -0.0929383 -0.583627
4.547 -0.0935102 -0.56032
4.548 -0.0940588 -0.536874
4.549 -0.0945839 -0.513293
4.55 -0.0950854 -0.489584
4.551 -0.0955631 -0.465752
4.552 -0.0960169 -0.441804
4.553 -0.0964466 -0.417746
4.554 -0.0968523 -0.393583
4.555 -0.0972338 -0.369322
4.556 -0.0975909 -0.344968
4.557 -0.0979237 -0.320528
4.558 -0.098232 -0.296008
4.559 -0.0985157 -0.271414
4.56 -0.0987748 -0.246752
4.561 -0.0990092 -0.222029
4.562 -0.0992188 -0.19725
4.563 -0.0994036 -0.172422
4.564 -0.0995636 -0.14755
4.565 -0.0996987 -0.122642
4.566 -0.0998089 -0.0977028
4.567 -0.0998941 -0.0727394
4.568 -0.0999544 -0.0477579
4.569 -0.0999896 -0.0227643
4.57 -0.0999999 0.00223488
4.571 -0.0999852 0.0272335
4.572 -0.0999454 0.0522254
4.573 -0.0998807 0.0772042
4.574 -0.099791 0.102164
4.575 -0.0996764 0.127098
4.576 -0.0995368 0.152
4.577 -0.0993724 0.176864
4.578 -0.0991831 0.201684
4.579 -0.0989691 0.226453
4.58 -0.0987302 0.251166
4.581 -0.0984668 0.275817
4.582 -0.0981786 0.300398
4.583 -0.097866 0.324904
4.584 -0.0975289 0.349329
4.585 -0.0971674 0.373666
4.586 -0.0967816 0.39791
4.587 -0.0963716 0.422055
4.588 -0.0959375 0.446094
4.589 -0.0954794 0.470022
4.59 -0.0949975 0.493832
4.591 -0.0944918 0.517518
4.592 -0.0939625 0.541076
4.593 -0.0934097 0.564498
4.594 -0.0928335 0.587779
4.595 -0.0922342 0.610913
4.596 -0.0916118 0.633894
4.597 -0.0909664 0.656717
4.598 -0.0902984 0.679375
4.599 -0.0896077 0.701864
4.6 -0.0888947 0.724177
4.601 -0.0881595 0.746309
4.602 -0.0874022 0.768255
4.603 -0.086623 0.790009
4.604 -0.0858222 0.811565
4.605 -0.0849999 0.832918
4.606 -0.0841564 0.854063
4.607 -0.0832919 0.874994
4.608 -0.0824065 0.895707
4.609 -0.0815006 0.916196
4.61 -0.0805742 0.936456
4.611 -0.0796277 0.956481
4.612 -0.0786613 0.976268
4.613 -0.0776753 0.99581
4.614 -0.0766698 1.0151
4.615 -0.0756451 1.03414
4.616 -0.0746016 1.05292
4.617 -0.0735394 1.07144
4.618 -0.0724588 1.08969
4.619 -0.0713601 1.10767
4.62 -0.0702435 1.12537
4.621 -0.0691094 1.14279
4.622 -0.0679581 1.15992
4.623 -0.0667897 1.17677
4.624 -0.0656046 1.19332
4.625 -0.0644031 1.20957
4.626 -0.0631856 1.22552
4.627 -0.0619522 1.24116
4.628 -0.0607034 1.25649
4.629 -0.0594393 1.27151
4.63 -0.0581604 1.28621
4.631 -0.056867 1.30059
4.632 -0.0555594 1.31464
4.633 -0.0542378 1.32837
4.634 -0.0529027 1.34176
4.635 -0.0515544 1.35482
4.636 -0.0501932 1.36754
4.637 -0.0488195 1.37991
4.638 -0.0474335 1.39195
4.639 -0.0460357 1.40363
4.64 -0.0446264 1.41496
4.641 -0.0432059 1.42594
4.642 -0.0417746 1.43657
4.643 -0.0403329 1.44683
4.644 -0.038881 1.45673
4.645 -0.0374195 1.46627
4.646 -0.0359486 1.47544
4.647 -0.0344688 1.48424
4.648 -0.0329803 1.49267
4.649 -0.0314835 1.50073
4.65 -0.0299789 1.50842
4.651 -0.0284668 1.51572
4.652 -0.0269476 1.52265
4.653 -0.0254217 1.52919
4.654 -0.0238894 1.53536
4.655 -0.0223511 1.54114
4.656 -0.0208072 1.54653
4.657 -0.0192581 1.55154
4.658 -0.0177043 1.55616
4.659 -0.0161459 1.56039
4.66 -0.0145836 1.56423
4.661 -0.0130176 1.56768
4.662 -0.0114484 1.57074
4.663 -0.00987625 1.57341
4.664 -0.00830167 1.57568
4.665 -0.00672502 1.57756
4.666 -0.00514668 1.57904
4.667 -0.00356706 1.58013
4.668 -0.00198655 1.58083
4.669 -0.000405541 1.58113
4.67 0.00117557 1.58103
4.671 0.00275639 1.58054
4.672 0.00433651 1.57965
4.673 0.00591556 1.57837
4.674 0.00749312 1.57669
4.675 0.00906881 1.57462
4.676 0.0106422 1.57216
4.677 0.012213 1.5693
4.678 0.0137807 1.56605
4.679 0.015345 1.56241
4.68 0.0169054 1.55838
4.681 0.0184616 1.55396
4.682 0.0200132 1.54915
4.683 0.0215598 1.54395
4.684 0.023101 1.53837
4.685 0.0246364 1.5324
4.686 0.0261657 1.52605
4.687 0.0276884 1.51932
4.688 0.0292042 1.51221
4.689 0.0307127 1.50472
4.69 0.0322135 1.49685
4.691 0.0337063 1.48861
4.692 0.0351906 1.48
4.693 0.0366661 1.47102
4.694 0.0381325 1.46167
4.695 0.0395894 1.45195
4.696 0.0410363 1.44188
4.697 0.042473 1.43144
4.698 0.0438991 1.42064
4.699 0.0453141 1.40949
4.7 0.0467179 1.39798
4.701 0.04811 1.38613
4.702 0.0494901 1.37393
4.703 0.0508577 1.36139
4.704 0.0522127 1.3485
4.705 0.0535546 1.33528
4.706 0.0548832 1.32173
4.707 0.056198 1.30784
4.708 0.0574987 1.29363
4.709 0.0587851 1.27909
4.71 0.0600568 1.26424
4.711 0.0613135 1.24907
4.712 0.0625548 1.23358
4.713 0.0637806 1.21779
4.714 0.0649903 1.20169
4.715 0.0661838 1.1853
4.716 0.0673608 1.1686
4.717 0.0685209 1.15162
4.718 0.0696639 1.13434
4.719 0.0707895 1.11679
4.72 0.0718974 1.09895
4.721 0.0729873 1.08084
4.722 0.074059 1.06246
4.723 0.0751122 1.04381
4.724 0.0761465 1.0249
4.725 0.0771619 1.00574
4.726 0.0781579 0.986324
4.727 0.0791345 0.966662
4.728 0.0800912 0.946758
4.729 0.0810279 0.926618
4.73 0.0819443 0.906246
4.731 0.0828403 0.885647
4.732 0.0837156 0.864827
4.733 0.0845699 0.843791
4.734 0.0854031 0.822544
4.735 0.0862149 0.801091
4.736 0.0870052 0.779438
4.737 0.0877737 0.757591
4.738 0.0885203 0.735553
4.739 0.0892448 0.713332
4.74 0.0899469 0.690933
4.741 0.0906266 0.668361
4.742 0.0912836 0.645621
4.743 0.0919178 0.622721
4.744 0.092529 0.599664
4.745 0.093117 0.576458
4.746 0.0936818 0.553108
4.747 0.0942232 0.529619
4.748 0.094741 0.505998
4.749 0.0952352 0.482251
4.75 0.0957055 0.458383
4.751 0.0961519 0.4344
4.752 0.0965743 0.410309
4.753 0.0969725 0.386115
4.754 0.0973465 0.361824
4.755 0.0976961 0.337444
4.756 0.0980213 0.312978
4.757 0.098322 0.288435
4.758 0.0985982 0.26382
4.759 0.0988496 0.239138
4.76 0.0990764 0.214397
4.761 0.0992784 0.189602
4.762 0.0994556 0.16476
4.763 0.0996079 0.139876
4.764 0.0997353 0.114958
4.765 0.0998378 0.0900106
4.766 0.0999154 0.0650409
4.767 0.0999679 0.040055
4.768 0.0999955 0.015059
4.769 0.099998 -0.00994068
4.77 0.0999756 -0.0349379
4.771 0.0999282 -0.0599264
4.772 0.0998557 -0.0848999
4.773 0.0997584 -0.109852
4.774 0.099636 -0.134777
4.775 0.0994888 -0.159668
4.776 0.0993167 -0.184519
4.777 0.0991198 -0.209324
4.778 0.0988981 -0.234077
4.779 0.0986517 -0.258771
4.78 0.0983806 -0.283401
4.781 0.0980849 -0.30796
4.782 0.0977647 -0.332441
4.783 0.09742 -0.35684
4.784 0.097051 -0.381149
4.785 0.0966578 -0.405363
4.786 0.0962403 -0.429476
4.787 0.0957988 -0.453482
4.788 0.0953334 -0.477374
4.789 0.0948441 -0.501146
4.79 0.0943312 -0.524794
4.791 0.0937946 -0.54831
4.792 0.0932346 -0.571689
4.793 0.0926513 -0.594925
4.794 0.0920448 -0.618013
4.795 0.0914153 -0.640946
4.796 0.0907629 -0.663718
4.797 0.0900879 -0.686325
4.798 0.0893903 -0.708761
4.799 0.0886704 -0.731019
4.8 0.0879284 -0.753094
4.801 0.0871643 -0.774981
4.802 0.0863785 -0.796674
4.803 0.085571 -0.818168
4.804 0.0847422 -0.839458
4.805 0.0838922 -0.860538
4.806 0.0830212 -0.881402
4.807 0.0821295 -0.902047
4.808 0.0812172 -0.922465
4.809 0.0802846 -0.942654
4.81 0.079332 -0.962606
4.811 0.0783595 -0.982318
4.812 0.0773674 -1.00178
4.813 0.076356 -1.021
4.814 0.0753255 -1.03996
4.815 0.0742762 -1.05866
4.816 0.0732083 -1.0771
4.817 0.072122 -1.09526
4.818 0.0710178 -1.11316
4.819 0.0698958 -1.13077
4.82 0.0687564 -1.1481
4.821 0.0675997 -1.16515
4.822 0.0664262 -1.1819
4.823 0.065236 -1.19836
4.824 0.0640295 -1.21452
4.825 0.0628071 -1.23037
4.826 0.0615689 -1.24592
4.827 0.0603153 -1.26116
4.828 0.0590467 -1.27608
4.829 0.0577633 -1.29068
4.83 0.0564654 -1.30496
4.831 0.0551535 -1.31891
4.832 0.0538277 -1.33253
4.833 0.0524885 -1.34582
4.834 0.0511362 -1.35878
4.835 0.0497711 -1.37139
4.836 0.0483935 -1.38366
4.837 0.0470039 -1.39559
4.838 0.0456025 -1.40716
4.839 0.0441897 -1.41839
4.84 0.0427658 -1.42926
4.841 0.0413313 -1.43977
4.842 0.0398864 -1.44992
4.843 0.0384316 -1.45971
4.844 0.0369671 -1.46914
4.845 0.0354934 -1.47819
4.846 0.0340109 -1.48688
4.847 0.0325198 -1.4952
4.848 0.0310206 -1.50314
4.849 0.0295136 -1.51071
4.85 0.0279993 -1.5179
4.851 0.026478 -1.52471
4.852 0.02495 -1.53113
4.853 0.0234158 -1.53718
4.854 0.0218758 -1.54284
4.855 0.0203303 -1.54812
4.856 0.0187797 -1.55301
4.857 0.0172244 -1.55751
4.858 0.0156648 -1.56162
4.859 0.0141013 -1.56534
4.86 0.0125342 -1.56867
4.861 0.0109641 -1.57161
4.862 0.00939115 -1.57415
4.863 0.00781589 -1.5763
4.864 0.00623868 -1.57806
4.865 0.00465991 -1.57942
4.866 0.00307997 -1.58039
4.867 0.00149926 -1.58096
4.868 -8.18195e-05 -1.58114
4.869 -0.00166288 -1.58092
4.87 -0.00324353 -1.58031
4.871 -0.00482336 -1.5793
4.872 -0.00640199 -1.5779
4.873 -0.00797902 -1.5761
4.874 -0.00955406 -1.57391
4.875 -0.0111267 -1.57132
4.876 -0.0126966 -1.56834
4.877 -0.0142633 -1.56497
4.878 -0.0158264 -1.56121
4.879 -0.0173856 -1.55706
4.88 -0.0189404 -1.55252
4.881 -0.0204905 -1.54759
4.882 -0.0220354 -1.54227
4.883 -0.0235749 -1.53657
4.884 -0.0251084 -1.53049
4.885 -0.0266357 -1.52402
4.886 -0.0281564 -1.51717
4.887 -0.0296699 -1.50994
4.888 -0.0311761 -1.50234
4.889 -0.0326745 -1.49435
4.89 -0.0341647 -1.486
4.891 -0.0356464 -1.47727
4.892 -0.0371191 -1.46818
4.893 -0.0385826 -1.45871
4.894 -0.0400364 -1.44889
4.895 -0.0414802 -1.4387
4.896 -0.0429137 -1.42815
4.897 -0.0443364 -1.41724
4.898 -0.0457481 -1.40598
4.899 -0.0471483 -1.39437
4.9 -0.0485367 -1.38241
4.901 -0.049913 -1.3701
4.902 -0.0512768 -1.35745
4.903 -0.0526277 -1.34446
4.904 -0.0539656 -1.33114
4.905 -0.0552899 -1.31748
4.906 -0.0566004 -1.30349
4.907 -0.0578968 -1.28918
4.908 -0.0591787 -1.27455
4.909 -0.0604458 -1.25959
4.91 -0.0616978 -1.24433
4.911 -0.0629343 -1.22875
4.912 -0.0641552 -1.21286
4.913 -0.0653599 -1.19667
4.914 -0.0665484 -1.18018
4.915 -0.0677202 -1.1634
4.916 -0.0688751 -1.14632
4.917 -0.0700128 -1.12896
4.918 -0.0711329 -1.11132
4.919 -0.0722353 -1.0934
4.92 -0.0733196 -1.0752
4.921 -0.0743856 -1.05674
4.922 -0.075433 -1.03801
4.923 -0.0764616 -1.01902
4.924 -0.077471 -0.999781
4.925 -0.078461 -0.980289
4.926 -0.0794315 -0.960552
4.927 -0.0803821 -0.940575
4.928 -0.0813125 -0.920363
4.929 -0.0822227 -0.89992
4.93 -0.0831123 -0.879253
4.931 -0.0839811 -0.858366
4.932 -0.084829 -0.837264
4.933 -0.0856556 -0.815953
4.934 -0.0864608 -0.794438
4.935 -0.0872444 -0.772725
4.936 -0.0880062 -0.750818
4.937 -0.088746 -0.728723
4.938 -0.0894636 -0.706447
4.939 -0.0901588 -0.683993
4.94 -0.0908315 -0.661369
4.941 -0.0914815 -0.63858
4.942 -0.0921086 -0.61563
4.943 -0.0927127 -0.592527
4.944 -0.0932936 -0.569276
4.945 -0.0938512 -0.545882
4.946 -0.0943853 -0.522352
4.947 -0.0948959 -0.498692
4.948 -0.0953827 -0.474906
4.949 -0.0958456 -0.451002
4.95 -0.0962846 -0.426986
4.951 -0.0966996 -0.402862
4.952 -0.0970903 -0.378638
4.953 -0.0974568 -0.354319
4.954 -0.0977989 -0.329911
4.955 -0.0981166 -0.305421
4.956 -0.0984098 -0.280855
4.957 -0.0986783 -0.256219
4.958 -0.0989222 -0.231518
4.959 -0.0991413 -0.20676
4.96 -0.0993357 -0.181949
4.961 -0.0995052 -0.157094
4.962 -0.0996499 -0.132199
4.963 -0.0997696 -0.107271
4.964 -0.0998644 -0.0823162
4.965 -0.0999342 -0.0573408
4.966 -0.0999791 -0.0323511
4.967 -0.0999989 -0.00735336
4.968 -0.0999938 0.0176462
4.969 -0.0999636 0.0426414
4.97 -0.0999085 0.067626
4.971 -0.0998284 0.0925936
4.972 -0.0997233 0.117538
4.973 -0.0995933 0.142453
4.974 -0.0994384 0.167333
4.975 -0.0992587 0.19217
4.976 -0.0990541 0.21696
4.977 -0.0988248 0.241695
4.978 -0.0985707 0.26637
4.979 -0.098292 0.290979
4.98 -0.0979888 0.315514
4.981 -0.097661 0.339971
4.982 -0.0973089 0.364343
4.983 -0.0969324 0.388623
4.984 -0.0965317 0.412807
4.985 -0.0961068 0.436887
4.986 -0.0956579 0.460858
4.987 -0.0951851 0.484714
4.988 -0.0946885 0.508449
4.989 -0.0941683 0.532056
4.99 -0.0936245 0.555531
4.991 -0.0930573 0.578867
4.992 -0.0924668 0.602058
4.993 -0.0918532 0.625098
4.994 -0.0912166 0.647982
4.995 -0.0905573 0.670705
4.996 -0.0898753 0.693259
4.997 -0.0891708 0.71564
4.998 -0.0884441 0.737843
4.999 -0.0876952 0.759861
