0 0.099975 -0.025
0.001 0.099925 -0.0499918
0.002 0.09985 -0.074969
0.003 0.0997501 -0.0999255
0.004 0.0996253 -0.124855
0.005 0.0994755 -0.149751
0.006 0.0993009 -0.174608
0.007 0.0991015 -0.19942
0.008 0.0988773 -0.224179
0.009 0.0986284 -0.24888
0.01 0.0983549 -0.273518
0.011 0.0980568 -0.298084
0.012 0.0977342 -0.322575
0.013 0.0973873 -0.346982
0.014 0.097016 -0.371302
0.015 0.0966204 -0.395526
0.016 0.0962008 -0.419649
0.017 0.0957571 -0.443666
0.018 0.0952895 -0.46757
0.019 0.0947982 -0.491355
0.02 0.0942832 -0.515015
0.021 0.0937446 -0.538545
0.022 0.0931827 -0.561938
0.023 0.0925975 -0.585188
0.024 0.0919892 -0.608291
0.025 0.091358 -0.63124
0.026 0.0907039 -0.654029
0.027 0.0900273 -0.676652
0.028 0.0893282 -0.699105
0.029 0.0886068 -0.721381
0.03 0.0878633 -0.743475
0.031 0.087098 -0.765381
0.032 0.0863109 -0.787095
0.033 0.0855023 -0.808609
0.034 0.0846723 -0.82992
0.035 0.0838213 -0.851022
0.036 0.0829494 -0.871909
0.037 0.0820568 -0.892577
0.038 0.0811438 -0.91302
0.039 0.0802106 -0.933232
0.04 0.0792574 -0.95321
0.041 0.0782844 -0.972949
0.042 0.077292 -0.992442
0.043 0.0762803 -1.01169
0.044 0.0752496 -1.03067
0.045 0.0742002 -1.0494
0.046 0.0731323 -1.06787
0.047 0.0720463 -1.08607
0.048 0.0709423 -1.10399
0.049 0.0698206 -1.12164
0.05 0.0686816 -1.13901
0.051 0.0675255 -1.15608
0.052 0.0663527 -1.17287
0.053 0.0651633 -1.18937
0.054 0.0639577 -1.20556
0.055 0.0627363 -1.22146
0.056 0.0614992 -1.23704
0.057 0.0602469 -1.25232
0.058 0.0589796 -1.26728
0.059 0.0576977 -1.28192
0.06 0.0564015 -1.29625
0.061 0.0550912 -1.31024
0.062 0.0537673 -1.32391
0.063 0.0524301 -1.33725
0.064 0.0510798 -1.35025
0.065 0.0497169 -1.36291
0.066 0.0483417 -1.37523
0.067 0.0469545 -1.3872
0.068 0.0455556 -1.39883
0.069 0.0441455 -1.41011
0.07 0.0427245 -1.42103
0.071 0.0412929 -1.4316
0.072 0.0398511 -1.44181
0.073 0.0383994 -1.45166
0.074 0.0369383 -1.46114
0.075 0.035468 -1.47026
0.076 0.033989 -1.47901
0.077 0.0325016 -1.48739
0.078 0.0310063 -1.49539
0.079 0.0295032 -1.50302
0.08 0.027993 -1.51028
0.081 0.0264758 -1.51716
0.082 0.0249521 -1.52366
0.083 0.0234224 -1.52977
0.084 0.0218869 -1.5355
0.085 0.020346 -1.54085
0.086 0.0188002 -1.54582
0.087 0.0172498 -1.55039
0.088 0.0156952 -1.55458
0.089 0.0141368 -1.55838
0.09 0.012575 -1.56179
0.091 0.0110102 -1.56481
0.092 0.0094428 -1.56744
0.093 0.00787313 -1.56967
0.094 0.00630162 -1.57151
0.095 0.00472865 -1.57296
0.096 0.00315463 -1.57402
0.097 0.00157995 -1.57468
0.098 4.9969e-06 -1.57495
0.099 -0.00156983 -1.57483
0.1 -0.00314414 -1.57431
0.101 -0.00471754 -1.5734
0.102 -0.00628963 -1.57209
0.103 -0.00786002 -1.57039
0.104 -0.00942833 -1.5683
0.105 -0.0109941 -1.56582
0.106 -0.0125571 -1.56295
0.107 -0.0141168 -1.55968
0.108 -0.0156728 -1.55603
0.109 -0.0172248 -1.55199
0.11 -0.0187723 -1.54756
0.111 -0.0203151 -1.54274
0.112 -0.0218526 -1.53754
0.113 -0.0233846 -1.53195
0.114 -0.0249106 -1.52598
0.115 -0.0264302 -1.51963
0.116 -0.0279431 -1.5129
0.117 -0.0294489 -1.5058
0.118 -0.0309472 -1.49831
0.119 -0.0324376 -1.49046
0.12 -0.0339199 -1.48223
0.121 -0.0353935 -1.47363
0.122 -0.0368582 -1.46466
0.123 -0.0383135 -1.45533
0.124 -0.0397591 -1.44564
0.125 -0.0411947 -1.43558
0.126 -0.0426199 -1.42517
0.127 -0.0440343 -1.4144
0.128 -0.0454376 -1.40328
0.129 -0.0468294 -1.39181
0.13 -0.0482094 -1.37999
0.131 -0.0495772 -1.36782
0.132 -0.0509325 -1.35532
0.133 -0.052275 -1.34248
0.134 -0.0536043 -1.3293
0.135 -0.0549201 -1.31579
0.136 -0.056222 -1.30196
0.137 -0.0575098 -1.2878
0.138 -0.0587832 -1.27332
0.139 -0.0600417 -1.25852
0.14 -0.0612851 -1.24341
0.141 -0.0625131 -1.22799
0.142 -0.0637253 -1.21226
0.143 -0.0649216 -1.19624
0.144 -0.0661015 -1.17991
0.145 -0.0672648 -1.16329
0.146 -0.0684111 -1.14638
0.147 -0.0695403 -1.12919
0.148 -0.070652 -1.11171
0.149 -0.071746 -1.09396
0.15 -0.0728219 -1.07593
0.151 -0.0738796 -1.05764
0.152 -0.0749187 -1.03909
0.153 -0.0759389 -1.02028
0.154 -0.0769402 -1.00121
0.155 -0.077922 -0.981894
0.156 -0.0788844 -0.962335
0.157 -0.0798269 -0.942537
0.158 -0.0807494 -0.922504
0.159 -0.0816517 -0.902243
0.16 -0.0825334 -0.881758
0.161 -0.0833945 -0.861054
0.162 -0.0842346 -0.840137
0.163 -0.0850536 -0.819011
0.164 -0.0858513 -0.797682
0.165 -0.0866275 -0.776155
0.166 -0.0873819 -0.754436
0.167 -0.0881144 -0.732531
0.168 -0.0888249 -0.710443
0.169 -0.0895131 -0.68818
0.17 -0.0901788 -0.665747
0.171 -0.0908219 -0.643149
0.172 -0.0914423 -0.620392
0.173 -0.0920398 -0.597482
0.174 -0.0926142 -0.574424
0.175 -0.0931655 -0.551225
0.176 -0.0936934 -0.527889
0.177 -0.0941978 -0.504424
0.178 -0.0946786 -0.480834
0.179 -0.0951357 -0.457126
0.18 -0.0955691 -0.433305
0.181 -0.0959784 -0.409378
0.182 -0.0963638 -0.385351
0.183 -0.096725 -0.361229
0.184 -0.097062 -0.337019
0.185 -0.0973748 -0.312727
0.186 -0.0976631 -0.288358
0.187 -0.097927 -0.263919
0.188 -0.0981664 -0.239416
0.189 -0.0983813 -0.214855
0.19 -0.0985715 -0.190243
0.191 -0.0987371 -0.165585
0.192 -0.098878 -0.140887
0.193 -0.0989942 -0.116156
0.194 -0.0990856 -0.0913986
0.195 -0.0991522 -0.0666199
0.196 -0.099194 -0.0418265
0.197 -0.099211 -0.0170246
0.198 -0.0992033 0.0077795
0.199 -0.0991707 0.0325797
0.2 -0.0991133 0.0573698
0.201 -0.0990312 0.0821435
0.202 -0.0989243 0.106895
0.203 -0.0987927 0.131617
0.204 -0.0986364 0.156305
0.205 -0.0984554 0.180951
0.206 -0.0982499 0.205551
0.207 -0.0980198 0.230097
0.208 -0.0977652 0.254583
0.209 -0.0974862 0.279004
0.21 -0.0971828 0.303354
0.211 -0.0968552 0.327625
0.212 -0.0965034 0.351813
0.213 -0.0961275 0.37591
0.214 -0.0957276 0.399912
0.215 -0.0953037 0.423812
0.216 -0.0948561 0.447604
0.217 -0.0943849 0.471282
0.218 -0.09389 0.494841
0.219 -0.0933717 0.518274
0.22 -0.0928302 0.541575
0.221 -0.0922654 0.564739
0.222 -0.0916777 0.58776
0.223 -0.091067 0.610633
0.224 -0.0904337 0.633351
0.225 -0.0897778 0.655909
0.226 -0.0890995 0.678301
0.227 -0.088399 0.700521
0.228 -0.0876764 0.722565
0.229 -0.086932 0.744426
0.23 -0.0861659 0.7661
0.231 -0.0853783 0.78758
0.232 -0.0845694 0.808861
0.233 -0.0837395 0.829939
0.234 -0.0828887 0.850807
0.235 -0.0820172 0.871462
0.236 -0.0811253 0.891896
0.237 -0.0802132 0.912106
0.238 -0.0792811 0.932086
0.239 -0.0783293 0.951832
0.24 -0.077358 0.971338
0.241 -0.0763674 0.9906
0.242 -0.0753577 1.00961
0.243 -0.0743294 1.02837
0.244 -0.0732825 1.04687
0.245 -0.0722174 1.06511
0.246 -0.0711343 1.08308
0.247 -0.0700335 1.10077
0.248 -0.0689153 1.11819
0.249 -0.06778 1.13533
0.25 -0.0666278 1.15219
0.251 -0.0654591 1.16875
0.252 -0.064274 1.18502
0.253 -0.063073 1.201
0.254 -0.0618564 1.21667
0.255 -0.0606243 1.23204
0.256 -0.0593772 1.24709
0.257 -0.0581154 1.26184
0.258 -0.0568391 1.27627
0.259 -0.0555488 1.29037
0.26 -0.0542446 1.30416
0.261 -0.052927 1.31762
0.262 -0.0515962 1.33074
0.263 -0.0502527 1.34353
0.264 -0.0488967 1.35599
0.265 -0.0475286 1.36811
0.266 -0.0461487 1.37988
0.267 -0.0447574 1.39131
0.268 -0.0433551 1.40238
0.269 -0.0419419 1.41311
0.27 -0.0405185 1.42348
0.271 -0.039085 1.4335
0.272 -0.0376418 1.44315
0.273 -0.0361894 1.45245
0.274 -0.034728 1.46138
0.275 -0.033258 1.46995
0.276 -0.0317799 1.47814
0.277 -0.0302939 1.48597
0.278 -0.0288005 1.49342
0.279 -0.0273 1.5005
0.28 -0.0257928 1.50721
0.281 -0.0242792 1.51354
0.282 -0.0227598 1.51949
0.283 -0.0212347 1.52505
0.284 -0.0197045 1.53024
0.285 -0.0181694 1.53504
0.286 -0.01663 1.53946
0.287 -0.0150865 1.5435
0.288 -0.0135393 1.54715
0.289 -0.0119889 1.55041
0.29 -0.0104356 1.55328
0.291 -0.00887985 1.55577
0.292 -0.00732199 1.55786
0.293 -0.00576242 1.55957
0.294 -0.00420154 1.56088
0.295 -0.00263973 1.56181
0.296 -0.00107739 1.56234
0.297 0.000485097 1.56249
0.298 0.00204734 1.56224
0.299 0.00360894 1.5616
0.3 0.00516952 1.56058
0.301 0.00672868 1.55916
0.302 0.00828603 1.55735
0.303 0.00984119 1.55516
0.304 0.0113938 1.55257
0.305 0.0129434 1.5496
0.306 0.0144896 1.54624
0.307 0.0160321 1.54249
0.308 0.0175705 1.53836
0.309 0.0191043 1.53385
0.31 0.0206333 1.52895
0.311 0.0221569 1.52367
0.312 0.0236749 1.51801
0.313 0.0251869 1.51197
0.314 0.0266924 1.50555
0.315 0.0281912 1.49875
0.316 0.0296828 1.49159
0.317 0.0311668 1.48405
0.318 0.032643 1.47614
0.319 0.0341108 1.46786
0.32 0.03557 1.45921
0.321 0.0370202 1.4502
0.322 0.0384611 1.44083
0.323 0.0398922 1.4311
0.324 0.0413132 1.42101
0.325 0.0427238 1.41057
0.326 0.0441235 1.39978
0.327 0.0455122 1.38864
0.328 0.0468893 1.37715
0.329 0.0482546 1.36531
0.33 0.0496078 1.35314
0.331 0.0509484 1.34063
0.332 0.0522762 1.32779
0.333 0.0535908 1.31461
0.334 0.0548919 1.30111
0.335 0.0561792 1.28728
0.336 0.0574523 1.27313
0.337 0.058711 1.25867
0.338 0.0599549 1.24389
0.339 0.0611837 1.2288
0.34 0.0623971 1.21341
0.341 0.0635948 1.19771
0.342 0.0647765 1.18172
0.343 0.065942 1.16543
0.344 0.0670908 1.14885
0.345 0.0682228 1.13198
0.346 0.0693376 1.11484
0.347 0.070435 1.09742
0.348 0.0715148 1.07972
0.349 0.0725765 1.06175
0.35 0.07362 1.04352
0.351 0.0746451 1.02504
0.352 0.0756514 1.00629
0.353 0.0766387 0.987299
0.354 0.0776067 0.968061
0.355 0.0785553 0.948582
0.356 0.0794842 0.928867
0.357 0.0803931 0.908921
0.358 0.0812819 0.88875
0.359 0.0821502 0.868359
0.36 0.082998 0.847752
0.361 0.0838249 0.826935
0.362 0.0846308 0.805912
0.363 0.0854155 0.78469
0.364 0.0861788 0.763273
0.365 0.0869204 0.741668
0.366 0.0876403 0.719878
0.367 0.0883382 0.69791
0.368 0.089014 0.67577
0.369 0.0896675 0.653463
0.37 0.0902985 0.630993
0.371 0.0909068 0.608368
0.372 0.0914924 0.585593
0.373 0.0920551 0.562673
0.374 0.0925947 0.539614
0.375 0.0931111 0.516422
0.376 0.0936042 0.493103
0.377 0.0940739 0.469663
0.378 0.09452 0.446107
0.379 0.0949424 0.422441
0.38 0.0953411 0.398672
0.381 0.0957159 0.374804
0.382 0.0960668 0.350845
0.383 0.0963936 0.326801
0.384 0.0966962 0.302676
0.385 0.0969747 0.278478
0.386 0.0972289 0.254212
0.387 0.0974588 0.229884
0.388 0.0976643 0.205501
0.389 0.0978454 0.181069
0.39 0.098002 0.156593
0.391 0.0981341 0.13208
0.392 0.0982416 0.107536
0.393 0.0983246 0.0829668
0.394 0.0983829 0.058379
0.395 0.0984167 0.0337786
0.396 0.0984259 0.00917176
0.397 0.0984105 -0.0154354
0.398 0.0983704 -0.0400368
0.399 0.0983058 -0.0646262
0.4 0.0982166 -0.0891975
0.401 0.0981028 -0.113745
0.402 0.0979646 -0.138261
0.403 0.0978018 -0.162741
0.404 0.0976147 -0.187179
0.405 0.0974031 -0.211567
0.406 0.0971672 -0.235901
0.407 0.096907 -0.260174
0.408 0.0966226 -0.28438
0.409 0.0963141 -0.308513
0.41 0.0959816 -0.332567
0.411 0.095625 -0.356536
0.412 0.0952446 -0.380413
0.413 0.0948404 -0.404194
0.414 0.0944126 -0.427872
0.415 0.0939611 -0.451441
0.416 0.0934862 -0.474895
0.417 0.092988 -0.498228
0.418 0.0924666 -0.521436
0.419 0.091922 -0.544511
0.42 0.0913546 -0.567447
0.421 0.0907644 -0.590241
0.422 0.0901515 -0.612885
0.423 0.0895161 -0.635373
0.424 0.0888584 -0.657702
0.425 0.0881785 -0.679864
0.426 0.0874767 -0.701854
0.427 0.086753 -0.723667
0.428 0.0860077 -0.745297
0.429 0.085241 -0.76674
0.43 0.084453 -0.787988
0.431 0.0836439 -0.809039
0.432 0.0828141 -0.829885
0.433 0.0819635 -0.850522
0.434 0.0810926 -0.870945
0.435 0.0802014 -0.891148
0.436 0.0792903 -0.911127
0.437 0.0783594 -0.930877
0.438 0.077409 -0.950392
0.439 0.0764394 -0.969669
0.44 0.0754507 -0.988701
0.441 0.0744432 -1.00748
0.442 0.0734172 -1.02601
0.443 0.0723729 -1.04429
0.444 0.0713106 -1.0623
0.445 0.0702306 -1.08004
0.446 0.069133 -1.09751
0.447 0.0680183 -1.11471
0.448 0.0668867 -1.13162
0.449 0.0657385 -1.14825
0.45 0.0645739 -1.1646
0.451 0.0633932 -1.18065
0.452 0.0621968 -1.1964
0.453 0.060985 -1.21185
0.454 0.059758 -1.227
0.455 0.0585161 -1.24184
0.456 0.0572598 -1.25637
0.457 0.0559892 -1.27059
0.458 0.0547047 -1.28448
0.459 0.0534066 -1.29806
0.46 0.0520953 -1.3113
0.461 0.0507711 -1.32422
0.462 0.0494343 -1.33681
0.463 0.0480852 -1.34906
0.464 0.0467242 -1.36098
0.465 0.0453517 -1.37255
0.466 0.0439679 -1.38378
0.467 0.0425733 -1.39466
0.468 0.0411681 -1.40519
0.469 0.0397527 -1.41537
0.47 0.0383275 -1.42519
0.471 0.0368929 -1.43466
0.472 0.0354491 -1.44377
0.473 0.0339966 -1.45252
0.474 0.0325357 -1.4609
0.475 0.0310668 -1.46892
0.476 0.0295902 -1.47657
0.477 0.0281063 -1.48384
0.478 0.0266156 -1.49075
0.479 0.0251183 -1.49729
0.48 0.0236149 -1.50345
0.481 0.0221056 -1.50923
0.482 0.020591 -1.51464
0.483 0.0190713 -1.51966
0.484 0.017547 -1.52431
0.485 0.0160184 -1.52857
0.486 0.014486 -1.53246
0.487 0.01295 -1.53596
0.488 0.011411 -1.53907
0.489 0.00986916 -1.5418
0.49 0.00832502 -1.54414
0.491 0.00677892 -1.5461
0.492 0.00523125 -1.54767
0.493 0.00368239 -1.54886
0.494 0.00213274 -1.54965
0.495 0.000582675 -1.55006
0.496 -0.000967408 -1.55008
0.497 -0.00251713 -1.54972
0.498 -0.00406609 -1.54896
0.499 -0.00561391 -1.54782
0.5 -0.00716021 -1.5463
0.501 -0.00870459 -1.54438
0.502 -0.0102467 -1.54208
0.503 -0.0117861 -1.5394
0.504 -0.0133224 -1.53633
0.505 -0.0148553 -1.53288
0.506 -0.0163843 -1.52904
0.507 -0.0179091 -1.52482
0.508 -0.0194294 -1.52022
0.509 -0.0209446 -1.51524
0.51 -0.0224545 -1.50988
0.511 -0.0239586 -1.50415
0.512 -0.0254567 -1.49804
0.513 -0.0269482 -1.49156
0.514 -0.0284329 -1.4847
0.515 -0.0299104 -1.47747
0.516 -0.0313803 -1.46988
0.517 -0.0328422 -1.46191
0.518 -0.0342958 -1.45359
0.519 -0.0357407 -1.4449
0.52 -0.0371765 -1.43585
0.521 -0.038603 -1.42644
0.522 -0.0400196 -1.41667
0.523 -0.0414262 -1.40655
0.524 -0.0428223 -1.39608
0.525 -0.0442075 -1.38527
0.526 -0.0455816 -1.3741
0.527 -0.0469442 -1.3626
0.528 -0.048295 -1.35075
0.529 -0.0496336 -1.33857
0.53 -0.0509596 -1.32606
0.531 -0.0522728 -1.31321
0.532 -0.0535729 -1.30004
0.533 -0.0548594 -1.28654
0.534 -0.0561321 -1.27272
0.535 -0.0573907 -1.25859
0.536 -0.0586349 -1.24414
0.537 -0.0598643 -1.22938
0.538 -0.0610786 -1.21432
0.539 -0.0622775 -1.19895
0.54 -0.0634608 -1.18328
0.541 -0.0646281 -1.16733
0.542 -0.0657792 -1.15107
0.543 -0.0669137 -1.13454
0.544 -0.0680315 -1.11772
0.545 -0.0691321 -1.10062
0.546 -0.0702153 -1.08325
0.547 -0.0712809 -1.06561
0.548 -0.0723286 -1.0477
0.549 -0.0733582 -1.02954
0.55 -0.0743693 -1.01112
0.551 -0.0753617 -0.992443
0.552 -0.0763353 -0.973523
0.553 -0.0772896 -0.954362
0.554 -0.0782246 -0.934963
0.555 -0.0791399 -0.915332
0.556 -0.0800354 -0.895474
0.557 -0.0809108 -0.875393
0.558 -0.0817659 -0.855095
0.559 -0.0826005 -0.834586
0.56 -0.0834143 -0.813869
0.561 -0.0842073 -0.79295
0.562 -0.0849791 -0.771835
0.563 -0.0857297 -0.750528
0.564 -0.0864587 -0.729036
0.565 -0.0871661 -0.707363
0.566 -0.0878516 -0.685515
0.567 -0.0885151 -0.663497
0.568 -0.0891564 -0.641315
0.569 -0.0897754 -0.618975
0.57 -0.0903718 -0.596481
0.571 -0.0909457 -0.573841
0.572 -0.0914967 -0.551058
0.573 -0.0920249 -0.52814
0.574 -0.09253 -0.505092
0.575 -0.0930119 -0.481919
0.576 -0.0934705 -0.458627
0.577 -0.0939057 -0.435223
0.578 -0.0943174 -0.411712
0.579 -0.0947055 -0.388099
0.58 -0.0950699 -0.364392
0.581 -0.0954105 -0.340595
0.582 -0.0957272 -0.316715
0.583 -0.09602 -0.292758
0.584 -0.0962887 -0.26873
0.585 -0.0965334 -0.244636
0.586 -0.0967539 -0.220483
0.587 -0.0969501 -0.196277
0.588 -0.0971222 -0.172024
0.589 -0.0972699 -0.14773
0.59 -0.0973933 -0.1234
0.591 -0.0974923 -0.099042
0.592 -0.097567 -0.074661
0.593 -0.0976173 -0.0502633
0.594 -0.0976431 -0.025855
0.595 -0.0976445 -0.00144213
0.596 -0.0976216 0.0229691
0.597 -0.0975742 0.0473727
0.598 -0.0975024 0.0717624
0.599 -0.0974063 0.0961323
0.6 -0.0972858 0.120476
0.601 -0.097141 0.144788
0.602 -0.096972 0.169062
0.603 -0.0967787 0.193291
0.604 -0.0965612 0.21747
0.605 -0.0963196 0.241593
0.606 -0.096054 0.265654
0.607 -0.0957643 0.289646
0.608 -0.0954508 0.313564
0.609 -0.0951134 0.337402
0.61 -0.0947522 0.361153
0.611 -0.0943674 0.384812
0.612 -0.093959 0.408373
0.613 -0.0935272 0.43183
0.614 -0.093072 0.455178
0.615 -0.0925936 0.478409
0.616 -0.0920921 0.501519
0.617 -0.0915676 0.524502
0.618 -0.0910202 0.547352
0.619 -0.0904502 0.570063
0.62 -0.0898575 0.59263
0.621 -0.0892425 0.615047
0.622 -0.0886052 0.637309
0.623 -0.0879458 0.659409
0.624 -0.0872644 0.681343
0.625 -0.0865613 0.703104
0.626 -0.0858366 0.724688
0.627 -0.0850906 0.74609
0.628 -0.0843232 0.767303
0.629 -0.0835349 0.788322
0.63 -0.0827258 0.809143
0.631 -0.081896 0.829759
0.632 -0.0810459 0.850167
0.633 -0.0801755 0.87036
0.634 -0.0792852 0.890335
0.635 -0.0783751 0.910085
0.636 -0.0774455 0.929606
0.637 -0.0764966 0.948893
0.638 -0.0755286 0.967941
0.639 -0.0745419 0.986746
0.64 -0.0735366 1.0053
0.641 -0.072513 1.02361
0.642 -0.0714713 1.04165
0.643 -0.0704119 1.05944
0.644 -0.0693349 1.07695
0.645 -0.0682407 1.0942
0.646 -0.0671296 1.11118
0.647 -0.0660017 1.12787
0.648 -0.0648574 1.14428
0.649 -0.063697 1.1604
0.65 -0.0625208 1.17623
0.651 -0.061329 1.19177
0.652 -0.060122 1.20701
0.653 -0.0589001 1.22194
0.654 -0.0576635 1.23657
0.655 -0.0564126 1.25088
0.656 -0.0551477 1.26489
0.657 -0.0538692 1.27857
0.658 -0.0525772 1.29194
0.659 -0.0512722 1.30498
0.66 -0.0499545 1.31769
0.661 -0.0486245 1.33008
0.662 -0.0472823 1.34213
0.663 -0.0459285 1.35384
0.664 -0.0445633 1.36521
0.665 -0.043187 1.37624
0.666 -0.0418001 1.38693
0.667 -0.0404028 1.39727
0.668 -0.0389956 1.40726
0.669 -0.0375787 1.4169
0.67 -0.0361525 1.42618
0.671 -0.0347174 1.4351
0.672 -0.0332737 1.44367
0.673 -0.0318219 1.45187
0.674 -0.0303622 1.45971
0.675 -0.028895 1.46718
0.676 -0.0274207 1.47429
0.677 -0.0259397 1.48102
0.678 -0.0244523 1.48739
0.679 -0.0229589 1.49339
0.68 -0.0214599 1.49901
0.681 -0.0199556 1.50425
0.682 -0.0184465 1.50912
0.683 -0.0169329 1.51361
0.684 -0.0154152 1.51772
0.685 -0.0138937 1.52145
0.686 -0.0123689 1.52481
0.687 -0.0108412 1.52778
0.688 -0.00931079 1.53036
0.689 -0.00777822 1.53257
0.69 -0.00624383 1.53439
0.691 -0.004708 1.53583
0.692 -0.00317112 1.53688
0.693 -0.00163356 1.53755
0.694 -9.57235e-05 1.53784
0.695 0.00144202 1.53774
0.696 0.00297927 1.53726
0.697 0.00451566 1.53639
0.698 0.0060508 1.53514
0.699 0.0075843 1.5335
0.7 0.00911578 1.53148
0.701 0.0106449 1.52908
0.702 0.0121712 1.5263
0.703 0.0136943 1.52313
0.704 0.0152139 1.51959
0.705 0.0167295 1.51566
0.706 0.0182409 1.51136
0.707 0.0197476 1.50668
0.708 0.0212492 1.50162
0.709 0.0227454 1.49619
0.71 0.0242358 1.49038
0.711 0.02572 1.4842
0.712 0.0271976 1.47765
0.713 0.0286684 1.47074
0.714 0.0301318 1.46345
0.715 0.0315876 1.4558
0.716 0.0330354 1.44779
0.717 0.0344748 1.43941
0.718 0.0359055 1.43068
0.719 0.0373271 1.42159
0.72 0.0387392 1.41214
0.721 0.0401416 1.40235
0.722 0.0415338 1.3922
0.723 0.0429155 1.3817
0.724 0.0442864 1.37086
0.725 0.045646 1.35968
0.726 0.0469942 1.34816
0.727 0.0483305 1.33631
0.728 0.0496546 1.32412
0.729 0.0509662 1.3116
0.73 0.052265 1.29875
0.731 0.0535506 1.28558
0.732 0.0548226 1.27209
0.733 0.0560809 1.25828
0.734 0.0573251 1.24416
0.735 0.0585548 1.22973
0.736 0.0597698 1.21499
0.737 0.0609698 1.19995
0.738 0.0621544 1.18462
0.739 0.0633234 1.16898
0.74 0.0644764 1.15306
0.741 0.0656133 1.13685
0.742 0.0667336 1.12035
0.743 0.0678372 1.10358
0.744 0.0689237 1.08653
0.745 0.069993 1.06921
0.746 0.0710446 1.05163
0.747 0.0720784 1.03379
0.748 0.0730941 1.01568
0.749 0.0740914 0.997328
0.75 0.0750701 0.978726
0.751 0.07603 0.95988
0.752 0.0769708 0.940796
0.753 0.0778923 0.921478
0.754 0.0787942 0.901931
0.755 0.0796764 0.88216
0.756 0.0805385 0.86217
0.757 0.0813805 0.841967
0.758 0.082202 0.821554
0.759 0.083003 0.800938
0.76 0.0837831 0.780123
0.761 0.0845422 0.759115
0.762 0.0852801 0.737919
0.763 0.0859967 0.71654
0.764 0.0866917 0.694983
0.765 0.0873649 0.673255
0.766 0.0880163 0.65136
0.767 0.0886456 0.629303
0.768 0.0892527 0.607092
0.769 0.0898374 0.58473
0.77 0.0903996 0.562224
0.771 0.0909392 0.539579
0.772 0.091456 0.516801
0.773 0.0919499 0.493896
0.774 0.0924208 0.470869
0.775 0.0928685 0.447726
0.776 0.093293 0.424473
0.777 0.0936941 0.401116
0.778 0.0940717 0.37766
0.779 0.0944259 0.354112
0.78 0.0947563 0.330477
0.781 0.0950631 0.306762
0.782 0.0953461 0.282971
0.783 0.0956052 0.259112
0.784 0.0958404 0.23519
0.785 0.0960516 0.211211
0.786 0.0962388 0.187181
0.787 0.0964019 0.163107
0.788 0.0965409 0.138993
0.789 0.0966557 0.114847
0.79 0.0967464 0.0906738
0.791 0.0968129 0.0664799
0.792 0.0968551 0.0422714
0.793 0.0968732 0.0180542
0.794 0.096867 -0.00616554
0.795 0.0968366 -0.0303818
0.796 0.0967821 -0.0545885
0.797 0.0967033 -0.0787797
0.798 0.0966003 -0.102949
0.799 0.0964732 -0.127091
0.8 0.096322 -0.151199
0.801 0.0961468 -0.175268
0.802 0.0959475 -0.19929
0.803 0.0957242 -0.223261
0.804 0.095477 -0.247174
0.805 0.095206 -0.271024
0.806 0.0949112 -0.294804
0.807 0.0945927 -0.318508
0.808 0.0942506 -0.342131
0.809 0.0938849 -0.365666
0.81 0.0934958 -0.389108
0.811 0.0930834 -0.412451
0.812 0.0926477 -0.435689
0.813 0.0921888 -0.458816
0.814 0.091707 -0.481826
0.815 0.0912023 -0.504714
0.816 0.0906748 -0.527475
0.817 0.0901247 -0.550101
0.818 0.0895521 -0.572588
0.819 0.0889572 -0.59493
0.82 0.0883401 -0.617122
0.821 0.0877009 -0.639158
0.822 0.0870399 -0.661032
0.823 0.0863572 -0.682739
0.824 0.0856529 -0.704274
0.825 0.0849273 -0.725631
0.826 0.0841805 -0.746804
0.827 0.0834127 -0.76779
0.828 0.0826241 -0.788581
0.829 0.0818149 -0.809174
0.83 0.0809853 -0.829563
0.831 0.0801356 -0.849743
0.832 0.0792659 -0.869709
0.833 0.0783764 -0.889456
0.834 0.0774675 -0.908979
0.835 0.0765392 -0.928273
0.836 0.0755919 -0.947334
0.837 0.0746257 -0.966156
0.838 0.073641 -0.984735
0.839 0.0726379 -1.00307
0.84 0.0716167 -1.02115
0.841 0.0705778 -1.03897
0.842 0.0695213 -1.05653
0.843 0.0684474 -1.07383
0.844 0.0673566 -1.09085
0.845 0.066249 -1.1076
0.846 0.0651249 -1.12408
0.847 0.0639846 -1.14027
0.848 0.0628285 -1.15617
0.849 0.0616567 -1.17179
0.85 0.0604696 -1.18711
0.851 0.0592674 -1.20213
0.852 0.0580506 -1.21685
0.853 0.0568193 -1.23127
0.854 0.0555739 -1.24537
0.855 0.0543148 -1.25917
0.856 0.0530421 -1.27264
0.857 0.0517563 -1.2858
0.858 0.0504577 -1.29864
0.859 0.0491465 -1.31115
0.86 0.0478232 -1.32333
0.861 0.046488 -1.33518
0.862 0.0451413 -1.3467
0.863 0.0437834 -1.35787
0.864 0.0424147 -1.36871
0.865 0.0410355 -1.37921
0.866 0.0396462 -1.38935
0.867 0.038247 -1.39915
0.868 0.0368384 -1.4086
0.869 0.0354207 -1.4177
0.87 0.0339943 -1.42644
0.871 0.0325594 -1.43483
0.872 0.0311166 -1.44285
0.873 0.0296661 -1.45052
0.874 0.0282083 -1.45782
0.875 0.0267435 -1.46475
0.876 0.0252722 -1.47132
0.877 0.0237947 -1.47752
0.878 0.0223113 -1.48335
0.879 0.0208225 -1.48881
0.88 0.0193286 -1.4939
0.881 0.01783 -1.49861
0.882 0.016327 -1.50295
0.883 0.0148201 -1.50691
0.884 0.0133096 -1.51049
0.885 0.0117959 -1.5137
0.886 0.0102794 -1.51653
0.887 0.00876043 -1.51898
0.888 0.00723938 -1.52105
0.889 0.00571665 -1.52273
0.89 0.00419261 -1.52404
0.891 0.00266764 -1.52497
0.892 0.00114213 -1.52551
0.893 -0.000383546 -1.52568
0.894 -0.001909 -1.52546
0.895 -0.00343386 -1.52486
0.896 -0.00495774 -1.52388
0.897 -0.00648026 -1.52252
0.898 -0.00800103 -1.52077
0.899 -0.00951968 -1.51865
0.9 -0.0110358 -1.51615
0.901 -0.0125491 -1.51327
0.902 -0.0140591 -1.51001
0.903 -0.0155655 -1.50638
0.904 -0.0170679 -1.50237
0.905 -0.0185658 -1.49798
0.906 -0.0200591 -1.49322
0.907 -0.0215471 -1.48808
0.908 -0.0230297 -1.48258
0.909 -0.0245064 -1.4767
0.91 -0.0259769 -1.47046
0.911 -0.0274407 -1.46384
0.912 -0.0288976 -1.45687
0.913 -0.0303471 -1.44953
0.914 -0.0317889 -1.44182
0.915 -0.0332227 -1.43376
0.916 -0.034648 -1.42534
0.917 -0.0360646 -1.41656
0.918 -0.037472 -1.40743
0.919 -0.03887 -1.39795
0.92 -0.0402581 -1.38812
0.921 -0.0416361 -1.37795
0.922 -0.0430035 -1.36743
0.923 -0.0443601 -1.35657
0.924 -0.0457054 -1.34537
0.925 -0.0470393 -1.33384
0.926 -0.0483612 -1.32197
0.927 -0.049671 -1.30977
0.928 -0.0509683 -1.29725
0.929 -0.0522527 -1.28441
0.93 -0.0535239 -1.27124
0.931 -0.0547817 -1.25776
0.932 -0.0560256 -1.24396
0.933 -0.0572555 -1.22986
0.934 -0.0584709 -1.21544
0.935 -0.0596717 -1.20073
0.936 -0.0608574 -1.18571
0.937 -0.0620278 -1.17041
0.938 -0.0631826 -1.1548
0.939 -0.0643215 -1.13892
0.94 -0.0654443 -1.12275
0.941 -0.0665505 -1.10629
0.942 -0.0676401 -1.08957
0.943 -0.0687127 -1.07257
0.944 -0.069768 -1.05531
0.945 -0.0708058 -1.03778
0.946 -0.0718258 -1.02
0.947 -0.0728277 -1.00196
0.948 -0.0738114 -0.983671
0.949 -0.0747765 -0.965139
0.95 -0.0757229 -0.946368
0.951 -0.0766503 -0.927362
0.952 -0.0775584 -0.908125
0.953 -0.0784471 -0.888663
0.954 -0.079316 -0.86898
0.955 -0.0801651 -0.849081
0.956 -0.0809941 -0.828972
0.957 -0.0818027 -0.808657
0.958 -0.0825909 -0.788142
0.959 -0.0833583 -0.767431
0.96 -0.0841048 -0.74653
0.961 -0.0848303 -0.725444
0.962 -0.0855345 -0.704179
0.963 -0.0862172 -0.682739
0.964 -0.0868783 -0.66113
0.965 -0.0875177 -0.639357
0.966 -0.0881351 -0.617427
0.967 -0.0887305 -0.595344
0.968 -0.0893036 -0.573113
0.969 -0.0898543 -0.550742
0.97 -0.0903826 -0.528234
0.971 -0.0908882 -0.505596
0.972 -0.091371 -0.482833
0.973 -0.0918309 -0.459952
0.974 -0.0922679 -0.436958
0.975 -0.0926818 -0.413856
0.976 -0.0930724 -0.390652
0.977 -0.0934398 -0.367353
0.978 -0.0937837 -0.343963
0.979 -0.0941042 -0.32049
0.98 -0.0944011 -0.296938
0.981 -0.0946745 -0.273314
0.982 -0.0949241 -0.249624
0.983 -0.09515 -0.225873
0.984 -0.095352 -0.202067
0.985 -0.0955302 -0.178213
0.986 -0.0956846 -0.154316
0.987 -0.0958149 -0.130383
0.988 -0.0959214 -0.106419
0.989 -0.0960038 -0.0824297
0.99 -0.0960622 -0.0584222
0.991 -0.0960966 -0.034402
0.992 -0.096107 -0.0103751
0.993 -0.0960933 0.0136525
0.994 -0.0960557 0.0376748
0.995 -0.095994 0.0616857
0.996 -0.0959083 0.0856792
0.997 -0.0957986 0.109649
0.998 -0.0956651 0.13359
0.999 -0.0955076 0.157496
1 -0.0953262 0.18136
1.001 -0.095121 0.205177
1.002 -0.0948921 0.228941
1.003 -0.0946394 0.252646
1.004 -0.0943631 0.276285
1.005 -0.0940633 0.299854
1.006 -0.0937399 0.323346
1.007 -0.0933932 0.346755
1.008 -0.0930231 0.370076
1.009 -0.0926298 0.393302
1.01 -0.0922134 0.416428
1.011 -0.0917739 0.439448
1.012 -0.0913116 0.462356
1.013 -0.0908264 0.485147
1.014 -0.0903186 0.507815
1.015 -0.0897883 0.530354
1.016 -0.0892355 0.552759
1.017 -0.0886605 0.575023
1.018 -0.0880633 0.597142
1.019 -0.0874442 0.61911
1.02 -0.0868033 0.640922
1.021 -0.0861407 0.662571
1.022 -0.0854567 0.684054
1.023 -0.0847513 0.705363
1.024 -0.0840248 0.726494
1.025 -0.0832774 0.747443
1.026 -0.0825092 0.768202
1.027 -0.0817204 0.788768
1.028 -0.0809113 0.809135
1.029 -0.080082 0.829298
1.03 -0.0792327 0.849252
1.031 -0.0783637 0.868992
1.032 -0.0774752 0.888514
1.033 -0.0765674 0.907812
1.034 -0.0756405 0.926881
1.035 -0.0746948 0.945717
1.036 -0.0737305 0.964315
1.037 -0.0727478 0.98267
1.038 -0.0717471 1.00078
1.039 -0.0707284 1.01864
1.04 -0.0696922 1.03624
1.041 -0.0686386 1.05358
1.042 -0.067568 1.07065
1.043 -0.0664805 1.08746
1.044 -0.0653765 1.10399
1.045 -0.0642563 1.12025
1.046 -0.06312 1.13622
1.047 -0.0619681 1.15191
1.048 -0.0608008 1.16731
1.049 -0.0596184 1.18242
1.05 -0.0584212 1.19723
1.051 -0.0572094 1.21174
1.052 -0.0559835 1.22594
1.053 -0.0547437 1.23984
1.054 -0.0534902 1.25343
1.055 -0.0522235 1.2667
1.056 -0.0509439 1.27965
1.057 -0.0496516 1.29229
1.058 -0.048347 1.3046
1.059 -0.0470304 1.31658
1.06 -0.0457022 1.32823
1.061 -0.0443626 1.33955
1.062 -0.0430121 1.35053
1.063 -0.0416509 1.36118
1.064 -0.0402794 1.37148
1.065 -0.038898 1.38144
1.066 -0.0375069 1.39106
1.067 -0.0361066 1.40032
1.068 -0.0346974 1.40924
1.069 -0.0332796 1.4178
1.07 -0.0318536 1.426
1.071 -0.0304197 1.43385
1.072 -0.0289784 1.44134
1.073 -0.0275299 1.44847
1.074 -0.0260747 1.45524
1.075 -0.024613 1.46164
1.076 -0.0231453 1.46768
1.077 -0.021672 1.47335
1.078 -0.0201933 1.47865
1.079 -0.0187098 1.48358
1.08 -0.0172216 1.48814
1.081 -0.0157293 1.49232
1.082 -0.0142332 1.49614
1.083 -0.0127336 1.49957
1.084 -0.011231 1.50264
1.085 -0.00972563 1.50533
1.086 -0.008218 1.50764
1.087 -0.00670842 1.50957
1.088 -0.0051973 1.51113
1.089 -0.00368499 1.51231
1.09 -0.00217189 1.51311
1.091 -0.000658359 1.51353
1.092 0.000855212 1.51357
1.093 0.00236845 1.51324
1.094 0.00388097 1.51252
1.095 0.0053924 1.51143
1.096 0.00690236 1.50996
1.097 0.00841048 1.50812
1.098 0.00991637 1.50589
1.099 0.0114197 1.50329
1.1 0.01292 1.50032
1.101 0.014417 1.49697
1.102 0.0159102 1.49324
1.103 0.0173993 1.48915
1.104 0.018884 1.48468
1.105 0.0203639 1.47984
1.106 0.0218385 1.47463
1.107 0.0233075 1.46905
1.108 0.0247706 1.46311
1.109 0.0262274 1.4568
1.11 0.0276776 1.45012
1.111 0.0291207 1.44309
1.112 0.0305564 1.43569
1.113 0.0319843 1.42794
1.114 0.0334041 1.41983
1.115 0.0348155 1.41136
1.116 0.036218 1.40255
1.117 0.0376114 1.39338
1.118 0.0389953 1.38387
1.119 0.0403693 1.37401
1.12 0.0417331 1.3638
1.121 0.0430864 1.35326
1.122 0.0444287 1.34238
1.123 0.0457599 1.33117
1.124 0.0470795 1.31962
1.125 0.0483873 1.30775
1.126 0.0496828 1.29554
1.127 0.0509658 1.28302
1.128 0.052236 1.27018
1.129 0.053493 1.25702
1.13 0.0547366 1.24354
1.131 0.0559663 1.22976
1.132 0.057182 1.21567
1.133 0.0583833 1.20128
1.134 0.0595699 1.18658
1.135 0.0607414 1.1716
1.136 0.0618978 1.15632
1.137 0.0630385 1.14075
1.138 0.0641634 1.1249
1.139 0.0652722 1.10877
1.14 0.0663645 1.09236
1.141 0.0674402 1.07568
1.142 0.068499 1.05874
1.143 0.0695405 1.04153
1.144 0.0705645 1.02406
1.145 0.0715709 1.00634
1.146 0.0725592 0.988363
1.147 0.0735294 0.970144
1.148 0.0744811 0.951684
1.149 0.0754141 0.932987
1.15 0.0763281 0.914059
1.151 0.077223 0.894904
1.152 0.0780985 0.875527
1.153 0.0789545 0.855932
1.154 0.0797906 0.836125
1.155 0.0806067 0.81611
1.156 0.0814026 0.795893
1.157 0.0821781 0.775479
1.158 0.082933 0.754872
1.159 0.083667 0.734079
1.16 0.0843801 0.713103
1.161 0.0850721 0.691951
1.162 0.0857427 0.670628
1.163 0.0863919 0.649139
1.164 0.0870194 0.627489
1.165 0.087625 0.605684
1.166 0.0882088 0.583729
1.167 0.0887704 0.56163
1.168 0.0893098 0.539392
1.169 0.0898268 0.517022
1.17 0.0903213 0.494524
1.171 0.0907932 0.471904
1.172 0.0912424 0.449168
1.173 0.0916687 0.426321
1.174 0.0920721 0.40337
1.175 0.0924524 0.38032
1.176 0.0928096 0.357176
1.177 0.0931435 0.333945
1.178 0.0934542 0.310633
1.179 0.0937414 0.287244
1.18 0.0940052 0.263786
1.181 0.0942455 0.240264
1.182 0.0944621 0.216683
1.183 0.0946552 0.19305
1.184 0.0948246 0.169371
1.185 0.0949702 0.145651
1.186 0.0950921 0.121897
1.187 0.0951902 0.0981141
1.188 0.0952645 0.0743087
1.189 0.095315 0.0504867
1.19 0.0953417 0.0266539
1.191 0.0953445 0.00281631
1.192 0.0953235 -0.02102
1.193 0.0952786 -0.0448492
1.194 0.09521 -0.0686653
1.195 0.0951175 -0.0924623
1.196 0.0950013 -0.116234
1.197 0.0948613 -0.139975
1.198 0.0946976 -0.163679
1.199 0.0945103 -0.187341
1.2 0.0942993 -0.210953
1.201 0.0940648 -0.234511
1.202 0.0938068 -0.258009
1.203 0.0935254 -0.28144
1.204 0.0932206 -0.304799
1.205 0.0928925 -0.328079
1.206 0.0925412 -0.351276
1.207 0.0921668 -0.374383
1.208 0.0917694 -0.397395
1.209 0.0913491 -0.420306
1.21 0.090906 -0.443109
1.211 0.0904402 -0.4658
1.212 0.0899518 -0.488373
1.213 0.089441 -0.510822
1.214 0.0889079 -0.533141
1.215 0.0883525 -0.555326
1.216 0.0877752 -0.57737
1.217 0.0871759 -0.599267
1.218 0.0865549 -0.621013
1.219 0.0859123 -0.642602
1.22 0.0852483 -0.664029
1.221 0.084563 -0.685288
1.222 0.0838566 -0.706374
1.223 0.0831293 -0.727281
1.224 0.0823813 -0.748006
1.225 0.0816128 -0.768541
1.226 0.0808239 -0.788883
1.227 0.0800149 -0.809026
1.228 0.0791859 -0.828965
1.229 0.0783372 -0.848695
1.23 0.077469 -0.868211
1.231 0.0765815 -0.887509
1.232 0.0756749 -0.906583
1.233 0.0747495 -0.925429
1.234 0.0738054 -0.944043
1.235 0.072843 -0.962419
1.236 0.0718625 -0.980552
1.237 0.070864 -0.99844
1.238 0.0698479 -1.01608
1.239 0.0688145 -1.03346
1.24 0.0677639 -1.05058
1.241 0.0666965 -1.06743
1.242 0.0656125 -1.08402
1.243 0.0645121 -1.10034
1.244 0.0633957 -1.11638
1.245 0.0622636 -1.13214
1.246 0.061116 -1.14761
1.247 0.0599532 -1.1628
1.248 0.0587755 -1.1777
1.249 0.0575832 -1.1923
1.25 0.0563766 -1.2066
1.251 0.055156 -1.22059
1.252 0.0539217 -1.23429
1.253 0.052674 -1.24767
1.254 0.0514133 -1.26074
1.255 0.0501398 -1.27349
1.256 0.0488539 -1.28592
1.257 0.0475559 -1.29803
1.258 0.046246 -1.30982
1.259 0.0449248 -1.32127
1.26 0.0435924 -1.3324
1.261 0.0422492 -1.34319
1.262 0.0408955 -1.35365
1.263 0.0395318 -1.36376
1.264 0.0381582 -1.37354
1.265 0.0367753 -1.38297
1.266 0.0353832 -1.39205
1.267 0.0339824 -1.40078
1.268 0.0325733 -1.40917
1.269 0.0311561 -1.4172
1.27 0.0297312 -1.42487
1.271 0.028299 -1.43219
1.272 0.0268599 -1.43915
1.273 0.0254141 -1.44575
1.274 0.0239621 -1.45199
1.275 0.0225043 -1.45786
1.276 0.0210409 -1.46337
1.277 0.0195724 -1.46852
1.278 0.0180991 -1.47329
1.279 0.0166214 -1.4777
1.28 0.0151396 -1.48174
1.281 0.0136542 -1.4854
1.282 0.0121655 -1.4887
1.283 0.0106739 -1.49162
1.284 0.00917975 -1.49417
1.285 0.00768341 -1.49634
1.286 0.00618527 -1.49814
1.287 0.00468569 -1.49957
1.288 0.00318507 -1.50062
1.289 0.00168377 -1.5013
1.29 0.000182172 -1.5016
1.291 -0.00131935 -1.50153
1.292 -0.00282043 -1.50108
1.293 -0.00432068 -1.50025
1.294 -0.00581973 -1.49905
1.295 -0.0073172 -1.49748
1.296 -0.00881273 -1.49553
1.297 -0.0103059 -1.4932
1.298 -0.0117964 -1.49051
1.299 -0.0132839 -1.48744
1.3 -0.0147679 -1.484
1.301 -0.0162481 -1.48019
1.302 -0.0177241 -1.47601
1.303 -0.0191955 -1.47146
1.304 -0.0206621 -1.46654
1.305 -0.0221233 -1.46126
1.306 -0.0235789 -1.45561
1.307 -0.0250285 -1.4496
1.308 -0.0264718 -1.44323
1.309 -0.0279083 -1.43649
1.31 -0.0293377 -1.4294
1.311 -0.0307596 -1.42195
1.312 -0.0321738 -1.41415
1.313 -0.0335798 -1.40599
1.314 -0.0349773 -1.39749
1.315 -0.0363659 -1.38863
1.316 -0.0377453 -1.37943
1.317 -0.0391152 -1.36988
1.318 -0.0404752 -1.35999
1.319 -0.0418249 -1.34976
1.32 -0.0431641 -1.3392
1.321 -0.0444924 -1.3283
1.322 -0.0458095 -1.31707
1.323 -0.047115 -1.30551
1.324 -0.0484087 -1.29363
1.325 -0.0496901 -1.28143
1.326 -0.050959 -1.2689
1.327 -0.052215 -1.25606
1.328 -0.053458 -1.24291
1.329 -0.0546874 -1.22944
1.33 -0.0559031 -1.21567
1.331 -0.0571047 -1.2016
1.332 -0.0582919 -1.18723
1.333 -0.0594644 -1.17256
1.334 -0.060622 -1.1576
1.335 -0.0617644 -1.14235
1.336 -0.0628912 -1.12682
1.337 -0.0640022 -1.111
1.338 -0.0650971 -1.09491
1.339 -0.0661757 -1.07855
1.34 -0.0672376 -1.06192
1.341 -0.0682826 -1.04503
1.342 -0.0693105 -1.02787
1.343 -0.070321 -1.01046
1.344 -0.0713138 -0.992803
1.345 -0.0722887 -0.974895
1.346 -0.0732454 -0.956745
1.347 -0.0741838 -0.938357
1.348 -0.0751035 -0.919736
1.349 -0.0760044 -0.900887
1.35 -0.0768862 -0.881814
1.351 -0.0777487 -0.862522
1.352 -0.0785917 -0.843015
1.353 -0.079415 -0.8233
1.354 -0.0802184 -0.80338
1.355 -0.0810017 -0.783262
1.356 -0.0817646 -0.762948
1.357 -0.0825071 -0.742446
1.358 -0.0832288 -0.72176
1.359 -0.0839297 -0.700895
1.36 -0.0846096 -0.679857
1.361 -0.0852682 -0.65865
1.362 -0.0859055 -0.63728
1.363 -0.0865213 -0.615753
1.364 -0.0871154 -0.594073
1.365 -0.0876876 -0.572247
1.366 -0.0882379 -0.550279
1.367 -0.0887661 -0.528176
1.368 -0.089272 -0.505942
1.369 -0.0897556 -0.483583
1.37 -0.0902167 -0.461106
1.371 -0.0906552 -0.438515
1.372 -0.091071 -0.415816
1.373 -0.091464 -0.393015
1.374 -0.0918341 -0.370117
1.375 -0.0921813 -0.347129
1.376 -0.0925053 -0.324056
1.377 -0.0928062 -0.300904
1.378 -0.0930839 -0.277678
1.379 -0.0933383 -0.254385
1.38 -0.0935693 -0.23103
1.381 -0.093777 -0.207619
1.382 -0.0939611 -0.184158
1.383 -0.0941218 -0.160653
1.384 -0.0942589 -0.13711
1.385 -0.0943724 -0.113534
1.386 -0.0944623 -0.0899323
1.387 -0.0945287 -0.0663095
1.388 -0.0945713 -0.0426721
1.389 -0.0945903 -0.0190258
1.39 -0.0945857 0.0046233
1.391 -0.0945575 0.0282694
1.392 -0.0945055 0.0519065
1.393 -0.09443 0.0755287
1.394 -0.0943309 0.0991302
1.395 -0.0942082 0.122705
1.396 -0.0940619 0.146247
1.397 -0.0938922 0.169751
1.398 -0.093699 0.19321
1.399 -0.0934824 0.21662
1.4 -0.0932424 0.239973
1.401 -0.0929791 0.263264
1.402 -0.0926926 0.286488
1.403 -0.092383 0.309638
1.404 -0.0920503 0.332709
1.405 -0.0916946 0.355695
1.406 -0.091316 0.37859
1.407 -0.0909146 0.401389
1.408 -0.0904905 0.424086
1.409 -0.0900438 0.446674
1.41 -0.0895747 0.46915
1.411 -0.0890832 0.491506
1.412 -0.0885695 0.513737
1.413 -0.0880336 0.535839
1.414 -0.0874758 0.557804
1.415 -0.0868962 0.579628
1.416 -0.0862949 0.601306
1.417 -0.085672 0.622832
1.418 -0.0850278 0.6442
1.419 -0.0843624 0.665405
1.42 -0.083676 0.686443
1.421 -0.0829687 0.707307
1.422 -0.0822407 0.727992
1.423 -0.0814922 0.748494
1.424 -0.0807234 0.768807
1.425 -0.0799345 0.788927
1.426 -0.0791256 0.808847
1.427 -0.0782971 0.828564
1.428 -0.077449 0.848072
1.429 -0.0765816 0.867366
1.43 -0.0756952 0.886442
1.431 -0.0747899 0.905295
1.432 -0.073866 0.92392
1.433 -0.0729237 0.942313
1.434 -0.0719632 0.960468
1.435 -0.0709848 0.978382
1.436 -0.0699887 0.99605
1.437 -0.0689753 1.01347
1.438 -0.0679447 1.03063
1.439 -0.0668971 1.04753
1.44 -0.0658329 1.06417
1.441 -0.0647524 1.08055
1.442 -0.0636557 1.09665
1.443 -0.0625433 1.11248
1.444 -0.0614152 1.12802
1.445 -0.060272 1.14329
1.446 -0.0591137 1.15826
1.447 -0.0579407 1.17295
1.448 -0.0567534 1.18734
1.449 -0.055552 1.20143
1.45 -0.0543368 1.21522
1.451 -0.053108 1.22871
1.452 -0.0518661 1.24189
1.453 -0.0506114 1.25476
1.454 -0.0493441 1.26731
1.455 -0.0480645 1.27954
1.456 -0.0467731 1.29146
1.457 -0.04547 1.30305
1.458 -0.0441557 1.31431
1.459 -0.0428305 1.32525
1.46 -0.0414946 1.33585
1.461 -0.0401485 1.34611
1.462 -0.0387925 1.35604
1.463 -0.0374268 1.36563
1.464 -0.036052 1.37488
1.465 -0.0346682 1.38378
1.466 -0.0332758 1.39234
1.467 -0.0318753 1.40055
1.468 -0.0304669 1.4084
1.469 -0.029051 1.41591
1.47 -0.0276279 1.42306
1.471 -0.0261981 1.42985
1.472 -0.0247618 1.43629
1.473 -0.0233194 1.44236
1.474 -0.0218713 1.44808
1.475 -0.0204179 1.45343
1.476 -0.0189595 1.45842
1.477 -0.0174965 1.46304
1.478 -0.0160292 1.4673
1.479 -0.014558 1.47119
1.48 -0.0130833 1.47471
1.481 -0.0116054 1.47786
1.482 -0.0101248 1.48064
1.483 -0.0086417 1.48306
1.484 -0.0071566 1.4851
1.485 -0.00566983 1.48677
1.486 -0.00418176 1.48807
1.487 -0.00269277 1.48899
1.488 -0.00120322 1.48955
1.489 0.00028651 1.48973
1.49 0.00177605 1.48954
1.491 0.00326502 1.48898
1.492 0.00475306 1.48804
1.493 0.0062398 1.48673
1.494 0.00772485 1.48505
1.495 0.00920786 1.483
1.496 0.0106884 1.48058
1.497 0.0121662 1.47779
1.498 0.0136409 1.47463
1.499 0.015112 1.47111
1.5 0.0165792 1.46721
1.501 0.0180421 1.46295
1.502 0.0195004 1.45832
1.503 0.0209538 1.45333
1.504 0.0224017 1.44797
1.505 0.023844 1.44226
1.506 0.0252802 1.43618
1.507 0.0267099 1.42975
1.508 0.0281329 1.42295
1.509 0.0295487 1.41581
1.51 0.030957 1.40831
1.511 0.0323575 1.40045
1.512 0.0337497 1.39225
1.513 0.0351334 1.3837
1.514 0.0365082 1.37481
1.515 0.0378738 1.36557
1.516 0.0392298 1.356
1.517 0.0405759 1.34608
1.518 0.0419117 1.33583
1.519 0.0432369 1.32524
1.52 0.0445513 1.31433
1.521 0.0458543 1.30308
1.522 0.0471459 1.29152
1.523 0.0484255 1.27963
1.524 0.0496929 1.26742
1.525 0.0509478 1.25489
1.526 0.0521899 1.24206
1.527 0.0534188 1.22891
1.528 0.0546342 1.21546
1.529 0.0558359 1.2017
1.53 0.0570236 1.18765
1.531 0.0581969 1.17329
1.532 0.0593555 1.15865
1.533 0.0604992 1.14372
1.534 0.0616277 1.1285
1.535 0.0627407 1.11301
1.536 0.063838 1.09723
1.537 0.0649192 1.08119
1.538 0.065984 1.06487
1.539 0.0670323 1.04829
1.54 0.0680638 1.03145
1.541 0.0690781 1.01435
1.542 0.0700751 0.996996
1.543 0.0710545 0.979398
1.544 0.0720161 0.961556
1.545 0.0729595 0.943475
1.546 0.0738847 0.92516
1.547 0.0747913 0.906614
1.548 0.0756792 0.887844
1.549 0.076548 0.868853
1.55 0.0773977 0.849647
1.551 0.0782279 0.830229
1.552 0.0790385 0.810606
1.553 0.0798293 0.790782
1.554 0.0806 0.770761
1.555 0.0813506 0.750549
1.556 0.0820807 0.730152
1.557 0.0827903 0.709573
1.558 0.0834791 0.688819
1.559 0.084147 0.667894
1.56 0.0847938 0.646804
1.561 0.0854194 0.625553
1.562 0.0860235 0.604148
1.563 0.0866061 0.582594
1.564 0.087167 0.560896
1.565 0.0877061 0.539059
1.566 0.0882232 0.51709
1.567 0.0887182 0.494993
1.568 0.0891909 0.472774
1.569 0.0896414 0.450438
1.57 0.0900694 0.427992
1.571 0.0904748 0.40544
1.572 0.0908576 0.382789
1.573 0.0912176 0.360044
1.574 0.0915548 0.337211
1.575 0.0918691 0.314295
1.576 0.0921604 0.291303
1.577 0.0924287 0.268239
1.578 0.0926738 0.24511
1.579 0.0928957 0.221922
1.58 0.0930944 0.198681
1.581 0.0932698 0.175391
1.582 0.0934218 0.15206
1.583 0.0935505 0.128692
1.584 0.0936558 0.105294
1.585 0.0937377 0.0818718
1.586 0.0937961 0.0584309
1.587 0.0938311 0.0349772
1.588 0.0938426 0.0115166
1.589 0.0938307 -0.011945
1.59 0.0937953 -0.0354017
1.591 0.0937364 -0.0588477
1.592 0.0936542 -0.0822771
1.593 0.0935485 -0.105684
1.594 0.0934194 -0.129063
1.595 0.093267 -0.152407
1.596 0.0930913 -0.175712
1.597 0.0928923 -0.198971
1.598 0.0926701 -0.222178
1.599 0.0924248 -0.245328
1.6 0.0921564 -0.268414
1.601 0.091865 -0.291432
1.602 0.0915506 -0.314375
1.603 0.0912134 -0.337237
1.604 0.0908533 -0.360014
1.605 0.0904706 -0.382698
1.606 0.0900654 -0.405285
1.607 0.0896376 -0.427769
1.608 0.0891875 -0.450144
1.609 0.088715 -0.472405
1.61 0.0882205 -0.494546
1.611 0.0877039 -0.516562
1.612 0.0871655 -0.538446
1.613 0.0866053 -0.560195
1.614 0.0860235 -0.581801
1.615 0.0854202 -0.60326
1.616 0.0847957 -0.624567
1.617 0.08415 -0.645716
1.618 0.0834833 -0.666702
1.619 0.0827957 -0.687519
1.62 0.0820876 -0.708163
1.621 0.0813589 -0.728629
1.622 0.08061 -0.74891
1.623 0.079841 -0.769003
1.624 0.0790521 -0.788901
1.625 0.0782435 -0.808601
1.626 0.0774154 -0.828097
1.627 0.076568 -0.847385
1.628 0.0757016 -0.866459
1.629 0.0748163 -0.885315
1.63 0.0739123 -0.903949
1.631 0.07299 -0.922354
1.632 0.0720494 -0.940528
1.633 0.071091 -0.958465
1.634 0.0701148 -0.976161
1.635 0.0691212 -0.993612
1.636 0.0681104 -1.01081
1.637 0.0670826 -1.02776
1.638 0.0660382 -1.04445
1.639 0.0649773 -1.06087
1.64 0.0639003 -1.07703
1.641 0.0628073 -1.09292
1.642 0.0616988 -1.10854
1.643 0.0605749 -1.12387
1.644 0.059436 -1.13893
1.645 0.0582823 -1.15369
1.646 0.0571141 -1.16817
1.647 0.0559318 -1.18236
1.648 0.0547355 -1.19625
1.649 0.0535257 -1.20983
1.65 0.0523026 -1.22312
1.651 0.0510665 -1.2361
1.652 0.0498177 -1.24876
1.653 0.0485566 -1.26112
1.654 0.0472835 -1.27316
1.655 0.0459986 -1.28488
1.656 0.0447023 -1.29627
1.657 0.043395 -1.30734
1.658 0.0420769 -1.31809
1.659 0.0407484 -1.3285
1.66 0.0394098 -1.33858
1.661 0.0380615 -1.34833
1.662 0.0367037 -1.35774
1.663 0.0353369 -1.3668
1.664 0.0339614 -1.37553
1.665 0.0325775 -1.38391
1.666 0.0311855 -1.39194
1.667 0.0297859 -1.39963
1.668 0.0283789 -1.40696
1.669 0.026965 -1.41394
1.67 0.0255444 -1.42057
1.671 0.0241176 -1.42685
1.672 0.0226848 -1.43276
1.673 0.0212465 -1.43832
1.674 0.019803 -1.44351
1.675 0.0183546 -1.44835
1.676 0.0169018 -1.45282
1.677 0.0154449 -1.45693
1.678 0.0139842 -1.46068
1.679 0.0125202 -1.46405
1.68 0.0110531 -1.46707
1.681 0.00958338 -1.46971
1.682 0.00811139 -1.47199
1.683 0.00663748 -1.4739
1.684 0.00516204 -1.47544
1.685 0.00368542 -1.47662
1.686 0.00220801 -1.47742
1.687 0.000730153 -1.47785
1.688 -0.000747764 -1.47792
1.689 -0.00222538 -1.47761
1.69 -0.00370231 -1.47694
1.691 -0.00517821 -1.47589
1.692 -0.00665269 -1.47448
1.693 -0.00812539 -1.4727
1.694 -0.00959594 -1.47055
1.695 -0.011064 -1.46803
1.696 -0.0125291 -1.46515
1.697 -0.013991 -1.4619
1.698 -0.0154493 -1.45829
1.699 -0.0169036 -1.45431
1.7 -0.0183536 -1.44997
1.701 -0.0197988 -1.44526
1.702 -0.021239 -1.4402
1.703 -0.0226738 -1.43477
1.704 -0.0241028 -1.42899
1.705 -0.0255256 -1.42285
1.706 -0.026942 -1.41635
1.707 -0.0283515 -1.4095
1.708 -0.0297538 -1.4023
1.709 -0.0311486 -1.39475
1.71 -0.0325354 -1.38685
1.711 -0.033914 -1.37861
1.712 -0.035284 -1.37002
1.713 -0.0366451 -1.36109
1.714 -0.0379969 -1.35182
1.715 -0.0393392 -1.34221
1.716 -0.0406714 -1.33227
1.717 -0.0419934 -1.32199
1.718 -0.0433048 -1.31139
1.719 -0.0446053 -1.30046
1.72 -0.0458945 -1.2892
1.721 -0.0471721 -1.27763
1.722 -0.0484378 -1.26573
1.723 -0.0496914 -1.25352
1.724 -0.0509324 -1.241
1.725 -0.0521605 -1.22817
1.726 -0.0533755 -1.21503
1.727 -0.0545771 -1.20159
1.728 -0.055765 -1.18785
1.729 -0.0569388 -1.17381
1.73 -0.0580983 -1.15948
1.731 -0.0592431 -1.14486
1.732 -0.0603731 -1.12996
1.733 -0.0614879 -1.11478
1.734 -0.0625872 -1.09932
1.735 -0.0636708 -1.08358
1.736 -0.0647383 -1.06758
1.737 -0.0657897 -1.05131
1.738 -0.0668244 -1.03478
1.739 -0.0678424 -1.01799
1.74 -0.0688434 -1.00095
1.741 -0.069827 -0.983654
1.742 -0.0707931 -0.966119
1.743 -0.0717415 -0.948343
1.744 -0.0726718 -0.930332
1.745 -0.0735839 -0.91209
1.746 -0.0744775 -0.893621
1.747 -0.0753525 -0.87493
1.748 -0.0762085 -0.856022
1.749 -0.0770454 -0.836901
1.75 -0.0778629 -0.817573
1.751 -0.078661 -0.798042
1.752 -0.0794393 -0.778313
1.753 -0.0801977 -0.75839
1.754 -0.080936 -0.73828
1.755 -0.081654 -0.717987
1.756 -0.0823515 -0.697516
1.757 -0.0830284 -0.676873
1.758 -0.0836844 -0.656061
1.759 -0.0843195 -0.635088
1.76 -0.0849335 -0.613957
1.761 -0.0855261 -0.592675
1.762 -0.0860974 -0.571246
1.763 -0.0866471 -0.549676
1.764 -0.087175 -0.52797
1.765 -0.0876812 -0.506134
1.766 -0.0881653 -0.484173
1.767 -0.0886274 -0.462093
1.768 -0.0890673 -0.439899
1.769 -0.0894849 -0.417597
1.77 -0.0898801 -0.395193
1.771 -0.0902528 -0.372691
1.772 -0.0906029 -0.350098
1.773 -0.0909303 -0.327419
1.774 -0.091235 -0.304661
1.775 -0.0915168 -0.281827
1.776 -0.0917757 -0.258926
1.777 -0.0920117 -0.235961
1.778 -0.0922246 -0.212939
1.779 -0.0924145 -0.189866
1.78 -0.0925812 -0.166747
1.781 -0.0927248 -0.143589
1.782 -0.0928452 -0.120396
1.783 -0.0929424 -0.0971749
1.784 -0.0930163 -0.0739315
1.785 -0.093067 -0.0506715
1.786 -0.0930944 -0.0274007
1.787 -0.0930985 -0.00412494
1.788 -0.0930794 0.01915
1.789 -0.093037 0.0424183
1.79 -0.0929713 0.0656742
1.791 -0.0928824 0.0889118
1.792 -0.0927703 0.112125
1.793 -0.0926349 0.135309
1.794 -0.0924765 0.158457
1.795 -0.0922949 0.181563
1.796 -0.0920903 0.204622
1.797 -0.0918627 0.227629
1.798 -0.0916121 0.250576
1.799 -0.0913386 0.273459
1.8 -0.0910424 0.296272
1.801 -0.0907234 0.319009
1.802 -0.0903817 0.341664
1.803 -0.0900175 0.364232
1.804 -0.0896308 0.386707
1.805 -0.0892217 0.409084
1.806 -0.0887903 0.431357
1.807 -0.0883368 0.45352
1.808 -0.0878612 0.475568
1.809 -0.0873637 0.497495
1.81 -0.0868444 0.519296
1.811 -0.0863035 0.540966
1.812 -0.085741 0.562498
1.813 -0.0851571 0.583889
1.814 -0.084552 0.605131
1.815 -0.0839257 0.626221
1.816 -0.0832786 0.647152
1.817 -0.0826107 0.66792
1.818 -0.0819221 0.688519
1.819 -0.0812132 0.708945
1.82 -0.080484 0.729191
1.821 -0.0797348 0.749254
1.822 -0.0789656 0.769128
1.823 -0.0781768 0.788807
1.824 -0.0773685 0.808289
1.825 -0.076541 0.827566
1.826 -0.0756943 0.846635
1.827 -0.0748288 0.865491
1.828 -0.0739447 0.884129
1.829 -0.0730422 0.902544
1.83 -0.0721214 0.920733
1.831 -0.0711827 0.938689
1.832 -0.0702263 0.95641
1.833 -0.0692524 0.97389
1.834 -0.0682613 0.991125
1.835 -0.0672532 1.00811
1.836 -0.0662284 1.02484
1.837 -0.065187 1.04132
1.838 -0.0641295 1.05753
1.839 -0.063056 1.07348
1.84 -0.0619669 1.08916
1.841 -0.0608623 1.10456
1.842 -0.0597426 1.11969
1.843 -0.0586081 1.13454
1.844 -0.057459 1.1491
1.845 -0.0562956 1.16337
1.846 -0.0551183 1.17735
1.847 -0.0539272 1.19104
1.848 -0.0527228 1.20442
1.849 -0.0515053 1.21751
1.85 -0.050275 1.23029
1.851 -0.0490323 1.24276
1.852 -0.0477773 1.25492
1.853 -0.0465106 1.26676
1.854 -0.0452323 1.27829
1.855 -0.0439428 1.28949
1.856 -0.0426424 1.30037
1.857 -0.0413315 1.31093
1.858 -0.0400103 1.32116
1.859 -0.0386793 1.33106
1.86 -0.0373387 1.34062
1.861 -0.0359888 1.34985
1.862 -0.0346301 1.35874
1.863 -0.0332628 1.36728
1.864 -0.0318873 1.37549
1.865 -0.030504 1.38335
1.866 -0.0291131 1.39087
1.867 -0.0277151 1.39803
1.868 -0.0263102 1.40485
1.869 -0.0248989 1.41132
1.87 -0.0234815 1.41743
1.871 -0.0220583 1.42319
1.872 -0.0206297 1.42859
1.873 -0.0191961 1.43363
1.874 -0.0177577 1.43831
1.875 -0.0163151 1.44264
1.876 -0.0148685 1.4466
1.877 -0.0134183 1.4502
1.878 -0.0119649 1.45344
1.879 -0.0105085 1.45632
1.88 -0.00904971 1.45883
1.881 -0.00758874 1.46097
1.882 -0.00612599 1.46275
1.883 -0.00466182 1.46417
1.884 -0.00319661 1.46522
1.885 -0.00173071 1.4659
1.886 -0.000264495 1.46621
1.887 0.00120167 1.46616
1.888 0.00266741 1.46574
1.889 0.00413237 1.46496
1.89 0.00559618 1.46381
1.891 0.00705848 1.46229
1.892 0.00851889 1.46041
1.893 0.00997705 1.45817
1.894 0.0114326 1.45555
1.895 0.0128852 1.45258
1.896 0.0143344 1.44924
1.897 0.01578 1.44554
1.898 0.0172215 1.44148
1.899 0.0186585 1.43706
1.9 0.0200908 1.43228
1.901 0.0215179 1.42714
1.902 0.0229396 1.42165
1.903 0.0243554 1.4158
1.904 0.025765 1.4096
1.905 0.027168 1.40305
1.906 0.0285642 1.39614
1.907 0.0299531 1.38889
1.908 0.0313344 1.38129
1.909 0.0327077 1.37335
1.91 0.0340728 1.36506
1.911 0.0354292 1.35643
1.912 0.0367767 1.34747
1.913 0.0381148 1.33816
1.914 0.0394434 1.32853
1.915 0.0407619 1.31856
1.916 0.0420702 1.30827
1.917 0.0433678 1.29764
1.918 0.0446545 1.2867
1.919 0.04593 1.27543
1.92 0.0471938 1.26385
1.921 0.0484457 1.25195
1.922 0.0496855 1.23973
1.923 0.0509127 1.22721
1.924 0.0521271 1.21439
1.925 0.0533283 1.20126
1.926 0.0545162 1.18783
1.927 0.0556903 1.17411
1.928 0.0568504 1.16009
1.929 0.0579962 1.14578
1.93 0.0591274 1.13119
1.931 0.0602437 1.11632
1.932 0.0613448 1.10117
1.933 0.0624306 1.08575
1.934 0.0635006 1.07005
1.935 0.0645547 1.05409
1.936 0.0655926 1.03787
1.937 0.066614 1.02139
1.938 0.0676186 1.00465
1.939 0.0686063 0.987668
1.94 0.0695768 0.970437
1.941 0.0705297 0.952965
1.942 0.071465 0.935256
1.943 0.0723823 0.917315
1.944 0.0732814 0.899146
1.945 0.0741622 0.880754
1.946 0.0750243 0.862143
1.947 0.0758676 0.843318
1.948 0.0766919 0.824284
1.949 0.077497 0.805045
1.95 0.0782826 0.785606
1.951 0.0790486 0.765973
1.952 0.0797947 0.746149
1.953 0.0805208 0.726141
1.954 0.0812268 0.705953
1.955 0.0819124 0.685589
1.956 0.0825774 0.665056
1.957 0.0832218 0.644359
1.958 0.0838453 0.623502
1.959 0.0844478 0.602491
1.96 0.0850291 0.581331
1.961 0.0855892 0.560027
1.962 0.0861277 0.538585
1.963 0.0866447 0.51701
1.964 0.0871401 0.495307
1.965 0.0876135 0.473482
1.966 0.0880651 0.451541
1.967 0.0884946 0.429489
1.968 0.0889019 0.407331
1.969 0.089287 0.385073
1.97 0.0896497 0.36272
1.971 0.08999 0.340279
1.972 0.0903077 0.317754
1.973 0.0906029 0.295152
1.974 0.0908754 0.272477
1.975 0.0911251 0.249737
1.976 0.091352 0.226935
1.977 0.0915561 0.204079
1.978 0.0917373 0.181174
1.979 0.0918955 0.158225
1.98 0.0920307 0.135239
1.981 0.092143 0.11222
1.982 0.0922321 0.0891754
1.983 0.0922982 0.0661102
1.984 0.0923413 0.0430304
1.985 0.0923612 0.0199416
1.986 0.0923581 -0.00315031
1.987 0.0923318 -0.0262396
1.988 0.0922825 -0.0493204
1.989 0.0922101 -0.0723871
1.99 0.0921147 -0.0954339
1.991 0.0919962 -0.118455
1.992 0.0918548 -0.141444
1.993 0.0916904 -0.164397
1.994 0.0915031 -0.187306
1.995 0.0912929 -0.210167
1.996 0.0910599 -0.232974
1.997 0.0908042 -0.25572
1.998 0.0905258 -0.2784
1.999 0.0902248 -0.30101
2 0.0899013 -0.323542
2.001 0.0895553 -0.345991
2.002 0.0891869 -0.368352
2.003 0.0887963 -0.39062
2.004 0.0883835 -0.412787
2.005 0.0879487 -0.43485
2.006 0.0874919 -0.456803
2.007 0.0870132 -0.478639
2.008 0.0865129 -0.500354
2.009 0.0859909 -0.521942
2.01 0.0854475 -0.543398
2.011 0.0848828 -0.564717
2.012 0.0842969 -0.585892
2.013 0.08369 -0.60692
2.014 0.0830622 -0.627794
2.015 0.0824137 -0.648509
2.016 0.0817446 -0.66906
2.017 0.0810552 -0.689443
2.018 0.0803456 -0.709652
2.019 0.0796159 -0.729681
2.02 0.0788663 -0.749527
2.021 0.0780972 -0.769184
2.022 0.0773085 -0.788646
2.023 0.0765006 -0.80791
2.024 0.0756736 -0.826971
2.025 0.0748278 -0.845823
2.026 0.0739633 -0.864462
2.027 0.0730805 -0.882884
2.028 0.0721794 -0.901084
2.029 0.0712603 -0.919056
2.03 0.0703235 -0.936798
2.031 0.0693692 -0.954304
2.032 0.0683977 -0.97157
2.033 0.0674091 -0.988591
2.034 0.0664037 -1.00536
2.035 0.0653818 -1.02189
2.036 0.0643437 -1.03815
2.037 0.0632895 -1.05415
2.038 0.0622196 -1.06989
2.039 0.0611343 -1.08536
2.04 0.0600337 -1.10056
2.041 0.0589182 -1.11548
2.042 0.0577881 -1.13012
2.043 0.0566436 -1.14447
2.044 0.0554851 -1.15854
2.045 0.0543128 -1.17232
2.046 0.053127 -1.18581
2.047 0.051928 -1.19899
2.048 0.0507161 -1.21188
2.049 0.0494916 -1.22446
2.05 0.0482549 -1.23674
2.051 0.0470062 -1.2487
2.052 0.0457459 -1.26035
2.053 0.0444742 -1.27169
2.054 0.0431915 -1.2827
2.055 0.0418981 -1.2934
2.056 0.0405943 -1.30377
2.057 0.0392805 -1.31381
2.058 0.0379569 -1.32353
2.059 0.036624 -1.33291
2.06 0.0352821 -1.34196
2.061 0.0339314 -1.35068
2.062 0.0325723 -1.35905
2.063 0.0312053 -1.36708
2.064 0.0298305 -1.37478
2.065 0.0284484 -1.38212
2.066 0.0270592 -1.38913
2.067 0.0256635 -1.39578
2.068 0.0242614 -1.40208
2.069 0.0228533 -1.40804
2.07 0.0214397 -1.41364
2.071 0.0200208 -1.41888
2.072 0.018597 -1.42378
2.073 0.0171687 -1.42831
2.074 0.0157362 -1.43249
2.075 0.0142999 -1.43631
2.076 0.0128602 -1.43977
2.077 0.0114173 -1.44287
2.078 0.00997168 -1.44561
2.079 0.00852369 -1.44799
2.08 0.00707369 -1.45
2.081 0.00562204 -1.45165
2.082 0.0041691 -1.45294
2.083 0.00271523 -1.45387
2.084 0.0012608 -1.45443
2.085 -0.000193832 -1.45463
2.086 -0.0016483 -1.45446
2.087 -0.00310223 -1.45394
2.088 -0.00455528 -1.45304
2.089 -0.00600707 -1.45179
2.09 -0.00745724 -1.45017
2.091 -0.00890543 -1.44819
2.092 -0.0103513 -1.44585
2.093 -0.0117944 -1.44315
2.094 -0.0132345 -1.44008
2.095 -0.0146712 -1.43666
2.096 -0.016104 -1.43287
2.097 -0.0175328 -1.42873
2.098 -0.018957 -1.42424
2.099 -0.0203764 -1.41938
2.1 -0.0217906 -1.41418
2.101 -0.0231992 -1.40861
2.102 -0.0246019 -1.4027
2.103 -0.0259983 -1.39644
2.104 -0.0273882 -1.38983
2.105 -0.028771 -1.38287
2.106 -0.0301466 -1.37557
2.107 -0.0315145 -1.36792
2.108 -0.0328744 -1.35993
2.109 -0.034226 -1.3516
2.11 -0.035569 -1.34294
2.111 -0.0369029 -1.33394
2.112 -0.0382275 -1.32461
2.113 -0.0395425 -1.31495
2.114 -0.0408474 -1.30495
2.115 -0.0421421 -1.29464
2.116 -0.0434261 -1.284
2.117 -0.0446991 -1.27304
2.118 -0.0459609 -1.26176
2.119 -0.047211 -1.25017
2.12 -0.0484493 -1.23827
2.121 -0.0496754 -1.22606
2.122 -0.0508889 -1.21354
2.123 -0.0520896 -1.20072
2.124 -0.0532772 -1.1876
2.125 -0.0544514 -1.17419
2.126 -0.0556119 -1.16048
2.127 -0.0567584 -1.14649
2.128 -0.0578906 -1.1322
2.129 -0.0590082 -1.11764
2.13 -0.060111 -1.1028
2.131 -0.0611987 -1.08768
2.132 -0.062271 -1.0723
2.133 -0.0633277 -1.05664
2.134 -0.0643684 -1.04073
2.135 -0.0653929 -1.02455
2.136 -0.0664011 -1.00812
2.137 -0.0673925 -0.991441
2.138 -0.068367 -0.974513
2.139 -0.0693244 -0.957344
2.14 -0.0702643 -0.939936
2.141 -0.0711866 -0.922295
2.142 -0.072091 -0.904424
2.143 -0.0729773 -0.886329
2.144 -0.0738454 -0.868014
2.145 -0.0746948 -0.849483
2.146 -0.0755256 -0.830742
2.147 -0.0763374 -0.811794
2.148 -0.07713 -0.792644
2.149 -0.0779033 -0.773299
2.15 -0.0786571 -0.753761
2.151 -0.0793911 -0.734036
2.152 -0.0801052 -0.71413
2.153 -0.0807993 -0.694046
2.154 -0.0814731 -0.673791
2.155 -0.0821265 -0.653369
2.156 -0.0827592 -0.632785
2.157 -0.0833713 -0.612044
2.158 -0.0839624 -0.591153
2.159 -0.0845326 -0.570115
2.16 -0.0850815 -0.548936
2.161 -0.0856091 -0.527622
2.162 -0.0861153 -0.506177
2.163 -0.0865999 -0.484608
2.164 -0.0870628 -0.462919
2.165 -0.0875039 -0.441116
2.166 -0.0879231 -0.419205
2.167 -0.0883203 -0.397191
2.168 -0.0886954 -0.375079
2.169 -0.0890483 -0.352875
2.17 -0.0893789 -0.330585
2.171 -0.0896871 -0.308214
2.172 -0.0899728 -0.285767
2.173 -0.0902361 -0.263251
2.174 -0.0904768 -0.240671
2.175 -0.0906948 -0.218033
2.176 -0.0908901 -0.195342
2.177 -0.0910627 -0.172603
2.178 -0.0912126 -0.149824
2.179 -0.0913396 -0.127009
2.18 -0.0914437 -0.104164
2.181 -0.091525 -0.0812944
2.182 -0.0915834 -0.0584066
2.183 -0.091619 -0.0355061
2.184 -0.0916315 -0.0125985
2.185 -0.0916212 0.0103104
2.186 -0.091588 0.0332149
2.187 -0.0915319 0.0561092
2.188 -0.0914529 0.0789877
2.189 -0.0913511 0.101845
2.19 -0.0912264 0.124674
2.191 -0.0910789 0.147471
2.192 -0.0909087 0.170229
2.193 -0.0907158 0.192942
2.194 -0.0905002 0.215606
2.195 -0.0902619 0.238214
2.196 -0.0900012 0.26076
2.197 -0.0897179 0.28324
2.198 -0.0894123 0.305646
2.199 -0.0890843 0.327975
2.2 -0.0887341 0.35022
2.201 -0.0883617 0.372375
2.202 -0.0879673 0.394436
2.203 -0.0875509 0.416396
2.204 -0.0871126 0.438251
2.205 -0.0866527 0.459994
2.206 -0.086171 0.48162
2.207 -0.0856679 0.503124
2.208 -0.0851434 0.524501
2.209 -0.0845977 0.545745
2.21 -0.0840308 0.566851
2.211 -0.083443 0.587813
2.212 -0.0828344 0.608627
2.213 -0.0822051 0.629287
2.214 -0.0815553 0.649788
2.215 -0.0808852 0.670124
2.216 -0.0801949 0.690292
2.217 -0.0794846 0.710286
2.218 -0.0787545 0.7301
2.219 -0.0780048 0.74973
2.22 -0.0772356 0.769171
2.221 -0.0764472 0.788419
2.222 -0.0756397 0.807467
2.223 -0.0748134 0.826313
2.224 -0.0739684 0.84495
2.225 -0.0731051 0.863375
2.226 -0.0722235 0.881582
2.227 -0.0713239 0.899567
2.228 -0.0704066 0.917326
2.229 -0.0694717 0.934854
2.23 -0.0685196 0.952148
2.231 -0.0675504 0.969201
2.232 -0.0665644 0.986011
2.233 -0.0655618 1.00257
2.234 -0.0645429 1.01888
2.235 -0.063508 1.03494
2.236 -0.0624573 1.05073
2.237 -0.061391 1.06626
2.238 -0.0603095 1.08152
2.239 -0.059213 1.09652
2.24 -0.0581017 1.11123
2.241 -0.0569761 1.12567
2.242 -0.0558362 1.13982
2.243 -0.0546825 1.15369
2.244 -0.0535153 1.16727
2.245 -0.0523347 1.18055
2.246 -0.0511412 1.19354
2.247 -0.0499349 1.20623
2.248 -0.0487163 1.21862
2.249 -0.0474856 1.2307
2.25 -0.0462431 1.24247
2.251 -0.0449892 1.25394
2.252 -0.0437241 1.26508
2.253 -0.0424482 1.27591
2.254 -0.0411618 1.28642
2.255 -0.0398652 1.29661
2.256 -0.0385587 1.30647
2.257 -0.0372427 1.31601
2.258 -0.0359175 1.32521
2.259 -0.0345834 1.33409
2.26 -0.0332408 1.34263
2.261 -0.03189 1.35083
2.262 -0.0305313 1.35869
2.263 -0.029165 1.36622
2.264 -0.0277916 1.3734
2.265 -0.0264114 1.38024
2.266 -0.0250247 1.38673
2.267 -0.0236318 1.39287
2.268 -0.0222331 1.39867
2.269 -0.020829 1.40412
2.27 -0.0194198 1.40921
2.271 -0.0180058 1.41395
2.272 -0.0165875 1.41834
2.273 -0.0151651 1.42238
2.274 -0.0137391 1.42605
2.275 -0.0123097 1.42937
2.276 -0.0108774 1.43234
2.277 -0.00944242 1.43494
2.278 -0.00800523 1.43719
2.279 -0.00656616 1.43907
2.28 -0.00512556 1.4406
2.281 -0.00368379 1.44177
2.282 -0.00224122 1.44257
2.283 -0.000798198 1.44302
2.284 0.000644903 1.4431
2.285 0.00208773 1.44282
2.286 0.00352992 1.44219
2.287 0.00497111 1.44119
2.288 0.00641094 1.43983
2.289 0.00784905 1.43811
2.29 0.00928509 1.43604
2.291 0.0107187 1.4336
2.292 0.0121495 1.43081
2.293 0.0135771 1.42765
2.294 0.0150013 1.42415
2.295 0.0164216 1.42028
2.296 0.0178376 1.41606
2.297 0.0192491 1.41149
2.298 0.0206557 1.40656
2.299 0.022057 1.40129
2.3 0.0234526 1.39566
2.301 0.0248423 1.38969
2.302 0.0262257 1.38337
2.303 0.0276024 1.3767
2.304 0.0289721 1.36969
2.305 0.0303344 1.36233
2.306 0.0316891 1.35464
2.307 0.0330357 1.34661
2.308 0.0343739 1.33824
2.309 0.0357035 1.32954
2.31 0.037024 1.32051
2.311 0.0383351 1.31115
2.312 0.0396366 1.30146
2.313 0.040928 1.29145
2.314 0.0422091 1.28111
2.315 0.0434796 1.27046
2.316 0.0447391 1.25949
2.317 0.0459873 1.2482
2.318 0.0472239 1.2366
2.319 0.0484486 1.2247
2.32 0.0496611 1.21249
2.321 0.0508611 1.19998
2.322 0.0520482 1.18717
2.323 0.0532223 1.17406
2.324 0.0543829 1.16066
2.325 0.0555299 1.14697
2.326 0.0566629 1.133
2.327 0.0577817 1.11874
2.328 0.0588859 1.10421
2.329 0.0599753 1.0894
2.33 0.0610496 1.07431
2.331 0.0621085 1.05897
2.332 0.0631519 1.04335
2.333 0.0641794 1.02748
2.334 0.0651907 1.01136
2.335 0.0661857 0.994977
2.336 0.0671641 0.978351
2.337 0.0681255 0.961482
2.338 0.0690699 0.944374
2.339 0.0699969 0.927031
2.34 0.0709064 0.909457
2.341 0.0717981 0.891658
2.342 0.0726717 0.873637
2.343 0.0735271 0.855399
2.344 0.074364 0.836949
2.345 0.0751823 0.818291
2.346 0.0759818 0.79943
2.347 0.0767621 0.780371
2.348 0.0775233 0.761118
2.349 0.0782649 0.741676
2.35 0.078987 0.722051
2.351 0.0796892 0.702246
2.352 0.0803715 0.682268
2.353 0.0810336 0.66212
2.354 0.0816754 0.641809
2.355 0.0822968 0.621338
2.356 0.0828975 0.600715
2.357 0.0834774 0.579942
2.358 0.0840364 0.559026
2.359 0.0845744 0.537973
2.36 0.0850912 0.516786
2.361 0.0855867 0.495472
2.362 0.0860607 0.474035
2.363 0.0865132 0.452482
2.364 0.086944 0.430818
2.365 0.0873531 0.409047
2.366 0.0877402 0.387176
2.367 0.0881054 0.36521
2.368 0.0884486 0.343155
2.369 0.0887696 0.321015
2.37 0.0890684 0.298797
2.371 0.0893449 0.276506
2.372 0.0895991 0.254148
2.373 0.0898308 0.231728
2.374 0.09004 0.209251
2.375 0.0902268 0.186725
2.376 0.0903909 0.164153
2.377 0.0905325 0.141542
2.378 0.0906514 0.118898
2.379 0.0907476 0.0962254
2.38 0.0908211 0.0735308
2.381 0.0908719 0.0508196
2.382 0.0909 0.0280976
2.383 0.0909054 0.00537034
2.384 0.0908881 -0.0173564
2.385 0.090848 -0.0400771
2.386 0.0907852 -0.0627859
2.387 0.0906997 -0.0854771
2.388 0.0905916 -0.108145
2.389 0.0904608 -0.130784
2.39 0.0903074 -0.153389
2.391 0.0901314 -0.175954
2.392 0.089933 -0.198473
2.393 0.089712 -0.22094
2.394 0.0894687 -0.24335
2.395 0.089203 -0.265698
2.396 0.088915 -0.287977
2.397 0.0886048 -0.310183
2.398 0.0882725 -0.33231
2.399 0.0879182 -0.354351
2.4 0.0875419 -0.376302
2.401 0.0871437 -0.398158
2.402 0.0867238 -0.419912
2.403 0.0862822 -0.441559
2.404 0.0858191 -0.463094
2.405 0.0853346 -0.484512
2.406 0.0848288 -0.505807
2.407 0.0843018 -0.526974
2.408 0.0837538 -0.548007
2.409 0.0831849 -0.568902
2.41 0.0825953 -0.589652
2.411 0.081985 -0.610254
2.412 0.0813543 -0.630701
2.413 0.0807033 -0.650989
2.414 0.0800322 -0.671113
2.415 0.0793412 -0.691068
2.416 0.0786303 -0.710848
2.417 0.0778999 -0.730448
2.418 0.07715 -0.749865
2.419 0.0763809 -0.769092
2.42 0.0755928 -0.788126
2.421 0.0747858 -0.806961
2.422 0.0739602 -0.825593
2.423 0.0731162 -0.844017
2.424 0.072254 -0.862229
2.425 0.0713737 -0.880223
2.426 0.0704758 -0.897996
2.427 0.0695602 -0.915543
2.428 0.0686273 -0.93286
2.429 0.0676774 -0.949942
2.43 0.0667106 -0.966786
2.431 0.0657272 -0.983386
2.432 0.0647275 -0.999739
2.433 0.0637117 -1.01584
2.434 0.06268 -1.03169
2.435 0.0616327 -1.04728
2.436 0.0605701 -1.0626
2.437 0.0594924 -1.07766
2.438 0.0584 -1.09244
2.439 0.057293 -1.10696
2.44 0.0561718 -1.12119
2.441 0.0550367 -1.13514
2.442 0.0538879 -1.14881
2.443 0.0527257 -1.16219
2.444 0.0515504 -1.17528
2.445 0.0503623 -1.18807
2.446 0.0491618 -1.20057
2.447 0.047949 -1.21276
2.448 0.0467243 -1.22466
2.449 0.0454881 -1.23624
2.45 0.0442406 -1.24751
2.451 0.0429821 -1.25847
2.452 0.041713 -1.26912
2.453 0.0404336 -1.27944
2.454 0.0391441 -1.28945
2.455 0.037845 -1.29913
2.456 0.0365365 -1.30849
2.457 0.035219 -1.31752
2.458 0.0338928 -1.32622
2.459 0.0325582 -1.33459
2.46 0.0312156 -1.34262
2.461 0.0298652 -1.35031
2.462 0.0285076 -1.35767
2.463 0.0271429 -1.36469
2.464 0.0257715 -1.37137
2.465 0.0243938 -1.3777
2.466 0.0230101 -1.38369
2.467 0.0216208 -1.38933
2.468 0.0202262 -1.39463
2.469 0.0188266 -1.39957
2.47 0.0174224 -1.40416
2.471 0.016014 -1.40841
2.472 0.0146017 -1.4123
2.473 0.0131859 -1.41584
2.474 0.0117669 -1.41902
2.475 0.010345 -1.42185
2.476 0.0089207 -1.42432
2.477 0.00749426 -1.42644
2.478 0.00606607 -1.4282
2.479 0.00463647 -1.4296
2.48 0.00320583 -1.43064
2.481 0.0017745 -1.43133
2.482 0.000342837 -1.43166
2.483 -0.00108879 -1.43163
2.484 -0.00252004 -1.43124
2.485 -0.00395054 -1.4305
2.486 -0.00537993 -1.4294
2.487 -0.00680787 -1.42794
2.488 -0.00823399 -1.42612
2.489 -0.00965794 -1.42395
2.49 -0.0110794 -1.42142
2.491 -0.0124979 -1.41854
2.492 -0.0139132 -1.4153
2.493 -0.0153249 -1.41171
2.494 -0.0167327 -1.40776
2.495 -0.0181361 -1.40347
2.496 -0.019535 -1.39882
2.497 -0.0209288 -1.39383
2.498 -0.0223173 -1.38848
2.499 -0.0237001 -1.38279
2.5 -0.0250768 -1.37676
2.501 -0.0264472 -1.37038
2.502 -0.0278108 -1.36365
2.503 -0.0291674 -1.35659
2.504 -0.0305166 -1.34919
2.505 -0.0318581 -1.34146
2.506 -0.0331915 -1.33338
2.507 -0.0345164 -1.32498
2.508 -0.0358327 -1.31624
2.509 -0.0371399 -1.30718
2.51 -0.0384377 -1.29779
2.511 -0.0397257 -1.28808
2.512 -0.0410038 -1.27804
2.513 -0.0422715 -1.26769
2.514 -0.0435285 -1.25702
2.515 -0.0447745 -1.24604
2.516 -0.0460093 -1.23474
2.517 -0.0472324 -1.22314
2.518 -0.0484437 -1.21124
2.519 -0.0496427 -1.19903
2.52 -0.0508292 -1.18652
2.521 -0.0520029 -1.17372
2.522 -0.0531636 -1.16063
2.523 -0.0543108 -1.14724
2.524 -0.0554444 -1.13357
2.525 -0.056564 -1.11962
2.526 -0.0576694 -1.10539
2.527 -0.0587603 -1.09089
2.528 -0.0598364 -1.07611
2.529 -0.0608974 -1.06106
2.53 -0.0619432 -1.04575
2.531 -0.0629734 -1.03018
2.532 -0.0639877 -1.01436
2.533 -0.064986 -0.99828
2.534 -0.065968 -0.981954
2.535 -0.0669334 -0.965383
2.536 -0.0678819 -0.948573
2.537 -0.0688135 -0.931526
2.538 -0.0697277 -0.914248
2.539 -0.0706244 -0.896743
2.54 -0.0715035 -0.879015
2.541 -0.0723645 -0.861069
2.542 -0.0732074 -0.842909
2.543 -0.074032 -0.82454
2.544 -0.0748379 -0.805966
2.545 -0.0756251 -0.787192
2.546 -0.0763934 -0.768223
2.547 -0.0771424 -0.749063
2.548 -0.0778721 -0.729717
2.549 -0.0785823 -0.710191
2.55 -0.0792728 -0.690489
2.551 -0.0799434 -0.670615
2.552 -0.080594 -0.650576
2.553 -0.0812244 -0.630375
2.554 -0.0818344 -0.610019
2.555 -0.0824239 -0.589511
2.556 -0.0829928 -0.568858
2.557 -0.0835408 -0.548064
2.558 -0.084068 -0.527135
2.559 -0.0845741 -0.506076
2.56 -0.0850589 -0.484892
2.561 -0.0855225 -0.463589
2.562 -0.0859647 -0.442171
2.563 -0.0863853 -0.420644
2.564 -0.0867844 -0.399014
2.565 -0.0871616 -0.377286
2.566 -0.0875171 -0.355466
2.567 -0.0878507 -0.333558
2.568 -0.0881622 -0.311569
2.569 -0.0884517 -0.289503
2.57 -0.0887191 -0.267367
2.571 -0.0889643 -0.245166
2.572 -0.0891872 -0.222905
2.573 -0.0893878 -0.200591
2.574 -0.089566 -0.178228
2.575 -0.0897218 -0.155822
2.576 -0.0898552 -0.133379
2.577 -0.0899661 -0.110905
2.578 -0.0900545 -0.0884041
2.579 -0.0901204 -0.0658834
2.58 -0.0901637 -0.0433481
2.581 -0.0901845 -0.0208037
2.582 -0.0901828 0.00174415
2.583 -0.0901585 0.0242897
2.584 -0.0901117 0.0468274
2.585 -0.0900423 0.0693516
2.586 -0.0899505 0.0918566
2.587 -0.0898361 0.114337
2.588 -0.0896994 0.136787
2.589 -0.0895402 0.159201
2.59 -0.0893586 0.181573
2.591 -0.0891547 0.203898
2.592 -0.0889285 0.22617
2.593 -0.0886801 0.248384
2.594 -0.0884096 0.270535
2.595 -0.088117 0.292615
2.596 -0.0878024 0.314621
2.597 -0.0874658 0.336547
2.598 -0.0871074 0.358386
2.599 -0.0867273 0.380134
2.6 -0.0863255 0.401786
2.601 -0.0859022 0.423335
2.602 -0.0854574 0.444777
2.603 -0.0849913 0.466105
2.604 -0.084504 0.487316
2.605 -0.0839956 0.508403
2.606 -0.0834662 0.529361
2.607 -0.082916 0.550185
2.608 -0.0823451 0.57087
2.609 -0.0817537 0.591411
2.61 -0.0811419 0.611802
2.611 -0.0805099 0.632039
2.612 -0.0798578 0.652116
2.613 -0.0791858 0.672028
2.614 -0.078494 0.691771
2.615 -0.0777826 0.711339
2.616 -0.0770519 0.730727
2.617 -0.076302 0.749932
2.618 -0.075533 0.768947
2.619 -0.0747453 0.787769
2.62 -0.0739389 0.806392
2.621 -0.0731141 0.824813
2.622 -0.072271 0.843025
2.623 -0.07141 0.861026
2.624 -0.0705312 0.878809
2.625 -0.0696348 0.896372
2.626 -0.0687211 0.913709
2.627 -0.0677903 0.930816
2.628 -0.0668426 0.947689
2.629 -0.0658783 0.964324
2.63 -0.0648976 0.980716
2.631 -0.0639007 0.996862
2.632 -0.062888 1.01276
2.633 -0.0618596 1.0284
2.634 -0.0608158 1.04378
2.635 -0.0597569 1.0589
2.636 -0.0586831 1.07376
2.637 -0.0575948 1.08834
2.638 -0.0564921 1.10265
2.639 -0.0553754 1.11669
2.64 -0.054245 1.13044
2.641 -0.0531011 1.14391
2.642 -0.051944 1.1571
2.643 -0.050774 1.16999
2.644 -0.0495914 1.18259
2.645 -0.0483965 1.19489
2.646 -0.0471896 1.2069
2.647 -0.045971 1.2186
2.648 -0.044741 1.22999
2.649 -0.0434999 1.24108
2.65 -0.0422481 1.25186
2.651 -0.0409858 1.26232
2.652 -0.0397133 1.27246
2.653 -0.038431 1.28229
2.654 -0.0371392 1.29179
2.655 -0.0358383 1.30098
2.656 -0.0345284 1.30983
2.657 -0.0332101 1.31836
2.658 -0.0318835 1.32656
2.659 -0.0305491 1.33442
2.66 -0.0292071 1.34195
2.661 -0.027858 1.34915
2.662 -0.026502 1.356
2.663 -0.0251395 1.36252
2.664 -0.0237708 1.36869
2.665 -0.0223962 1.37453
2.666 -0.0210162 1.38002
2.667 -0.0196311 1.38516
2.668 -0.0182411 1.38996
2.669 -0.0168467 1.39441
2.67 -0.0154482 1.39851
2.671 -0.0140459 1.40226
2.672 -0.0126403 1.40566
2.673 -0.0112316 1.4087
2.674 -0.00982018 1.4114
2.675 -0.00840644 1.41374
2.676 -0.00699071 1.41573
2.677 -0.00557335 1.41736
2.678 -0.0041547 1.41864
2.679 -0.00273513 1.41957
2.68 -0.00131499 1.42014
2.681 0.000105363 1.42035
2.682 0.00152558 1.42021
2.683 0.0029453 1.41972
2.684 0.00436417 1.41887
2.685 0.00578183 1.41767
2.686 0.00719794 1.41611
2.687 0.00861213 1.41419
2.688 0.0100241 1.41193
2.689 0.0114334 1.40931
2.69 0.0128397 1.40634
2.691 0.0142427 1.40302
2.692 0.0156421 1.39934
2.693 0.0170374 1.39532
2.694 0.0184283 1.39095
2.695 0.0198146 1.38623
2.696 0.0211957 1.38117
2.697 0.0225715 1.37576
2.698 0.0239415 1.37
2.699 0.0253054 1.36391
2.7 0.0266629 1.35747
2.701 0.0280136 1.3507
2.702 0.0293572 1.34359
2.703 0.0306933 1.33614
2.704 0.0320217 1.32836
2.705 0.0333419 1.32025
2.706 0.0346537 1.31181
2.707 0.0359568 1.30304
2.708 0.0372507 1.29395
2.709 0.0385352 1.28453
2.71 0.03981 1.27479
2.711 0.0410748 1.26474
2.712 0.0423291 1.25437
2.713 0.0435728 1.24369
2.714 0.0448055 1.23269
2.715 0.0460269 1.22139
2.716 0.0472367 1.20979
2.717 0.0484346 1.19788
2.718 0.0496202 1.18568
2.719 0.0507934 1.17318
2.72 0.0519538 1.16039
2.721 0.0531011 1.1473
2.722 0.0542351 1.13394
2.723 0.0553553 1.12029
2.724 0.0564617 1.10636
2.725 0.0575539 1.09216
2.726 0.0586315 1.07768
2.727 0.0596945 1.06294
2.728 0.0607424 1.04793
2.729 0.0617751 1.03266
2.73 0.0627922 1.01713
2.731 0.0637935 1.00135
2.732 0.0647789 0.985324
2.733 0.0657479 0.96905
2.734 0.0667005 0.952536
2.735 0.0676362 0.935784
2.736 0.068555 0.9188
2.737 0.0694566 0.901588
2.738 0.0703408 0.884152
2.739 0.0712073 0.866496
2.74 0.0720559 0.848625
2.741 0.0728864 0.830543
2.742 0.0736987 0.812255
2.743 0.0744925 0.793765
2.744 0.0752675 0.775079
2.745 0.0760237 0.7562
2.746 0.0767609 0.737133
2.747 0.0774788 0.717884
2.748 0.0781772 0.698457
2.749 0.0788561 0.678857
2.75 0.0795152 0.659088
2.751 0.0801543 0.639157
2.752 0.0807734 0.619067
2.753 0.0813722 0.598824
2.754 0.0819506 0.578433
2.755 0.0825085 0.557899
2.756 0.0830458 0.537228
2.757 0.0835622 0.516423
2.758 0.0840577 0.495491
2.759 0.0845321 0.474437
2.76 0.0849854 0.453266
2.761 0.0854174 0.431984
2.762 0.085828 0.410595
2.763 0.0862171 0.389105
2.764 0.0865846 0.36752
2.765 0.0869304 0.345844
2.766 0.0872545 0.324084
2.767 0.0875568 0.302244
2.768 0.0878371 0.280331
2.769 0.0880954 0.258349
2.77 0.0883317 0.236305
2.771 0.088546 0.214203
2.772 0.088738 0.192049
2.773 0.0889079 0.169849
2.774 0.0890555 0.147609
2.775 0.0891808 0.125333
2.776 0.0892838 0.103028
2.777 0.0893645 0.0806987
2.778 0.0894229 0.0583511
2.779 0.0894589 0.0359907
2.78 0.0894725 0.0136231
2.781 0.0894637 -0.00874611
2.782 0.0894326 -0.0311113
2.783 0.0893792 -0.053467
2.784 0.0893034 -0.0758075
2.785 0.0892052 -0.0981273
2.786 0.0890848 -0.120421
2.787 0.0889421 -0.142682
2.788 0.0887772 -0.164906
2.789 0.0885901 -0.187088
2.79 0.0883809 -0.20922
2.791 0.0881496 -0.231299
2.792 0.0878963 -0.253318
2.793 0.087621 -0.275271
2.794 0.0873239 -0.297155
2.795 0.0870049 -0.318962
2.796 0.0866642 -0.340687
2.797 0.0863019 -0.362326
2.798 0.085918 -0.383873
2.799 0.0855127 -0.405322
2.8 0.085086 -0.426667
2.801 0.0846381 -0.447905
2.802 0.0841691 -0.469028
2.803 0.0836791 -0.490033
2.804 0.0831681 -0.510914
2.805 0.0826365 -0.531665
2.806 0.0820842 -0.552281
2.807 0.0815114 -0.572758
2.808 0.0809184 -0.59309
2.809 0.0803051 -0.613272
2.81 0.0796718 -0.6333
2.811 0.0790186 -0.653167
2.812 0.0783457 -0.672869
2.813 0.0776533 -0.692402
2.814 0.0769416 -0.71176
2.815 0.0762106 -0.730938
2.816 0.0754607 -0.749933
2.817 0.074692 -0.768738
2.818 0.0739046 -0.787349
2.819 0.0730989 -0.805762
2.82 0.0722749 -0.823973
2.821 0.0714329 -0.841975
2.822 0.0705731 -0.859766
2.823 0.0696958 -0.877341
2.824 0.0688011 -0.894695
2.825 0.0678893 -0.911823
2.826 0.0669606 -0.928723
2.827 0.0660152 -0.945389
2.828 0.0650534 -0.961817
2.829 0.0640754 -0.978003
2.83 0.0630814 -0.993944
2.831 0.0620718 -1.00963
2.832 0.0610467 -1.02507
2.833 0.0600065 -1.04025
2.834 0.0589513 -1.05517
2.835 0.0578815 -1.06982
2.836 0.0567973 -1.08421
2.837 0.0556989 -1.09832
2.838 0.0545868 -1.11216
2.839 0.0534611 -1.12572
2.84 0.0523221 -1.13899
2.841 0.0511701 -1.15198
2.842 0.0500054 -1.16468
2.843 0.0488283 -1.17709
2.844 0.0476391 -1.1892
2.845 0.0464381 -1.20102
2.846 0.0452256 -1.21253
2.847 0.0440018 -1.22374
2.848 0.0427672 -1.23464
2.849 0.041522 -1.24523
2.85 0.0402665 -1.25552
2.851 0.039001 -1.26548
2.852 0.0377258 -1.27513
2.853 0.0364414 -1.28446
2.854 0.0351479 -1.29347
2.855 0.0338458 -1.30215
2.856 0.0325353 -1.31051
2.857 0.0312167 -1.31854
2.858 0.0298905 -1.32624
2.859 0.0285569 -1.3336
2.86 0.0272162 -1.34063
2.861 0.0258689 -1.34733
2.862 0.0245152 -1.35369
2.863 0.0231555 -1.35971
2.864 0.0217901 -1.36539
2.865 0.0204194 -1.37073
2.866 0.0190437 -1.37573
2.867 0.0176633 -1.38038
2.868 0.0162786 -1.38468
2.869 0.01489 -1.38864
2.87 0.0134977 -1.39225
2.871 0.0121022 -1.39551
2.872 0.0107038 -1.39843
2.873 0.00930278 -1.40099
2.874 0.00789957 -1.40321
2.875 0.0064945 -1.40507
2.876 0.00508792 -1.40658
2.877 0.00368018 -1.40774
2.878 0.00227163 -1.40855
2.879 0.000862631 -1.409
2.88 -0.000546474 -1.40911
2.881 -0.00195533 -1.40886
2.882 -0.00336358 -1.40825
2.883 -0.00477088 -1.4073
2.884 -0.00617688 -1.406
2.885 -0.00758122 -1.40434
2.886 -0.00898355 -1.40233
2.887 -0.0103835 -1.39997
2.888 -0.0117808 -1.39727
2.889 -0.013175 -1.39421
2.89 -0.0145658 -1.3908
2.891 -0.0159528 -1.38705
2.892 -0.0173358 -1.38295
2.893 -0.0187143 -1.37851
2.894 -0.020088 -1.37372
2.895 -0.0214566 -1.36859
2.896 -0.0228197 -1.36311
2.897 -0.024177 -1.3573
2.898 -0.0255282 -1.35115
2.899 -0.0268728 -1.34466
2.9 -0.0282107 -1.33783
2.901 -0.0295413 -1.33067
2.902 -0.0308645 -1.32318
2.903 -0.0321799 -1.31536
2.904 -0.0334871 -1.30721
2.905 -0.0347858 -1.29873
2.906 -0.0360757 -1.28993
2.907 -0.0373565 -1.28081
2.908 -0.0386279 -1.27137
2.909 -0.0398895 -1.26161
2.91 -0.041141 -1.25153
2.911 -0.0423822 -1.24115
2.912 -0.0436126 -1.23045
2.913 -0.0448321 -1.21945
2.914 -0.0460402 -1.20815
2.915 -0.0472368 -1.19654
2.916 -0.0484214 -1.18463
2.917 -0.0495938 -1.17243
2.918 -0.0507538 -1.15994
2.919 -0.0519009 -1.14716
2.92 -0.053035 -1.13409
2.921 -0.0541558 -1.12074
2.922 -0.0552629 -1.10712
2.923 -0.0563561 -1.09321
2.924 -0.0574351 -1.07903
2.925 -0.0584997 -1.06459
2.926 -0.0595496 -1.04988
2.927 -0.0605845 -1.03491
2.928 -0.0616042 -1.01968
2.929 -0.0626084 -1.0042
2.93 -0.0635969 -0.988464
2.931 -0.0645693 -0.972486
2.932 -0.0655256 -0.956266
2.933 -0.0664654 -0.939808
2.934 -0.0673885 -0.923116
2.935 -0.0682947 -0.906195
2.936 -0.0691838 -0.889049
2.937 -0.0700555 -0.871682
2.938 -0.0709096 -0.854099
2.939 -0.0717459 -0.836303
2.94 -0.0725642 -0.818299
2.941 -0.0733643 -0.800093
2.942 -0.0741459 -0.781688
2.943 -0.074909 -0.763089
2.944 -0.0756533 -0.744301
2.945 -0.0763787 -0.725328
2.946 -0.0770848 -0.706175
2.947 -0.0777717 -0.686847
2.948 -0.078439 -0.667349
2.949 -0.0790867 -0.647686
2.95 -0.0797146 -0.627863
2.951 -0.0803225 -0.607884
2.952 -0.0809102 -0.587755
2.953 -0.0814777 -0.56748
2.954 -0.0820248 -0.547065
2.955 -0.0825513 -0.526515
2.956 -0.0830571 -0.505835
2.957 -0.0835421 -0.485031
2.958 -0.0840062 -0.464106
2.959 -0.0844493 -0.443068
2.96 -0.0848712 -0.42192
2.961 -0.0852719 -0.400668
2.962 -0.0856512 -0.379318
2.963 -0.0860091 -0.357875
2.964 -0.0863454 -0.336344
2.965 -0.0866602 -0.314731
2.966 -0.0869532 -0.293041
2.967 -0.0872245 -0.271279
2.968 -0.0874739 -0.249451
2.969 -0.0877015 -0.227563
2.97 -0.0879071 -0.205619
2.971 -0.0880908 -0.183626
2.972 -0.0882523 -0.161588
2.973 -0.0883919 -0.139512
2.974 -0.0885093 -0.117403
2.975 -0.0886045 -0.0952666
2.976 -0.0886776 -0.0731079
2.977 -0.0887286 -0.0509326
2.978 -0.0887573 -0.0287464
2.979 -0.0887639 -0.00655477
2.98 -0.0887482 0.0156367
2.981 -0.0887104 0.0378225
2.982 -0.0886504 0.0599971
2.983 -0.0885683 0.0821549
2.984 -0.088464 0.10429
2.985 -0.0883376 0.126398
2.986 -0.0881891 0.148472
2.987 -0.0880186 0.170508
2.988 -0.0878261 0.192499
2.989 -0.0876116 0.21444
2.99 -0.0873753 0.236326
2.991 -0.0871172 0.258151
2.992 -0.0868373 0.279909
2.993 -0.0865357 0.301596
2.994 -0.0862125 0.323206
2.995 -0.0858677 0.344733
2.996 -0.0855016 0.366172
2.997 -0.085114 0.387519
2.998 -0.0847053 0.408766
2.999 -0.0842754 0.42991
3 -0.0838244 0.450944
3.001 -0.0833525 0.471864
3.002 -0.0828599 0.492665
3.003 -0.0823465 0.51334
3.004 -0.0818127 0.533886
3.005 -0.0812584 0.554296
3.006 -0.0806838 0.574566
3.007 -0.0800891 0.594691
3.008 -0.0794744 0.614666
3.009 -0.07884 0.634486
3.01 -0.0781858 0.654145
3.011 -0.0775122 0.673639
3.012 -0.0768192 0.692963
3.013 -0.0761071 0.712112
3.014 -0.075376 0.731082
3.015 -0.0746261 0.749868
3.016 -0.0738577 0.768464
3.017 -0.0730708 0.786867
3.018 -0.0722657 0.805072
3.019 -0.0714427 0.823074
3.02 -0.0706018 0.840869
3.021 -0.0697433 0.858452
3.022 -0.0688675 0.875819
3.023 -0.0679746 0.892966
3.024 -0.0670647 0.909888
3.025 -0.0661381 0.926582
3.026 -0.065195 0.943042
3.027 -0.0642358 0.959265
3.028 -0.0632605 0.975247
3.029 -0.0622696 0.990985
3.03 -0.0612631 1.00647
3.031 -0.0602414 1.02171
3.032 -0.0592047 1.03669
3.033 -0.0581533 1.0514
3.034 -0.0570874 1.06586
3.035 -0.0560074 1.08005
3.036 -0.0549134 1.09396
3.037 -0.0538058 1.1076
3.038 -0.0526848 1.12096
3.039 -0.0515508 1.13405
3.04 -0.050404 1.14684
3.041 -0.0492446 1.15935
3.042 -0.048073 1.17157
3.043 -0.0468895 1.1835
3.044 -0.0456944 1.19512
3.045 -0.044488 1.20645
3.046 -0.0432705 1.21748
3.047 -0.0420423 1.2282
3.048 -0.0408037 1.23861
3.049 -0.039555 1.24871
3.05 -0.0382965 1.2585
3.051 -0.0370285 1.26797
3.052 -0.0357514 1.27713
3.053 -0.0344654 1.28596
3.054 -0.0331709 1.29448
3.055 -0.0318683 1.30267
3.056 -0.0305577 1.31053
3.057 -0.0292397 1.31806
3.058 -0.0279144 1.32527
3.059 -0.0265823 1.33214
3.06 -0.0252436 1.33868
3.061 -0.0238987 1.34488
3.062 -0.0225479 1.35075
3.063 -0.0211917 1.35628
3.064 -0.0198302 1.36147
3.065 -0.0184639 1.36632
3.066 -0.017093 1.37083
3.067 -0.0157181 1.37499
3.068 -0.0143392 1.37881
3.069 -0.012957 1.38228
3.07 -0.0115716 1.38541
3.071 -0.0101834 1.38819
3.072 -0.00879273 1.39063
3.073 -0.00740002 1.39272
3.074 -0.00600556 1.39445
3.075 -0.00460972 1.39584
3.076 -0.00321283 1.39688
3.077 -0.00181526 1.39758
3.078 -0.00041734 1.39792
3.079 0.00098057 1.39791
3.08 0.00237812 1.39755
3.081 0.00377497 1.39685
3.082 0.00517076 1.39579
3.083 0.00656515 1.39439
3.084 0.00795778 1.39263
3.085 0.00934832 1.39053
3.086 0.0107364 1.38809
3.087 0.0121217 1.38529
3.088 0.0135038 1.38215
3.089 0.0148825 1.37866
3.09 0.0162573 1.37483
3.091 0.017628 1.37066
3.092 0.0189941 1.36614
3.093 0.0203554 1.36128
3.094 0.0217115 1.35608
3.095 0.023062 1.35055
3.096 0.0244067 1.34467
3.097 0.0257452 1.33847
3.098 0.0270771 1.33192
3.099 0.0284022 1.32505
3.1 0.02972 1.31784
3.101 0.0310303 1.3103
3.102 0.0323327 1.30244
3.103 0.033627 1.29425
3.104 0.0349127 1.28574
3.105 0.0361897 1.27691
3.106 0.0374574 1.26776
3.107 0.0387157 1.2583
3.108 0.0399642 1.24852
3.109 0.0412027 1.23843
3.11 0.0424307 1.22803
3.111 0.043648 1.21732
3.112 0.0448543 1.20631
3.113 0.0460493 1.195
3.114 0.0472327 1.18339
3.115 0.0484042 1.17149
3.116 0.0495635 1.1593
3.117 0.0507103 1.14681
3.118 0.0518444 1.13404
3.119 0.0529654 1.12099
3.12 0.054073 1.10766
3.121 0.0551671 1.09405
3.122 0.0562473 1.08017
3.123 0.0573133 1.06603
3.124 0.0583649 1.05161
3.125 0.0594018 1.03694
3.126 0.0604238 1.022
3.127 0.0614306 1.00682
3.128 0.062422 0.991378
3.129 0.0633977 0.975694
3.13 0.0643575 0.959766
3.131 0.0653011 0.9436
3.132 0.0662283 0.927199
3.133 0.0671389 0.910568
3.134 0.0680326 0.89371
3.135 0.0689092 0.876631
3.136 0.0697685 0.859333
3.137 0.0706104 0.841822
3.138 0.0714345 0.824102
3.139 0.0722406 0.806178
3.14 0.0730287 0.788053
3.141 0.0737984 0.769733
3.142 0.0745496 0.751222
3.143 0.0752822 0.732524
3.144 0.0759958 0.713645
3.145 0.0766904 0.694589
3.146 0.0773658 0.675361
3.147 0.0780217 0.655966
3.148 0.0786581 0.636408
3.149 0.0792748 0.616692
3.15 0.0798716 0.596824
3.151 0.0804485 0.576808
3.152 0.0810051 0.55665
3.153 0.0815415 0.536354
3.154 0.0820574 0.515926
3.155 0.0825528 0.495371
3.156 0.0830275 0.474693
3.157 0.0834813 0.453898
3.158 0.0839143 0.432991
3.159 0.0843263 0.411978
3.16 0.0847172 0.390863
3.161 0.0850868 0.369653
3.162 0.0854352 0.348352
3.163 0.0857622 0.326965
3.164 0.0860676 0.305498
3.165 0.0863516 0.283957
3.166 0.086614 0.262346
3.167 0.0868546 0.240672
3.168 0.0870736 0.218939
3.169 0.0872707 0.197153
3.17 0.087446 0.17532
3.171 0.0875995 0.153444
3.172 0.087731 0.131532
3.173 0.0878406 0.109589
3.174 0.0879282 0.0876196
3.175 0.0879938 0.0656306
3.176 0.0880375 0.0436269
3.177 0.0880591 0.021614
3.178 0.0880587 -0.000402492
3.179 0.0880363 -0.0224171
3.18 0.0879918 -0.0444244
3.181 0.0879254 -0.0664188
3.182 0.087837 -0.0883949
3.183 0.0877267 -0.110347
3.184 0.0875944 -0.13227
3.185 0.0874403 -0.154158
3.186 0.0872643 -0.176006
3.187 0.0870664 -0.197808
3.188 0.0868469 -0.219558
3.189 0.0866056 -0.241253
3.19 0.0863427 -0.262885
3.191 0.0860583 -0.284449
3.192 0.0857524 -0.305941
3.193 0.085425 -0.327355
3.194 0.0850763 -0.348685
3.195 0.0847064 -0.369926
3.196 0.0843153 -0.391073
3.197 0.0839032 -0.412121
3.198 0.0834701 -0.433063
3.199 0.0830162 -0.453896
3.2 0.0825416 -0.474614
3.201 0.0820464 -0.495211
3.202 0.0815307 -0.515683
3.203 0.0809947 -0.536025
3.204 0.0804385 -0.556231
3.205 0.0798622 -0.576296
3.206 0.079266 -0.596215
3.207 0.07865 -0.615984
3.208 0.0780144 -0.635597
3.209 0.0773593 -0.65505
3.21 0.076685 -0.674337
3.211 0.0759915 -0.693455
3.212 0.0752791 -0.712397
3.213 0.074548 -0.73116
3.214 0.0737982 -0.749738
3.215 0.0730301 -0.768128
3.216 0.0722438 -0.786324
3.217 0.0714395 -0.804322
3.218 0.0706174 -0.822118
3.219 0.0697776 -0.839706
3.22 0.0689206 -0.857083
3.221 0.0680463 -0.874245
3.222 0.0671551 -0.891187
3.223 0.0662472 -0.907904
3.224 0.0653228 -0.924393
3.225 0.0643822 -0.94065
3.226 0.0634255 -0.95667
3.227 0.0624531 -0.97245
3.228 0.0614651 -0.987986
3.229 0.0604618 -1.00327
3.23 0.0594435 -1.01831
3.231 0.0584104 -1.03309
3.232 0.0573628 -1.04761
3.233 0.0563009 -1.06186
3.234 0.0552251 -1.07585
3.235 0.0541355 -1.08957
3.236 0.0530325 -1.10302
3.237 0.0519163 -1.11619
3.238 0.0507872 -1.12908
3.239 0.0496455 -1.14169
3.24 0.0484915 -1.15401
3.241 0.0473255 -1.16604
3.242 0.0461477 -1.17778
3.243 0.0449585 -1.18922
3.244 0.0437581 -1.20036
3.245 0.0425469 -1.21121
3.246 0.0413252 -1.22175
3.247 0.0400932 -1.23198
3.248 0.0388513 -1.24191
3.249 0.0375998 -1.25152
3.25 0.0363389 -1.26082
3.251 0.0350691 -1.2698
3.252 0.0337907 -1.27847
3.253 0.0325039 -1.28681
3.254 0.031209 -1.29484
3.255 0.0299065 -1.30254
3.256 0.0285966 -1.30991
3.257 0.0272796 -1.31695
3.258 0.025956 -1.32367
3.259 0.0246259 -1.33005
3.26 0.0232898 -1.3361
3.261 0.021948 -1.34182
3.262 0.0206008 -1.34719
3.263 0.0192486 -1.35224
3.264 0.0178916 -1.35694
3.265 0.0165303 -1.36131
3.266 0.015165 -1.36533
3.267 0.013796 -1.36901
3.268 0.0124236 -1.37235
3.269 0.0110483 -1.37535
3.27 0.00967028 -1.378
3.271 0.00828998 -1.38031
3.272 0.00690771 -1.38227
3.273 0.00552382 -1.38388
3.274 0.00413867 -1.38515
3.275 0.00275259 -1.38608
3.276 0.00136593 -1.38666
3.277 -2.0954e-05 -1.38689
3.278 -0.00140772 -1.38677
3.279 -0.00279403 -1.38631
3.28 -0.00417953 -1.3855
3.281 -0.00556387 -1.38434
3.282 -0.00694671 -1.38284
3.283 -0.00832771 -1.38099
3.284 -0.00970651 -1.3788
3.285 -0.0110828 -1.37626
3.286 -0.0124562 -1.37338
3.287 -0.0138263 -1.37016
3.288 -0.0151929 -1.36659
3.289 -0.0165556 -1.36269
3.29 -0.017914 -1.35844
3.291 -0.0192679 -1.35385
3.292 -0.0206168 -1.34893
3.293 -0.0219605 -1.34366
3.294 -0.0232985 -1.33807
3.295 -0.0246307 -1.33213
3.296 -0.0259565 -1.32587
3.297 -0.0272758 -1.31927
3.298 -0.0285882 -1.31235
3.299 -0.0298933 -1.3051
3.3 -0.0311908 -1.29752
3.301 -0.0324804 -1.28962
3.302 -0.0337618 -1.2814
3.303 -0.0350346 -1.27285
3.304 -0.0362986 -1.26399
3.305 -0.0375535 -1.25482
3.306 -0.0387988 -1.24533
3.307 -0.0400343 -1.23553
3.308 -0.0412597 -1.22542
3.309 -0.0424747 -1.21501
3.31 -0.043679 -1.20429
3.311 -0.0448723 -1.19328
3.312 -0.0460543 -1.18196
3.313 -0.0472246 -1.17035
3.314 -0.0483831 -1.15845
3.315 -0.0495293 -1.14627
3.316 -0.0506631 -1.13379
3.317 -0.0517842 -1.12104
3.318 -0.0528922 -1.108
3.319 -0.0539869 -1.09469
3.32 -0.055068 -1.0811
3.321 -0.0561352 -1.06725
3.322 -0.0571883 -1.05313
3.323 -0.0582271 -1.03875
3.324 -0.0592512 -1.02411
3.325 -0.0602604 -1.00921
3.326 -0.0612545 -0.994069
3.327 -0.0622332 -0.978676
3.328 -0.0631962 -0.963039
3.329 -0.0641434 -0.947163
3.33 -0.0650744 -0.931052
3.331 -0.0659891 -0.914709
3.332 -0.0668873 -0.898138
3.333 -0.0677686 -0.881344
3.334 -0.0686329 -0.864332
3.335 -0.06948 -0.847104
3.336 -0.0703097 -0.829667
3.337 -0.0711217 -0.812023
3.338 -0.0719159 -0.794177
3.339 -0.072692 -0.776135
3.34 -0.0734499 -0.7579
3.341 -0.0741894 -0.739477
3.342 -0.0749103 -0.72087
3.343 -0.0756124 -0.702085
3.344 -0.0762955 -0.683126
3.345 -0.0769595 -0.663997
3.346 -0.0776042 -0.644704
3.347 -0.0782295 -0.625252
3.348 -0.0788351 -0.605644
3.349 -0.079421 -0.585887
3.35 -0.079987 -0.565985
3.351 -0.0805329 -0.545943
3.352 -0.0810587 -0.525766
3.353 -0.0815641 -0.505459
3.354 -0.0820492 -0.485028
3.355 -0.0825136 -0.464477
3.356 -0.0829575 -0.443811
3.357 -0.0833805 -0.423036
3.358 -0.0837826 -0.402157
3.359 -0.0841638 -0.381179
3.36 -0.0845239 -0.360108
3.361 -0.0848629 -0.338948
3.362 -0.0851806 -0.317705
3.363 -0.085477 -0.296385
3.364 -0.085752 -0.274992
3.365 -0.0860055 -0.253532
3.366 -0.0862375 -0.23201
3.367 -0.0864479 -0.210432
3.368 -0.0866367 -0.188803
3.369 -0.0868039 -0.167129
3.37 -0.0869493 -0.145415
3.371 -0.087073 -0.123666
3.372 -0.0871748 -0.101888
3.373 -0.0872549 -0.0800858
3.374 -0.0873132 -0.0582657
3.375 -0.0873496 -0.0364327
3.376 -0.0873642 -0.0145924
3.377 -0.087357 0.00724983
3.378 -0.0873279 0.0290885
3.379 -0.087277 0.0509181
3.38 -0.0872042 0.0727333
3.381 -0.0871097 0.0945285
3.382 -0.0869934 0.116298
3.383 -0.0868554 0.138037
3.384 -0.0866956 0.15974
3.385 -0.0865142 0.181401
3.386 -0.0863112 0.203015
3.387 -0.0860866 0.224577
3.388 -0.0858405 0.246081
3.389 -0.085573 0.267521
3.39 -0.0852841 0.288893
3.391 -0.0849739 0.310191
3.392 -0.0846425 0.33141
3.393 -0.08429 0.352544
3.394 -0.0839164 0.373588
3.395 -0.0835219 0.394537
3.396 -0.0831065 0.415386
3.397 -0.0826703 0.436129
3.398 -0.0822136 0.456762
3.399 -0.0817363 0.477279
3.4 -0.0812386 0.497675
3.401 -0.0807207 0.517945
3.402 -0.0801826 0.538084
3.403 -0.0796245 0.558086
3.404 -0.0790466 0.577948
3.405 -0.0784489 0.597663
3.406 -0.0778317 0.617227
3.407 -0.077195 0.636636
3.408 -0.0765392 0.655884
3.409 -0.0758642 0.674966
3.41 -0.0751703 0.693878
3.411 -0.0744577 0.712615
3.412 -0.0737265 0.731173
3.413 -0.072977 0.749546
3.414 -0.0722093 0.76773
3.415 -0.0714235 0.785721
3.416 -0.07062 0.803514
3.417 -0.0697989 0.821105
3.418 -0.0689604 0.838489
3.419 -0.0681048 0.855662
3.42 -0.0672321 0.87262
3.421 -0.0663428 0.889358
3.422 -0.0654369 0.905872
3.423 -0.0645148 0.922159
3.424 -0.0635765 0.938214
3.425 -0.0626225 0.954033
3.426 -0.0616529 0.969612
3.427 -0.0606679 0.984948
3.428 -0.0596679 1.00004
3.429 -0.058653 1.01487
3.43 -0.0576236 1.02946
3.431 -0.0565798 1.04378
3.432 -0.055522 1.05784
3.433 -0.0544503 1.07164
3.434 -0.0533652 1.08516
3.435 -0.0522667 1.09842
3.436 -0.0511554 1.1114
3.437 -0.0500313 1.1241
3.438 -0.0488947 1.13651
3.439 -0.0477461 1.14865
3.44 -0.0465856 1.16049
3.441 -0.0454136 1.17204
3.442 -0.0442303 1.1833
3.443 -0.043036 1.19427
3.444 -0.0418311 1.20493
3.445 -0.0406158 1.21529
3.446 -0.0393904 1.22535
3.447 -0.0381553 1.2351
3.448 -0.0369108 1.24454
3.449 -0.0356571 1.25367
3.45 -0.0343946 1.26248
3.451 -0.0331236 1.27098
3.452 -0.0318445 1.27916
3.453 -0.0305575 1.28702
3.454 -0.0292629 1.29455
3.455 -0.0279612 1.30177
3.456 -0.0266525 1.30865
3.457 -0.0253373 1.31521
3.458 -0.0240159 1.32144
3.459 -0.0226885 1.32734
3.46 -0.0213556 1.3329
3.461 -0.0200175 1.33814
3.462 -0.0186744 1.34303
3.463 -0.0173269 1.34759
3.464 -0.015975 1.35182
3.465 -0.0146193 1.3557
3.466 -0.0132601 1.35925
3.467 -0.0118976 1.36246
3.468 -0.0105323 1.36532
3.469 -0.00916446 1.36785
3.47 -0.00779444 1.37003
3.471 -0.00642257 1.37187
3.472 -0.00504921 1.37336
3.473 -0.0036747 1.37451
3.474 -0.00229937 1.37532
3.475 -0.000923585 1.37579
3.476 0.000452324 1.37591
3.477 0.00182801 1.37569
3.478 0.00320313 1.37512
3.479 0.00457733 1.37421
3.48 0.00595029 1.37295
3.481 0.00732164 1.37136
3.482 0.00869106 1.36942
3.483 0.0100582 1.36713
3.484 0.0114227 1.36451
3.485 0.0127842 1.36154
3.486 0.0141425 1.35824
3.487 0.0154971 1.3546
3.488 0.0168477 1.35061
3.489 0.018194 1.34629
3.49 0.0195356 1.34164
3.491 0.0208723 1.33665
3.492 0.0222036 1.33132
3.493 0.0235293 1.32566
3.494 0.0248489 1.31967
3.495 0.0261623 1.31336
3.496 0.027469 1.30671
3.497 0.0287687 1.29974
3.498 0.0300612 1.29244
3.499 0.031346 1.28482
3.5 0.0326229 1.27689
3.501 0.0338915 1.26863
3.502 0.0351516 1.26005
3.503 0.0364027 1.25116
3.504 0.0376447 1.24196
3.505 0.0388771 1.23245
3.506 0.0400998 1.22264
3.507 0.0413123 1.21251
3.508 0.0425144 1.20209
3.509 0.0437057 1.19136
3.51 0.0448861 1.18034
3.511 0.0460551 1.16902
3.512 0.0472125 1.15742
3.513 0.048358 1.14552
3.514 0.0494914 1.13334
3.515 0.0506123 1.12088
3.516 0.0517204 1.10813
3.517 0.0528155 1.09512
3.518 0.0538973 1.08182
3.519 0.0549656 1.06826
3.52 0.05602 1.05444
3.521 0.0570604 1.04035
3.522 0.0580864 1.026
3.523 0.0590978 1.01139
3.524 0.0600943 0.99654
3.525 0.0610758 0.981436
3.526 0.0620418 0.966089
3.527 0.0629923 0.950501
3.528 0.063927 0.934677
3.529 0.0648456 0.91862
3.53 0.065748 0.902336
3.531 0.0666338 0.885826
3.532 0.0675029 0.869097
3.533 0.0683551 0.852152
3.534 0.0691901 0.834995
3.535 0.0700077 0.817631
3.536 0.0708077 0.800063
3.537 0.07159 0.782297
3.538 0.0723544 0.764337
3.539 0.0731006 0.746187
3.54 0.0738284 0.727853
3.541 0.0745378 0.709337
3.542 0.0752284 0.690646
3.543 0.0759002 0.671784
3.544 0.0765529 0.652755
3.545 0.0771865 0.633564
3.546 0.0778007 0.614217
3.547 0.0783954 0.594718
3.548 0.0789705 0.575071
3.549 0.0795258 0.555283
3.55 0.0800612 0.535357
3.551 0.0805765 0.515299
3.552 0.0810716 0.495113
3.553 0.0815464 0.474806
3.554 0.0820008 0.454381
3.555 0.0824346 0.433845
3.556 0.0828478 0.413201
3.557 0.0832403 0.392456
3.558 0.0836119 0.371615
3.559 0.0839626 0.350682
3.56 0.0842922 0.329664
3.561 0.0846008 0.308564
3.562 0.0848882 0.287389
3.563 0.0851543 0.266144
3.564 0.0853991 0.244834
3.565 0.0856226 0.223465
3.566 0.0858247 0.202042
3.567 0.0860052 0.180569
3.568 0.0861643 0.159053
3.569 0.0863018 0.1375
3.57 0.0864177 0.115913
3.571 0.086512 0.0942995
3.572 0.0865847 0.072664
3.573 0.0866357 0.051012
3.574 0.086665 0.029349
3.575 0.0866727 0.0076804
3.576 0.0866587 -0.0139884
3.577 0.0866231 -0.0356519
3.578 0.0865657 -0.0573049
3.579 0.0864868 -0.0789417
3.58 0.0863863 -0.100557
3.581 0.0862641 -0.122146
3.582 0.0861204 -0.143702
3.583 0.0859552 -0.16522
3.584 0.0857685 -0.186696
3.585 0.0855604 -0.208123
3.586 0.0853309 -0.229497
3.587 0.0850801 -0.250811
3.588 0.084808 -0.272061
3.589 0.0845148 -0.293241
3.59 0.0842004 -0.314346
3.591 0.083865 -0.335371
3.592 0.0835087 -0.356311
3.593 0.0831316 -0.37716
3.594 0.0827337 -0.397912
3.595 0.0823151 -0.418564
3.596 0.081876 -0.439109
3.597 0.0814164 -0.459543
3.598 0.0809366 -0.47986
3.599 0.0804365 -0.500056
3.6 0.0799164 -0.520125
3.601 0.0793763 -0.540063
3.602 0.0788165 -0.559864
3.603 0.0782369 -0.579523
3.604 0.0776379 -0.599036
3.605 0.0770195 -0.618397
3.606 0.0763819 -0.637603
3.607 0.0757253 -0.656647
3.608 0.0750497 -0.675526
3.609 0.0743555 -0.694234
3.61 0.0736427 -0.712768
3.611 0.0729116 -0.731121
3.612 0.0721623 -0.749291
3.613 0.0713951 -0.767271
3.614 0.07061 -0.785059
3.615 0.0698073 -0.802648
3.616 0.0689873 -0.820036
3.617 0.0681501 -0.837217
3.618 0.0672959 -0.854188
3.619 0.066425 -0.870944
3.62 0.0655375 -0.88748
3.621 0.0646337 -0.903793
3.622 0.0637138 -0.91988
3.623 0.0627781 -0.935734
3.624 0.0618267 -0.951354
3.625 0.06086 -0.966735
3.626 0.0598781 -0.981872
3.627 0.0588813 -0.996763
3.628 0.0578699 -1.0114
3.629 0.0568442 -1.02579
3.63 0.0558042 -1.03992
3.631 0.0547504 -1.05379
3.632 0.0536831 -1.06739
3.633 0.0526023 -1.08073
3.634 0.0515085 -1.09379
3.635 0.050402 -1.10658
3.636 0.0492829 -1.11909
3.637 0.0481515 -1.13132
3.638 0.0470083 -1.14327
3.639 0.0458533 -1.15493
3.64 0.044687 -1.1663
3.641 0.0435097 -1.17738
3.642 0.0423215 -1.18816
3.643 0.0411228 -1.19865
3.644 0.039914 -1.20883
3.645 0.0386953 -1.21872
3.646 0.037467 -1.22829
3.647 0.0362294 -1.23756
3.648 0.0349829 -1.24652
3.649 0.0337278 -1.25516
3.65 0.0324643 -1.2635
3.651 0.0311928 -1.27151
3.652 0.0299136 -1.27921
3.653 0.028627 -1.28658
3.654 0.0273333 -1.29364
3.655 0.026033 -1.30037
3.656 0.0247262 -1.30677
3.657 0.0234133 -1.31285
3.658 0.0220947 -1.3186
3.659 0.0207707 -1.32402
3.66 0.0194416 -1.3291
3.661 0.0181078 -1.33386
3.662 0.0167695 -1.33828
3.663 0.0154271 -1.34236
3.664 0.014081 -1.34611
3.665 0.0127315 -1.34952
3.666 0.0113789 -1.3526
3.667 0.0100236 -1.35533
3.668 0.00866584 -1.35773
3.669 0.00730604 -1.35979
3.67 0.00594454 -1.36151
3.671 0.00458165 -1.36289
3.672 0.00321773 -1.36392
3.673 0.00185311 -1.36462
3.674 0.000488143 -1.36497
3.675 -0.000876841 -1.36498
3.676 -0.0022415 -1.36466
3.677 -0.00360548 -1.36399
3.678 -0.00496846 -1.36298
3.679 -0.00633008 -1.36162
3.68 -0.00769001 -1.35993
3.681 -0.00904792 -1.3579
3.682 -0.0104034 -1.35553
3.683 -0.0117563 -1.35282
3.684 -0.013106 -1.34977
3.685 -0.0144524 -1.34639
3.686 -0.0157951 -1.34267
3.687 -0.0171337 -1.33861
3.688 -0.0184679 -1.33422
3.689 -0.0197974 -1.3295
3.69 -0.0211219 -1.32444
3.691 -0.0224409 -1.31906
3.692 -0.0237543 -1.31334
3.693 -0.0250616 -1.3073
3.694 -0.0263625 -1.30093
3.695 -0.0276567 -1.29423
3.696 -0.0289439 -1.28721
3.697 -0.0302238 -1.27988
3.698 -0.031496 -1.27222
3.699 -0.0327603 -1.26424
3.7 -0.0340162 -1.25595
3.701 -0.0352636 -1.24735
3.702 -0.036502 -1.23843
3.703 -0.0377312 -1.22921
3.704 -0.0389509 -1.21967
3.705 -0.0401607 -1.20984
3.706 -0.0413604 -1.1997
3.707 -0.0425497 -1.18927
3.708 -0.0437282 -1.17853
3.709 -0.0448957 -1.16751
3.71 -0.0460519 -1.15619
3.711 -0.0471965 -1.14458
3.712 -0.0483292 -1.13269
3.713 -0.0494497 -1.12052
3.714 -0.0505578 -1.10807
3.715 -0.0516531 -1.09534
3.716 -0.0527355 -1.08234
3.717 -0.0538045 -1.06907
3.718 -0.0548601 -1.05553
3.719 -0.0559018 -1.04173
3.72 -0.0569295 -1.02767
3.721 -0.0579428 -1.01336
3.722 -0.0589416 -0.998793
3.723 -0.0599256 -0.983978
3.724 -0.0608945 -0.968917
3.725 -0.0618481 -0.953616
3.726 -0.0627862 -0.938078
3.727 -0.0637085 -0.922306
3.728 -0.0646148 -0.906305
3.729 -0.0655049 -0.890079
3.73 -0.0663785 -0.873632
3.731 -0.0672355 -0.856967
3.732 -0.0680756 -0.84009
3.733 -0.0688986 -0.823004
3.734 -0.0697043 -0.805713
3.735 -0.0704925 -0.788223
3.736 -0.0712631 -0.770536
3.737 -0.0720157 -0.752659
3.738 -0.0727503 -0.734595
3.739 -0.0734667 -0.716349
3.74 -0.0741646 -0.697925
3.741 -0.0748439 -0.679328
3.742 -0.0755045 -0.660562
3.743 -0.0761461 -0.641633
3.744 -0.0767687 -0.622545
3.745 -0.077372 -0.603303
3.746 -0.0779559 -0.583912
3.747 -0.0785203 -0.564377
3.748 -0.079065 -0.544701
3.749 -0.0795899 -0.524891
3.75 -0.0800948 -0.504952
3.751 -0.0805797 -0.484888
3.752 -0.0810444 -0.464704
3.753 -0.0814888 -0.444406
3.754 -0.0819128 -0.423998
3.755 -0.0823163 -0.403486
3.756 -0.0826992 -0.382875
3.757 -0.0830613 -0.362169
3.758 -0.0834027 -0.341375
3.759 -0.0837232 -0.320497
3.76 -0.0840227 -0.299541
3.761 -0.0843013 -0.278511
3.762 -0.0845587 -0.257413
3.763 -0.0847949 -0.236253
3.764 -0.08501 -0.215035
3.765 -0.0852037 -0.193766
3.766 -0.0853762 -0.172449
3.767 -0.0855273 -0.151091
3.768 -0.085657 -0.129698
3.769 -0.0857652 -0.108273
3.77 -0.0858521 -0.086823
3.771 -0.0859174 -0.065353
3.772 -0.0859613 -0.0438684
3.773 -0.0859837 -0.0223746
3.774 -0.0859845 -0.000876914
3.775 -0.0859639 0.0206193
3.776 -0.0859218 0.0421086
3.777 -0.0858582 0.0635857
3.778 -0.0857732 0.0850452
3.779 -0.0856667 0.106482
3.78 -0.0855388 0.12789
3.781 -0.0853895 0.149264
3.782 -0.0852189 0.1706
3.783 -0.085027 0.191891
3.784 -0.0848139 0.213132
3.785 -0.0845796 0.234319
3.786 -0.0843242 0.255445
3.787 -0.0840476 0.276505
3.788 -0.0837501 0.297495
3.789 -0.0834317 0.318409
3.79 -0.0830925 0.339241
3.791 -0.0827325 0.359987
3.792 -0.0823519 0.380642
3.793 -0.0819507 0.401199
3.794 -0.081529 0.421655
3.795 -0.081087 0.442003
3.796 -0.0806248 0.46224
3.797 -0.0801424 0.482359
3.798 -0.0796401 0.502356
3.799 -0.0791178 0.522226
3.8 -0.0785759 0.541963
3.801 -0.0780143 0.561564
3.802 -0.0774333 0.581023
3.803 -0.0768329 0.600335
3.804 -0.0762135 0.619495
3.805 -0.075575 0.638499
3.806 -0.0749176 0.657341
3.807 -0.0742416 0.676018
3.808 -0.0735471 0.694524
3.809 -0.0728342 0.712856
3.81 -0.0721032 0.731007
3.811 -0.0713542 0.748974
3.812 -0.0705875 0.766753
3.813 -0.0698031 0.784339
3.814 -0.0690014 0.801727
3.815 -0.0681825 0.818913
3.816 -0.0673466 0.835893
3.817 -0.0664939 0.852663
3.818 -0.0656247 0.869218
3.819 -0.0647392 0.885555
3.82 -0.0638375 0.901669
3.821 -0.0629199 0.917556
3.822 -0.0619867 0.933212
3.823 -0.0610381 0.948634
3.824 -0.0600743 0.963818
3.825 -0.0590955 0.97876
3.826 -0.0581021 0.993455
3.827 -0.0570942 1.0079
3.828 -0.0560721 1.02209
3.829 -0.055036 1.03603
3.83 -0.0539863 1.04971
3.831 -0.0529232 1.06312
3.832 -0.051847 1.07626
3.833 -0.0507578 1.08914
3.834 -0.0496561 1.10174
3.835 -0.048542 1.11407
3.836 -0.0474159 1.12612
3.837 -0.046278 1.13788
3.838 -0.0451287 1.14936
3.839 -0.0439681 1.16055
3.84 -0.0427967 1.17145
3.841 -0.0416146 1.18205
3.842 -0.0404222 1.19236
3.843 -0.0392199 1.20237
3.844 -0.0380078 1.21208
3.845 -0.0367863 1.22149
3.846 -0.0355557 1.23058
3.847 -0.0343163 1.23937
3.848 -0.0330685 1.24785
3.849 -0.0318125 1.25602
3.85 -0.0305486 1.26387
3.851 -0.0292772 1.27141
3.852 -0.0279986 1.27863
3.853 -0.026713 1.28553
3.854 -0.0254209 1.2921
3.855 -0.0241226 1.29835
3.856 -0.0228183 1.30428
3.857 -0.0215084 1.30988
3.858 -0.0201933 1.31515
3.859 -0.0188732 1.3201
3.86 -0.0175485 1.32471
3.861 -0.0162195 1.32899
3.862 -0.0148865 1.33294
3.863 -0.01355 1.33655
3.864 -0.0122102 1.33983
3.865 -0.0108674 1.34278
3.866 -0.00952199 1.34539
3.867 -0.00817433 1.34766
3.868 -0.00682473 1.3496
3.869 -0.00547353 1.35119
3.87 -0.00412108 1.35245
3.871 -0.0027677 1.35338
3.872 -0.00141374 1.35396
3.873 -5.95361e-05 1.35421
3.874 0.00129458 1.35411
3.875 0.00264826 1.35368
3.876 0.00400117 1.35291
3.877 0.00535297 1.3518
3.878 0.00670332 1.35036
3.879 0.00805189 1.34857
3.88 0.00939835 1.34645
3.881 0.0107423 1.34399
3.882 0.0120835 1.3412
3.883 0.0134216 1.33807
3.884 0.0147562 1.33461
3.885 0.016087 1.33081
3.886 0.0174137 1.32669
3.887 0.0187359 1.32223
3.888 0.0200534 1.31744
3.889 0.0213657 1.31232
3.89 0.0226726 1.30687
3.891 0.0239737 1.3011
3.892 0.0252687 1.295
3.893 0.0265572 1.28858
3.894 0.0278391 1.28184
3.895 0.0291139 1.27478
3.896 0.0303813 1.26739
3.897 0.031641 1.2597
3.898 0.0328926 1.25169
3.899 0.034136 1.24336
3.9 0.0353707 1.23473
3.901 0.0365965 1.22579
3.902 0.0378131 1.21654
3.903 0.0390201 1.20699
3.904 0.0402172 1.19714
3.905 0.0414042 1.18699
3.906 0.0425807 1.17654
3.907 0.0437465 1.1658
3.908 0.0449013 1.15477
3.909 0.0460448 1.14346
3.91 0.0471766 1.13185
3.911 0.0482966 1.11997
3.912 0.0494044 1.10781
3.913 0.0504998 1.09537
3.914 0.0515824 1.08265
3.915 0.0526521 1.06967
3.916 0.0537085 1.05642
3.917 0.0547514 1.04291
3.918 0.0557806 1.02914
3.919 0.0567957 1.01511
3.92 0.0577965 1.00083
3.921 0.0587828 0.986303
3.922 0.0597543 0.971528
3.923 0.0607108 0.956512
3.924 0.0616521 0.941257
3.925 0.0625779 0.925769
3.926 0.0634879 0.910051
3.927 0.064382 0.894106
3.928 0.06526 0.877939
3.929 0.0661215 0.861554
3.93 0.0669665 0.844954
3.931 0.0677946 0.828145
3.932 0.0686057 0.81113
3.933 0.0693997 0.793914
3.934 0.0701762 0.7765
3.935 0.0709351 0.758894
3.936 0.0716761 0.7411
3.937 0.0723993 0.723121
3.938 0.0731042 0.704964
3.939 0.0737909 0.686631
3.94 0.074459 0.668129
3.941 0.0751085 0.64946
3.942 0.0757391 0.630631
3.943 0.0763507 0.611646
3.944 0.0769432 0.592509
3.945 0.0775165 0.573226
3.946 0.0780703 0.553801
3.947 0.0786045 0.534239
3.948 0.0791191 0.514546
3.949 0.0796138 0.494725
3.95 0.0800886 0.474782
3.951 0.0805433 0.454721
3.952 0.0809778 0.434549
3.953 0.0813921 0.41427
3.954 0.081786 0.393889
3.955 0.0821594 0.373411
3.956 0.0825122 0.352841
3.957 0.0828444 0.332185
3.958 0.0831559 0.311447
3.959 0.0834465 0.290633
3.96 0.0837163 0.269748
3.961 0.0839651 0.248798
3.962 0.0841928 0.227787
3.963 0.0843996 0.20672
3.964 0.0845852 0.185604
3.965 0.0847496 0.164443
3.966 0.0848928 0.143242
3.967 0.0850149 0.122007
3.968 0.0851156 0.100744
3.969 0.0851951 0.079457
3.97 0.0852532 0.0581518
3.971 0.08529 0.0368339
3.972 0.0853056 0.0155084
3.973 0.0852997 -0.00581919
3.974 0.0852726 -0.0271437
3.975 0.0852241 -0.0484596
3.976 0.0851544 -0.0697618
3.977 0.0850633 -0.0910448
3.978 0.084951 -0.112303
3.979 0.0848175 -0.133532
3.98 0.0846628 -0.154726
3.981 0.0844869 -0.175879
3.982 0.0842899 -0.196987
3.983 0.0840719 -0.218043
3.984 0.0838328 -0.239044
3.985 0.0835728 -0.259983
3.986 0.083292 -0.280855
3.987 0.0829903 -0.301656
3.988 0.0826679 -0.322379
3.989 0.0823249 -0.343021
3.99 0.0819613 -0.363574
3.991 0.0815773 -0.384036
3.992 0.0811729 -0.404399
3.993 0.0807482 -0.42466
3.994 0.0803034 -0.444813
3.995 0.0798386 -0.464854
3.996 0.0793538 -0.484776
3.997 0.0788492 -0.504576
3.998 0.078325 -0.524248
3.999 0.0777812 -0.543787
4 0.077218 -0.563189
4.001 0.0766356 -0.582448
4.002 0.076034 -0.60156
4.003 0.0754135 -0.620521
4.004 0.0747741 -0.639325
4.005 0.0741162 -0.657967
4.006 0.0734397 -0.676443
4.007 0.072745 -0.694749
4.008 0.0720321 -0.71288
4.009 0.0713013 -0.730831
4.01 0.0705527 -0.748598
4.011 0.0697865 -0.766176
4.012 0.0690029 -0.783561
4.013 0.0682022 -0.800749
4.014 0.0673845 -0.817736
4.015 0.0665499 -0.834517
4.016 0.0656989 -0.851087
4.017 0.0648314 -0.867444
4.018 0.0639478 -0.883582
4.019 0.0630483 -0.899499
4.02 0.0621331 -0.915189
4.021 0.0612025 -0.930649
4.022 0.0602566 -0.945875
4.023 0.0592958 -0.960863
4.024 0.0583201 -0.975611
4.025 0.05733 -0.990113
4.026 0.0563257 -1.00437
4.027 0.0553073 -1.01837
4.028 0.0542752 -1.03211
4.029 0.0532296 -1.0456
4.03 0.0521708 -1.05882
4.031 0.051099 -1.07178
4.032 0.0500145 -1.08447
4.033 0.0489176 -1.09689
4.034 0.0478086 -1.10903
4.035 0.0466877 -1.12089
4.036 0.0455552 -1.13247
4.037 0.0444115 -1.14377
4.038 0.0432567 -1.15478
4.039 0.0420912 -1.1655
4.04 0.0409152 -1.17593
4.041 0.0397292 -1.18607
4.042 0.0385333 -1.19591
4.043 0.0373278 -1.20544
4.044 0.0361131 -1.21468
4.045 0.0348895 -1.22361
4.046 0.0336573 -1.23224
4.047 0.0324167 -1.24055
4.048 0.0311682 -1.24856
4.049 0.0299119 -1.25625
4.05 0.0286483 -1.26363
4.051 0.0273776 -1.27069
4.052 0.0261002 -1.27743
4.053 0.0248164 -1.28385
4.054 0.0235264 -1.28995
4.055 0.0222307 -1.29573
4.056 0.0209295 -1.30119
4.057 0.0196232 -1.30631
4.058 0.018312 -1.31112
4.059 0.0169965 -1.31559
4.06 0.0156767 -1.31973
4.061 0.0143532 -1.32355
4.062 0.0130262 -1.32703
4.063 0.011696 -1.33018
4.064 0.010363 -1.333
4.065 0.0090275 -1.33548
4.066 0.00768987 -1.33763
4.067 0.00635042 -1.33945
4.068 0.00500949 -1.34093
4.069 0.00366742 -1.34207
4.07 0.00232454 -1.34288
4.071 0.000981186 -1.34335
4.072 -0.000362306 -1.34349
4.073 -0.0017056 -1.34329
4.074 -0.00304836 -1.34276
4.075 -0.00439025 -1.34189
4.076 -0.00573094 -1.34069
4.077 -0.00707009 -1.33915
4.078 -0.00840736 -1.33727
4.079 -0.00974242 -1.33506
4.08 -0.0110749 -1.33252
4.081 -0.0124046 -1.32965
4.082 -0.013731 -1.32644
4.083 -0.0150539 -1.3229
4.084 -0.016373 -1.31903
4.085 -0.0176878 -1.31483
4.086 -0.0189981 -1.3103
4.087 -0.0203035 -1.30545
4.088 -0.0216038 -1.30027
4.089 -0.0228986 -1.29476
4.09 -0.0241875 -1.28894
4.091 -0.0254703 -1.28279
4.092 -0.0267466 -1.27632
4.093 -0.0280161 -1.26953
4.094 -0.0292786 -1.26242
4.095 -0.0305336 -1.255
4.096 -0.0317808 -1.24727
4.097 -0.03302 -1.23922
4.098 -0.0342509 -1.23087
4.099 -0.0354731 -1.22221
4.1 -0.0366864 -1.21324
4.101 -0.0378903 -1.20397
4.102 -0.0390847 -1.1944
4.103 -0.0402693 -1.18454
4.104 -0.0414436 -1.17437
4.105 -0.0426076 -1.16392
4.106 -0.0437607 -1.15317
4.107 -0.0449029 -1.14214
4.108 -0.0460337 -1.13082
4.109 -0.0471529 -1.11923
4.11 -0.0482603 -1.10735
4.111 -0.0493555 -1.09519
4.112 -0.0504382 -1.08277
4.113 -0.0515083 -1.07007
4.114 -0.0525654 -1.05711
4.115 -0.0536093 -1.04388
4.116 -0.0546397 -1.0304
4.117 -0.0556563 -1.01665
4.118 -0.056659 -1.00266
4.119 -0.0576474 -0.988414
4.12 -0.0586213 -0.973923
4.121 -0.0595805 -0.95919
4.122 -0.0605248 -0.944218
4.123 -0.0614538 -0.929012
4.124 -0.0623673 -0.913574
4.125 -0.0632652 -0.897909
4.126 -0.0641473 -0.882021
4.127 -0.0650132 -0.865913
4.128 -0.0658628 -0.849591
4.129 -0.0666958 -0.833057
4.13 -0.0675121 -0.816317
4.131 -0.0683115 -0.799373
4.132 -0.0690938 -0.782231
4.133 -0.0698586 -0.764895
4.134 -0.070606 -0.74737
4.135 -0.0713357 -0.729658
4.136 -0.0720474 -0.711766
4.137 -0.0727411 -0.693697
4.138 -0.0734166 -0.675456
4.139 -0.0740736 -0.657048
4.14 -0.0747121 -0.638477
4.141 -0.0753319 -0.619748
4.142 -0.0759327 -0.600866
4.143 -0.0765146 -0.581834
4.144 -0.0770772 -0.562659
4.145 -0.0776206 -0.543345
4.146 -0.0781445 -0.523896
4.147 -0.0786488 -0.504318
4.148 -0.0791334 -0.484616
4.149 -0.0795982 -0.464793
4.15 -0.0800431 -0.444857
4.151 -0.0804679 -0.42481
4.152 -0.0808725 -0.404659
4.153 -0.0812569 -0.384409
4.154 -0.081621 -0.364064
4.155 -0.0819646 -0.34363
4.156 -0.0822877 -0.323111
4.157 -0.0825902 -0.302513
4.158 -0.0828721 -0.281841
4.159 -0.0831332 -0.261101
4.16 -0.0833735 -0.240297
4.161 -0.0835929 -0.219434
4.162 -0.0837914 -0.198518
4.163 -0.083969 -0.177555
4.164 -0.0841255 -0.156548
4.165 -0.084261 -0.135504
4.166 -0.0843755 -0.114428
4.167 -0.0844688 -0.093325
4.168 -0.084541 -0.0722004
4.169 -0.0845921 -0.0510593
4.17 -0.084622 -0.0299072
4.171 -0.0846307 -0.00874935
4.172 -0.0846183 0.012409
4.173 -0.0845847 0.0335626
4.174 -0.08453 0.0547061
4.175 -0.0844542 0.0758342
4.176 -0.0843573 0.0969417
4.177 -0.0842392 0.118023
4.178 -0.0841002 0.139074
4.179 -0.0839401 0.160088
4.18 -0.083759 0.18106
4.181 -0.083557 0.201985
4.182 -0.0833342 0.222858
4.183 -0.0830905 0.243674
4.184 -0.0828261 0.264427
4.185 -0.082541 0.285112
4.186 -0.0822352 0.305725
4.187 -0.081909 0.326259
4.188 -0.0815623 0.34671
4.189 -0.0811952 0.367073
4.19 -0.0808079 0.387343
4.191 -0.0804003 0.407514
4.192 -0.0799728 0.427581
4.193 -0.0795252 0.44754
4.194 -0.0790578 0.467386
4.195 -0.0785707 0.487113
4.196 -0.078064 0.506716
4.197 -0.0775378 0.526192
4.198 -0.0769923 0.545534
4.199 -0.0764275 0.564739
4.2 -0.0758437 0.5838
4.201 -0.075241 0.602714
4.202 -0.0746195 0.621477
4.203 -0.0739795 0.640082
4.204 -0.0733209 0.658525
4.205 -0.0726441 0.676803
4.206 -0.0719492 0.69491
4.207 -0.0712364 0.712841
4.208 -0.0705058 0.730594
4.209 -0.0697576 0.748162
4.21 -0.0689921 0.765541
4.211 -0.0682094 0.782728
4.212 -0.0674096 0.799718
4.213 -0.0665931 0.816506
4.214 -0.0657601 0.833089
4.215 -0.0649106 0.849462
4.216 -0.064045 0.865622
4.217 -0.0631634 0.881564
4.218 -0.0622661 0.897284
4.219 -0.0613533 0.912779
4.22 -0.0604253 0.928044
4.221 -0.0594822 0.943077
4.222 -0.0585243 0.957872
4.223 -0.0575519 0.972426
4.224 -0.0565652 0.986736
4.225 -0.0555644 1.0008
4.226 -0.0545498 1.01461
4.227 -0.0535216 1.02817
4.228 -0.0524801 1.04146
4.229 -0.0514256 1.0545
4.23 -0.0503584 1.06727
4.231 -0.0492786 1.07978
4.232 -0.0481866 1.09201
4.233 -0.0470826 1.10397
4.234 -0.045967 1.11565
4.235 -0.0448399 1.12705
4.236 -0.0437017 1.13817
4.237 -0.0425527 1.14901
4.238 -0.0413932 1.15955
4.239 -0.0402234 1.16981
4.24 -0.0390436 1.17977
4.241 -0.0378541 1.18944
4.242 -0.0366553 1.19881
4.243 -0.0354475 1.20788
4.244 -0.0342308 1.21664
4.245 -0.0330057 1.2251
4.246 -0.0317725 1.23325
4.247 -0.0305314 1.2411
4.248 -0.0292827 1.24863
4.249 -0.0280269 1.25585
4.25 -0.0267641 1.26276
4.251 -0.0254948 1.26935
4.252 -0.0242192 1.27562
4.253 -0.0229376 1.28157
4.254 -0.0216504 1.28721
4.255 -0.0203579 1.29252
4.256 -0.0190604 1.2975
4.257 -0.0177582 1.30216
4.258 -0.0164517 1.3065
4.259 -0.0151412 1.31051
4.26 -0.013827 1.31419
4.261 -0.0125095 1.31754
4.262 -0.0111889 1.32056
4.263 -0.00986564 1.32325
4.264 -0.00854003 1.32561
4.265 -0.00721239 1.32764
4.266 -0.00588305 1.32934
4.267 -0.00455235 1.3307
4.268 -0.00322061 1.33174
4.269 -0.00188818 1.33243
4.27 -0.000555377 1.3328
4.271 0.000777454 1.33283
4.272 0.00210998 1.33253
4.273 0.00344188 1.3319
4.274 0.00477281 1.33093
4.275 0.00610244 1.32963
4.276 0.00743044 1.328
4.277 0.00875647 1.32603
4.278 0.0100802 1.32374
4.279 0.0114013 1.32111
4.28 0.0127195 1.31816
4.281 0.0140344 1.31487
4.282 0.0153456 1.31126
4.283 0.0166529 1.30732
4.284 0.017956 1.30305
4.285 0.0192544 1.29846
4.286 0.020548 1.29354
4.287 0.0218363 1.2883
4.288 0.023119 1.28274
4.289 0.0243959 1.27685
4.29 0.0256665 1.27065
4.291 0.0269306 1.26413
4.292 0.0281879 1.2573
4.293 0.0294381 1.25015
4.294 0.0306808 1.24269
4.295 0.0319157 1.23492
4.296 0.0331425 1.22685
4.297 0.034361 1.21846
4.298 0.0355708 1.20977
4.299 0.0367716 1.20078
4.3 0.0379631 1.1915
4.301 0.039145 1.18191
4.302 0.040317 1.17203
4.303 0.0414789 1.16186
4.304 0.0426302 1.15139
4.305 0.0437709 1.14064
4.306 0.0449005 1.12961
4.307 0.0460188 1.11829
4.308 0.0471255 1.1067
4.309 0.0482203 1.09483
4.31 0.049303 1.08269
4.311 0.0503733 1.07027
4.312 0.0514309 1.0576
4.313 0.0524755 1.04465
4.314 0.053507 1.03145
4.315 0.054525 1.01799
4.316 0.0555293 1.00428
4.317 0.0565196 0.990316
4.318 0.0574957 0.976107
4.319 0.0584573 0.961655
4.32 0.0594043 0.946964
4.321 0.0603363 0.932037
4.322 0.0612532 0.916878
4.323 0.0621547 0.901492
4.324 0.0630406 0.885881
4.325 0.0639106 0.87005
4.326 0.0647646 0.854002
4.327 0.0656024 0.837743
4.328 0.0664237 0.821275
4.329 0.0672283 0.804604
4.33 0.068016 0.787732
4.331 0.0687867 0.770665
4.332 0.0695401 0.753407
4.333 0.070276 0.735962
4.334 0.0709944 0.718334
4.335 0.0716949 0.700528
4.336 0.0723774 0.682548
4.337 0.0730418 0.664399
4.338 0.0736879 0.646085
4.339 0.0743155 0.627612
4.34 0.0749245 0.608983
4.341 0.0755147 0.590203
4.342 0.076086 0.571277
4.343 0.0766382 0.55221
4.344 0.0771712 0.533006
4.345 0.0776849 0.513671
4.346 0.0781791 0.494208
4.347 0.0786537 0.474624
4.348 0.0791086 0.454923
4.349 0.0795437 0.435109
4.35 0.0799589 0.415188
4.351 0.0803541 0.395165
4.352 0.0807291 0.375045
4.353 0.081084 0.354833
4.354 0.0814185 0.334534
4.355 0.0817327 0.314152
4.356 0.0820264 0.293694
4.357 0.0822995 0.273164
4.358 0.0825521 0.252567
4.359 0.082784 0.231909
4.36 0.0829952 0.211194
4.361 0.0831856 0.190429
4.362 0.0833552 0.169617
4.363 0.083504 0.148765
4.364 0.0836319 0.127877
4.365 0.0837388 0.106958
4.366 0.0838248 0.0860152
4.367 0.0838899 0.0650521
4.368 0.083934 0.0440744
4.369 0.0839571 0.0230874
4.37 0.0839592 0.00209626
4.371 0.0839403 -0.0188937
4.372 0.0839004 -0.0398772
4.373 0.0838395 -0.0608492
4.374 0.0837577 -0.0818042
4.375 0.083655 -0.102737
4.376 0.0835314 -0.123643
4.377 0.0833868 -0.144516
4.378 0.0832215 -0.165351
4.379 0.0830353 -0.186143
4.38 0.0828285 -0.206887
4.381 0.0826009 -0.227577
4.382 0.0823527 -0.248209
4.383 0.0820839 -0.268778
4.384 0.0817946 -0.289277
4.385 0.0814849 -0.309703
4.386 0.0811549 -0.330049
4.387 0.0808046 -0.350311
4.388 0.0804341 -0.370485
4.389 0.0800435 -0.390563
4.39 0.079633 -0.410543
4.391 0.0792025 -0.430418
4.392 0.0787524 -0.450185
4.393 0.0782825 -0.469837
4.394 0.0777932 -0.48937
4.395 0.0772844 -0.508779
4.396 0.0767563 -0.528059
4.397 0.0762091 -0.547206
4.398 0.0756429 -0.566215
4.399 0.0750578 -0.58508
4.4 0.074454 -0.603798
4.401 0.0738317 -0.622363
4.402 0.0731909 -0.640771
4.403 0.0725319 -0.659017
4.404 0.0718548 -0.677098
4.405 0.0711598 -0.695007
4.406 0.070447 -0.712742
4.407 0.0697167 -0.730296
4.408 0.0689691 -0.747667
4.409 0.0682042 -0.76485
4.41 0.0674224 -0.781839
4.411 0.0666237 -0.798632
4.412 0.0658085 -0.815224
4.413 0.0649769 -0.831611
4.414 0.0641291 -0.847789
4.415 0.0632654 -0.863754
4.416 0.0623859 -0.879501
4.417 0.0614908 -0.895027
4.418 0.0605805 -0.910328
4.419 0.0596551 -0.9254
4.42 0.0587149 -0.94024
4.421 0.05776 -0.954843
4.422 0.0567908 -0.969207
4.423 0.0558075 -0.983327
4.424 0.0548103 -0.9972
4.425 0.0537995 -1.01082
4.426 0.0527753 -1.02419
4.427 0.051738 -1.0373
4.428 0.0506878 -1.05016
4.429 0.0496251 -1.06274
4.43 0.04855 -1.07506
4.431 0.0474629 -1.08712
4.432 0.046364 -1.0989
4.433 0.0452536 -1.1104
4.434 0.044132 -1.12162
4.435 0.0429994 -1.13257
4.436 0.0418562 -1.14323
4.437 0.0407026 -1.1536
4.438 0.0395389 -1.16368
4.439 0.0383654 -1.17347
4.44 0.0371824 -1.18297
4.441 0.0359903 -1.19217
4.442 0.0347892 -1.20107
4.443 0.0335795 -1.20967
4.444 0.0323616 -1.21797
4.445 0.0311356 -1.22597
4.446 0.0299019 -1.23365
4.447 0.0286609 -1.24103
4.448 0.0274128 -1.24809
4.449 0.026158 -1.25485
4.45 0.0248967 -1.26129
4.451 0.0236293 -1.26741
4.452 0.0223561 -1.27322
4.453 0.0210774 -1.2787
4.454 0.0197935 -1.28387
4.455 0.0185048 -1.28872
4.456 0.0172115 -1.29324
4.457 0.0159141 -1.29744
4.458 0.0146128 -1.30131
4.459 0.0133079 -1.30486
4.46 0.0119998 -1.30808
4.461 0.0106889 -1.31098
4.462 0.0093753 -1.31355
4.463 0.00805952 -1.31579
4.464 0.00674182 -1.3177
4.465 0.00542255 -1.31928
4.466 0.00410202 -1.32053
4.467 0.00278057 -1.32145
4.468 0.00145854 -1.32204
4.469 0.000136245 -1.32229
4.47 -0.00118598 -1.32222
4.471 -0.0025078 -1.32182
4.472 -0.00382888 -1.32109
4.473 -0.00514891 -1.32002
4.474 -0.00646754 -1.31863
4.475 -0.00778445 -1.31691
4.476 -0.00909931 -1.31486
4.477 -0.0104118 -1.31248
4.478 -0.0117216 -1.30977
4.479 -0.0130283 -1.30673
4.48 -0.0143317 -1.30337
4.481 -0.0156313 -1.29969
4.482 -0.016927 -1.29567
4.483 -0.0182184 -1.29134
4.484 -0.019505 -1.28668
4.485 -0.0207867 -1.2817
4.486 -0.0220631 -1.2764
4.487 -0.0233339 -1.27078
4.488 -0.0245988 -1.26485
4.489 -0.0258574 -1.2586
4.49 -0.0271094 -1.25203
4.491 -0.0283546 -1.24516
4.492 -0.0295925 -1.23797
4.493 -0.030823 -1.23047
4.494 -0.0320457 -1.22267
4.495 -0.0332602 -1.21456
4.496 -0.0344664 -1.20614
4.497 -0.0356638 -1.19743
4.498 -0.0368522 -1.18842
4.499 -0.0380313 -1.17911
4.5 -0.0392008 -1.16951
4.501 -0.0403605 -1.15962
4.502 -0.0415099 -1.14943
4.503 -0.0426489 -1.13896
4.504 -0.0437771 -1.12821
4.505 -0.0448942 -1.11718
4.506 -0.0460001 -1.10586
4.507 -0.0470944 -1.09427
4.508 -0.0481768 -1.08241
4.509 -0.0492471 -1.07028
4.51 -0.050305 -1.05788
4.511 -0.0513502 -1.04522
4.512 -0.0523825 -1.0323
4.513 -0.0534016 -1.01912
4.514 -0.0544073 -1.00569
4.515 -0.0553993 -0.99201
4.516 -0.0563774 -0.978081
4.517 -0.0573413 -0.963909
4.518 -0.0582908 -0.949496
4.519 -0.0592257 -0.934848
4.52 -0.0601456 -0.919966
4.521 -0.0610505 -0.904856
4.522 -0.06194 -0.889521
4.523 -0.062814 -0.873965
4.524 -0.0636722 -0.858192
4.525 -0.0645144 -0.842205
4.526 -0.0653404 -0.826009
4.527 -0.06615 -0.809608
4.528 -0.066943 -0.793006
4.529 -0.0677192 -0.776207
4.53 -0.0684784 -0.759215
4.531 -0.0692204 -0.742034
4.532 -0.0699451 -0.72467
4.533 -0.0706522 -0.707126
4.534 -0.0713416 -0.689406
4.535 -0.0720132 -0.671515
4.536 -0.0726666 -0.653458
4.537 -0.0733018 -0.635239
4.538 -0.0739187 -0.616863
4.539 -0.074517 -0.598334
4.54 -0.0750967 -0.579657
4.541 -0.0756575 -0.560836
4.542 -0.0761994 -0.541877
4.543 -0.0767222 -0.522784
4.544 -0.0772258 -0.503562
4.545 -0.07771 -0.484215
4.546 -0.0781747 -0.464749
4.547 -0.0786199 -0.445168
4.548 -0.0790454 -0.425477
4.549 -0.0794511 -0.405682
4.55 -0.0798368 -0.385787
4.551 -0.0802026 -0.365797
4.552 -0.0805484 -0.345717
4.553 -0.0808739 -0.325552
4.554 -0.0811792 -0.305307
4.555 -0.0814642 -0.284988
4.556 -0.0817288 -0.264599
4.557 -0.0819729 -0.244146
4.558 -0.0821966 -0.223633
4.559 -0.0823996 -0.203066
4.56 -0.0825821 -0.18245
4.561 -0.0827439 -0.16179
4.562 -0.082885 -0.141091
4.563 -0.0830053 -0.120358
4.564 -0.0831049 -0.0995974
4.565 -0.0831837 -0.0788132
4.566 -0.0832418 -0.058011
4.567 -0.083279 -0.0371959
4.568 -0.0832953 -0.0163732
4.569 -0.0832909 0.00445193
4.57 -0.0832656 0.0252743
4.571 -0.0832195 0.0460887
4.572 -0.0831526 0.0668899
4.573 -0.0830649 0.0876727
4.574 -0.0829565 0.108432
4.575 -0.0828274 0.129162
4.576 -0.0826775 0.149859
4.577 -0.082507 0.170516
4.578 -0.0823158 0.191129
4.579 -0.0821042 0.211693
4.58 -0.081872 0.232202
4.581 -0.0816193 0.252652
4.582 -0.0813463 0.273036
4.583 -0.0810529 0.293351
4.584 -0.0807393 0.313591
4.585 -0.0804056 0.33375
4.586 -0.0800518 0.353825
4.587 -0.0796779 0.37381
4.588 -0.0792842 0.393699
4.589 -0.0788708 0.413489
4.59 -0.0784376 0.433173
4.591 -0.0779848 0.452748
4.592 -0.0775126 0.472208
4.593 -0.0770211 0.491549
4.594 -0.0765103 0.510765
4.595 -0.0759805 0.529851
4.596 -0.0754317 0.548804
4.597 -0.074864 0.567618
4.598 -0.0742777 0.586289
4.599 -0.0736729 0.604811
4.6 -0.0730498 0.623181
4.601 -0.0724084 0.641394
4.602 -0.0717489 0.659444
4.603 -0.0710716 0.677329
4.604 -0.0703765 0.695042
4.605 -0.069664 0.712581
4.606 -0.068934 0.72994
4.607 -0.0681869 0.747115
4.608 -0.0674228 0.764102
4.609 -0.0666419 0.780897
4.61 -0.0658444 0.797495
4.611 -0.0650305 0.813892
4.612 -0.0642004 0.830084
4.613 -0.0633544 0.846068
4.614 -0.0624925 0.861839
4.615 -0.0616151 0.877393
4.616 -0.0607224 0.892727
4.617 -0.0598146 0.907836
4.618 -0.0588919 0.922717
4.619 -0.0579545 0.937366
4.62 -0.0570027 0.95178
4.621 -0.0560368 0.965954
4.622 -0.0550569 0.979886
4.623 -0.0540633 0.993572
4.624 -0.0530563 1.00701
4.625 -0.0520361 1.02019
4.626 -0.051003 1.03312
4.627 -0.0499572 1.04579
4.628 -0.048899 1.05819
4.629 -0.0478287 1.07033
4.63 -0.0467465 1.0822
4.631 -0.0456527 1.0938
4.632 -0.0445475 1.10513
4.633 -0.0434313 1.11618
4.634 -0.0423044 1.12695
4.635 -0.041167 1.13743
4.636 -0.0400193 1.14763
4.637 -0.0388618 1.15755
4.638 -0.0376946 1.16717
4.639 -0.0365181 1.1765
4.64 -0.0353326 1.18554
4.641 -0.0341383 1.19427
4.642 -0.0329356 1.20271
4.643 -0.0317247 1.21085
4.644 -0.0305061 1.21869
4.645 -0.0292798 1.22621
4.646 -0.0280464 1.23344
4.647 -0.0268061 1.24035
4.648 -0.0255591 1.24695
4.649 -0.0243059 1.25324
4.65 -0.0230466 1.25922
4.651 -0.0217818 1.26488
4.652 -0.0205115 1.27022
4.653 -0.0192363 1.27525
4.654 -0.0179563 1.27996
4.655 -0.016672 1.28434
4.656 -0.0153836 1.28841
4.657 -0.0140914 1.29215
4.658 -0.0127959 1.29557
4.659 -0.0114972 1.29867
4.66 -0.0101958 1.30144
4.661 -0.00889189 1.30388
4.662 -0.00758589 1.306
4.663 -0.0062781 1.30779
4.664 -0.00496884 1.30926
4.665 -0.00365845 1.31039
4.666 -0.00234725 1.3112
4.667 -0.00103556 1.31169
4.668 0.000276279 1.31184
4.669 0.00158794 1.31167
4.67 0.00289911 1.31116
4.671 0.00420944 1.31033
4.672 0.00551862 1.30918
4.673 0.00682631 1.30769
4.674 0.00813219 1.30588
4.675 0.00943593 1.30374
4.676 0.0107372 1.30128
4.677 0.0120357 1.29849
4.678 0.0133311 1.29538
4.679 0.014623 1.29194
4.68 0.0159112 1.28818
4.681 0.0171953 1.2841
4.682 0.018475 1.2797
4.683 0.01975 1.27498
4.684 0.0210199 1.26994
4.685 0.0222845 1.26458
4.686 0.0235434 1.25891
4.687 0.0247964 1.25292
4.688 0.026043 1.24663
4.689 0.027283 1.24002
4.69 0.0285161 1.2331
4.691 0.029742 1.22587
4.692 0.0309603 1.21833
4.693 0.0321708 1.2105
4.694 0.0333731 1.20236
4.695 0.0345671 1.19392
4.696 0.0357522 1.18518
4.697 0.0369284 1.17615
4.698 0.0380952 1.16682
4.699 0.0392524 1.1572
4.7 0.0403997 1.1473
4.701 0.0415368 1.13711
4.702 0.0426635 1.12663
4.703 0.0437793 1.11588
4.704 0.0448842 1.10484
4.705 0.0459777 1.09353
4.706 0.0470597 1.08195
4.707 0.0481298 1.0701
4.708 0.0491877 1.05798
4.709 0.0502333 1.0456
4.71 0.0512663 1.03296
4.711 0.0522863 1.02006
4.712 0.0532932 1.0069
4.713 0.0542867 0.993501
4.714 0.0552666 0.979849
4.715 0.0562326 0.965954
4.716 0.0571844 0.951819
4.717 0.0581218 0.937447
4.718 0.0590447 0.922841
4.719 0.0599527 0.908006
4.72 0.0608456 0.892946
4.721 0.0617233 0.877663
4.722 0.0625854 0.862162
4.723 0.0634319 0.846446
4.724 0.0642624 0.830521
4.725 0.0650768 0.814389
4.726 0.0658748 0.798054
4.727 0.0666564 0.781522
4.728 0.0674212 0.764795
4.729 0.068169 0.747879
4.73 0.0688998 0.730777
4.731 0.0696133 0.713493
4.732 0.0703093 0.696033
4.733 0.0709877 0.6784
4.734 0.0716483 0.660598
4.735 0.072291 0.642634
4.736 0.0729155 0.624509
4.737 0.0735217 0.606231
4.738 0.0741095 0.587802
4.739 0.0746787 0.569227
4.74 0.0752293 0.550512
4.741 0.0757609 0.531661
4.742 0.0762736 0.512678
4.743 0.0767672 0.493568
4.744 0.0772415 0.474337
4.745 0.0776965 0.454989
4.746 0.078132 0.435528
4.747 0.078548 0.41596
4.748 0.0789443 0.39629
4.749 0.0793208 0.376522
4.75 0.0796775 0.356662
4.751 0.0800142 0.336714
4.752 0.0803309 0.316684
4.753 0.0806274 0.296576
4.754 0.0809038 0.276395
4.755 0.08116 0.256147
4.756 0.0813958 0.235837
4.757 0.0816113 0.215469
4.758 0.0818063 0.195049
4.759 0.0819809 0.174582
4.76 0.082135 0.154072
4.761 0.0822685 0.133526
4.762 0.0823815 0.112948
4.763 0.0824738 0.092344
4.764 0.0825455 0.0717182
4.765 0.0825966 0.0510761
4.766 0.082627 0.0304229
4.767 0.0826368 0.00976367
4.768 0.0826259 -0.0108963
4.769 0.0825943 -0.0315519
4.77 0.0825421 -0.052198
4.771 0.0824693 -0.0728293
4.772 0.0823759 -0.0934408
4.773 0.0822618 -0.114027
4.774 0.0821272 -0.134584
4.775 0.0819721 -0.155105
4.776 0.0817966 -0.175585
4.777 0.0816005 -0.19602
4.778 0.0813841 -0.216405
4.779 0.0811474 -0.236734
4.78 0.0808904 -0.257001
4.781 0.0806132 -0.277204
4.782 0.0803159 -0.297335
4.783 0.0799985 -0.31739
4.784 0.0796611 -0.337364
4.785 0.0793039 -0.357252
4.786 0.0789268 -0.37705
4.787 0.0785301 -0.396751
4.788 0.0781137 -0.416352
4.789 0.0776779 -0.435847
4.79 0.0772226 -0.455232
4.791 0.0767481 -0.474501
4.792 0.0762545 -0.49365
4.793 0.0757418 -0.512674
4.794 0.0752102 -0.531569
4.795 0.0746599 -0.550329
4.796 0.0740909 -0.56895
4.797 0.0735035 -0.587427
4.798 0.0728978 -0.605756
4.799 0.0722738 -0.623932
4.8 0.0716319 -0.64195
4.801 0.0709721 -0.659807
4.802 0.0702946 -0.677497
4.803 0.0695996 -0.695017
4.804 0.0688872 -0.712361
4.805 0.0681577 -0.729526
4.806 0.0674112 -0.746507
4.807 0.0666479 -0.7633
4.808 0.065868 -0.779901
4.809 0.0650717 -0.796305
4.81 0.0642592 -0.812509
4.811 0.0634306 -0.828509
4.812 0.0625863 -0.844301
4.813 0.0617265 -0.85988
4.814 0.0608512 -0.875243
4.815 0.0599608 -0.890385
4.816 0.0590555 -0.905304
4.817 0.0581355 -0.919996
4.818 0.0572011 -0.934456
4.819 0.0562524 -0.948682
4.82 0.0552897 -0.962669
4.821 0.0543133 -0.976414
4.822 0.0533234 -0.989914
4.823 0.0523202 -1.00317
4.824 0.0513041 -1.01617
4.825 0.0502752 -1.02891
4.826 0.0492338 -1.0414
4.827 0.0481801 -1.05362
4.828 0.0471146 -1.06558
4.829 0.0460373 -1.07728
4.83 0.0449486 -1.0887
4.831 0.0438487 -1.09985
4.832 0.042738 -1.11072
4.833 0.0416167 -1.12132
4.834 0.0404851 -1.13163
4.835 0.0393434 -1.14166
4.836 0.038192 -1.15141
4.837 0.0370311 -1.16086
4.838 0.0358611 -1.17003
4.839 0.0346822 -1.1789
4.84 0.0334947 -1.18748
4.841 0.032299 -1.19576
4.842 0.0310952 -1.20374
4.843 0.0298838 -1.21141
4.844 0.028665 -1.21879
4.845 0.0274392 -1.22586
4.846 0.0262065 -1.23262
4.847 0.0249675 -1.23907
4.848 0.0237223 -1.24521
4.849 0.0224712 -1.25104
4.85 0.0212147 -1.25656
4.851 0.0199529 -1.26177
4.852 0.0186862 -1.26665
4.853 0.017415 -1.27122
4.854 0.0161395 -1.27547
4.855 0.0148601 -1.27941
4.856 0.0135771 -1.28302
4.857 0.0122908 -1.28631
4.858 0.0110015 -1.28928
4.859 0.00970959 -1.29193
4.86 0.00841534 -1.29425
4.861 0.00711908 -1.29625
4.862 0.00582115 -1.29793
4.863 0.00452187 -1.29928
4.864 0.00322157 -1.30031
4.865 0.00192056 -1.30101
4.866 0.000619172 -1.30138
4.867 -0.000682263 -1.30144
4.868 -0.00198342 -1.30116
4.869 -0.00328398 -1.30056
4.87 -0.00458362 -1.29964
4.871 -0.00588201 -1.29839
4.872 -0.00717882 -1.29681
4.873 -0.00847373 -1.29491
4.874 -0.00976642 -1.29269
4.875 -0.0110566 -1.29015
4.876 -0.0123438 -1.28728
4.877 -0.0136279 -1.28409
4.878 -0.0149085 -1.28058
4.879 -0.0161853 -1.27675
4.88 -0.0174579 -1.2726
4.881 -0.018726 -1.26814
4.882 -0.0199894 -1.26335
4.883 -0.0212476 -1.25825
4.884 -0.0225005 -1.25284
4.885 -0.0237476 -1.24712
4.886 -0.0249886 -1.24108
4.887 -0.0262234 -1.23473
4.888 -0.0274515 -1.22808
4.889 -0.0286726 -1.22112
4.89 -0.0298864 -1.21385
4.891 -0.0310927 -1.20628
4.892 -0.0322911 -1.19841
4.893 -0.0334814 -1.19024
4.894 -0.0346631 -1.18178
4.895 -0.0358362 -1.17302
4.896 -0.0370001 -1.16397
4.897 -0.0381548 -1.15462
4.898 -0.0392997 -1.14499
4.899 -0.0404348 -1.13508
4.9 -0.0415597 -1.12488
4.901 -0.0426741 -1.1144
4.902 -0.0437777 -1.10364
4.903 -0.0448703 -1.09261
4.904 -0.0459516 -1.0813
4.905 -0.0470214 -1.06973
4.906 -0.0480792 -1.05788
4.907 -0.049125 -1.04578
4.908 -0.0501584 -1.03342
4.909 -0.0511792 -1.02079
4.91 -0.0521872 -1.00792
4.911 -0.0531819 -0.994789
4.912 -0.0541634 -0.981414
4.913 -0.0551312 -0.967795
4.914 -0.0560851 -0.953935
4.915 -0.0570249 -0.939837
4.916 -0.0579504 -0.925506
4.917 -0.0588614 -0.910944
4.918 -0.0597575 -0.896156
4.919 -0.0606387 -0.881145
4.92 -0.0615046 -0.865915
4.921 -0.0623551 -0.850469
4.922 -0.0631899 -0.834812
4.923 -0.0640088 -0.818948
4.924 -0.0648117 -0.80288
4.925 -0.0655983 -0.786613
4.926 -0.0663685 -0.770151
4.927 -0.067122 -0.753497
4.928 -0.0678586 -0.736656
4.929 -0.0685783 -0.719633
4.93 -0.0692807 -0.702431
4.931 -0.0699657 -0.685054
4.932 -0.0706332 -0.667508
4.933 -0.071283 -0.649796
4.934 -0.071915 -0.631924
4.935 -0.0725289 -0.613894
4.936 -0.0731246 -0.595713
4.937 -0.073702 -0.577384
4.938 -0.0742609 -0.558912
4.939 -0.0748012 -0.540303
4.94 -0.0753227 -0.521559
4.941 -0.0758254 -0.502687
4.942 -0.0763091 -0.48369
4.943 -0.0767737 -0.464574
4.944 -0.077219 -0.445343
4.945 -0.077645 -0.426003
4.946 -0.0780516 -0.406558
4.947 -0.0784386 -0.387012
4.948 -0.078806 -0.367372
4.949 -0.0791536 -0.347641
4.95 -0.0794814 -0.327825
4.951 -0.0797894 -0.307928
4.952 -0.0800773 -0.287956
4.953 -0.0803452 -0.267914
4.954 -0.080593 -0.247806
4.955 -0.0808207 -0.227638
4.956 -0.0810281 -0.207414
4.957 -0.0812152 -0.187141
4.958 -0.0813821 -0.166822
4.959 -0.0815285 -0.146463
4.96 -0.0816546 -0.126069
4.961 -0.0817602 -0.105646
4.962 -0.0818454 -0.0851971
4.963 -0.0819102 -0.064729
4.964 -0.0819544 -0.0442462
4.965 -0.0819782 -0.0237541
4.966 -0.0819814 -0.00325766
4.967 -0.0819642 0.0172379
4.968 -0.0819265 0.0377276
4.969 -0.0818682 0.0582062
4.97 -0.0817896 0.0786686
4.971 -0.0816905 0.0991097
4.972 -0.0815709 0.119524
4.973 -0.081431 0.139908
4.974 -0.0812708 0.160254
4.975 -0.0810902 0.180559
4.976 -0.0808894 0.200817
4.977 -0.0806684 0.221023
4.978 -0.0804272 0.241173
4.979 -0.0801659 0.26126
4.98 -0.0798847 0.281281
4.981 -0.0795834 0.30123
4.982 -0.0792623 0.321101
4.983 -0.0789214 0.340891
4.984 -0.0785608 0.360594
4.985 -0.0781806 0.380206
4.986 -0.0777809 0.39972
4.987 -0.0773618 0.419134
4.988 -0.0769233 0.438441
4.989 -0.0764657 0.457636
4.99 -0.075989 0.476716
4.991 -0.0754933 0.495675
4.992 -0.0749788 0.514509
4.993 -0.0744456 0.533213
4.994 -0.0738938 0.551781
4.995 -0.0733236 0.570211
4.996 -0.0727351 0.588496
4.997 -0.0721285 0.606633
4.998 -0.0715039 0.624616
4.999 -0.0708614 0.642442
